cardNumber,timestamp,amount
3820307659851859,2024-04-21T15:54:07.771Z,508.18
3589249568754350,2024-04-21T16:48:40.771Z,802.06
6361000177795595,2024-04-21T17:24:40.771Z,354.89
6706534013288847,2024-04-21T18:01:08.771Z,-494.47
5816050191711854,2024-04-21T18:08:50.771Z,-112.99
3219459079118226,2024-04-21T18:45:44.771Z,-235.12
6575315976430295,2024-04-21T20:30:11.771Z,52.99
5609879353687978,2024-04-21T20:34:58.771Z,991.74
6575315976430295,2024-04-21T22:30:08.771Z,-264.46
5581253985313232,2024-04-22T00:37:05.771Z,764.15
3589249568754350,2024-04-22T00:53:34.771Z,-18.61
3742992852195954,2024-04-22T01:04:15.771Z,-900.79
6006325963724299,2024-04-22T01:05:33.771Z,296.27
6472592460352496,2024-04-22T02:11:33.771Z,855.40
6575315976430295,2024-04-22T03:03:18.771Z,-409.75
5581253985313232,2024-04-22T03:05:08.771Z,-362.58
3537349596978716,2024-04-22T03:06:06.771Z,-373.97
3537349596978716,2024-04-22T03:09:33.771Z,756.41
5705851002586967,2024-04-22T03:25:10.771Z,674.82
6288853716425504,2024-04-22T05:05:38.771Z,-819.48
3820307659851859,2024-04-22T05:06:32.771Z,126.47
6575315976430295,2024-04-22T05:55:45.771Z,-319.80
3171948530096903,2024-04-22T06:10:18.771Z,-38.89
3037393026661280,2024-04-22T06:41:43.771Z,970.23
5816050191711854,2024-04-22T08:05:55.771Z,-399.05
6833412122497701,2024-04-22T09:26:51.771Z,-641.68
4932629994846233,2024-04-22T09:31:48.771Z,294.50
3820307659851859,2024-04-22T09:32:02.771Z,641.38
6419514998974763,2024-04-22T10:24:04.771Z,480.58
5581253985313232,2024-04-22T11:34:15.771Z,4.19
3589249568754350,2024-04-22T16:42:23.771Z,62.12
6833412122497701,2024-04-22T17:12:20.771Z,-230.31
4378233413863490,2024-04-22T17:53:51.771Z,291.59
3219459079118226,2024-04-22T19:00:37.771Z,-465.42
3404349486560448,2024-04-22T20:52:55.771Z,-490.22
5609879353687978,2024-04-22T22:06:12.771Z,978.09
6833412122497701,2024-04-22T22:10:30.771Z,-620.17
6575315976430295,2024-04-23T00:29:49.771Z,-764.32
5581253985313232,2024-04-23T02:14:39.771Z,-982.05
6218748060041639,2024-04-23T02:16:12.771Z,716.83
6437219155436606,2024-04-23T02:39:23.771Z,697.19
3537349596978716,2024-04-23T03:07:13.771Z,745.24
6437219155436606,2024-04-23T03:50:51.771Z,-758.62
6361000177795595,2024-04-23T04:25:00.771Z,404.04
3404349486560448,2024-04-23T06:17:53.771Z,-25.60
3663297678172224,2024-04-23T07:59:25.771Z,-710.90
3037393026661280,2024-04-23T08:26:39.771Z,-494.73
5997179980717501,2024-04-23T08:48:51.771Z,21.98
5926759033070471,2024-04-23T12:09:24.771Z,-237.72
4378233413863490,2024-04-23T12:11:26.771Z,-651.74
3820307659851859,2024-04-23T13:41:46.771Z,16.33
6018480886031697,2024-04-23T13:49:09.771Z,644.86
6288853716425504,2024-04-23T13:51:41.771Z,515.92
5995696966070264,2024-04-23T15:12:44.771Z,-322.77
3219459079118226,2024-04-23T16:06:10.771Z,-824.13
6006325963724299,2024-04-23T16:23:28.771Z,-701.49
6329931100465627,2024-04-23T18:18:48.771Z,229.93
6706534013288847,2024-04-23T18:44:04.771Z,-390.06
6419514998974763,2024-04-23T20:50:01.771Z,-747.42
4235973154283559,2024-04-23T21:12:36.771Z,-912.67
6575315976430295,2024-04-23T22:29:12.771Z,96.00
3339801217806434,2024-04-23T23:29:08.771Z,138.23
6564109388484184,2024-04-24T00:32:20.771Z,-968.85
5618401722389028,2024-04-24T00:56:50.771Z,-124.74
4235973154283559,2024-04-24T01:54:40.771Z,-784.16
6006325963724299,2024-04-24T02:41:19.771Z,-240.31
4726556059561949,2024-04-24T02:42:22.771Z,-447.74
3328090600295181,2024-04-24T02:57:04.771Z,568.69
5216484446506263,2024-04-24T03:58:46.771Z,-51.38
6706534013288847,2024-04-24T04:17:43.771Z,425.37
3369832681865051,2024-04-24T05:05:37.771Z,654.22
3663297678172224,2024-04-24T06:20:09.771Z,623.42
3745155717279673,2024-04-24T08:00:30.771Z,-826.31
3339801217806434,2024-04-24T09:22:39.771Z,792.82
3663297678172224,2024-04-24T10:48:43.771Z,514.49
6329931100465627,2024-04-24T10:51:45.771Z,-385.35
4210013133081688,2024-04-24T10:53:42.771Z,859.76
5092446914149764,2024-04-24T12:24:30.771Z,148.47
6657327299602346,2024-04-24T12:36:24.771Z,-316.77
5705851002586967,2024-04-24T12:51:58.771Z,-855.40
5216484446506263,2024-04-24T13:20:22.771Z,306.91
5618401722389028,2024-04-24T14:48:07.771Z,11.56
3537349596978716,2024-04-24T14:52:55.771Z,213.80
3037393026661280,2024-04-24T15:51:56.771Z,916.15
5926759033070471,2024-04-24T16:55:18.771Z,395.65
3820307659851859,2024-04-24T17:16:01.771Z,-905.25
6833412122497701,2024-04-24T17:28:17.771Z,-835.77
6329931100465627,2024-04-24T17:40:23.771Z,323.17
5581253985313232,2024-04-24T17:47:35.771Z,47.92
6564109388484184,2024-04-24T17:47:36.771Z,893.66
4210013133081688,2024-04-24T18:38:06.771Z,357.35
5618401722389028,2024-04-24T18:46:51.771Z,-774.99
3089689896090797,2024-04-24T21:31:15.771Z,-153.58
5581253985313232,2024-04-24T22:06:50.771Z,-17.07
4210013133081688,2024-04-24T22:29:45.771Z,342.26
3589249568754350,2024-04-25T01:14:06.771Z,434.34
3578813208959317,2024-04-25T01:17:31.771Z,-2.57
5816050191711854,2024-04-25T01:34:29.771Z,843.42
6706534013288847,2024-04-25T05:46:00.771Z,739.74
6437219155436606,2024-04-25T06:32:41.771Z,786.11
3339801217806434,2024-04-25T06:47:44.771Z,-939.41
6218748060041639,2024-04-25T07:25:13.771Z,-472.96
5216484446506263,2024-04-25T08:03:42.771Z,-180.57
6329931100465627,2024-04-25T08:49:41.771Z,106.83
5995696966070264,2024-04-25T10:25:54.771Z,-912.97
6419514998974763,2024-04-25T11:23:17.771Z,-958.16
5705851002586967,2024-04-25T13:21:53.771Z,-921.59
6288853716425504,2024-04-25T14:38:26.771Z,178.63
4932629994846233,2024-04-25T15:36:20.771Z,376.92
3820307659851859,2024-04-25T15:37:20.771Z,802.05
4024012623842318,2024-04-25T15:55:59.771Z,-521.75
6564109388484184,2024-04-25T16:13:34.771Z,-752.27
6714744990978278,2024-04-25T16:36:30.759Z,491.31
6714744990978278,2024-04-25T16:36:30.759Z,491.31
6714744990978278,2024-04-25T16:36:30.759Z,491.31
3328090600295181,2024-04-25T16:55:15.771Z,327.87
5581253985313232,2024-04-25T17:22:39.771Z,-879.68
3369832681865051,2024-04-25T17:55:14.771Z,-758.02
6006325963724299,2024-04-25T18:39:49.771Z,-101.88
4378233413863490,2024-04-25T19:47:00.771Z,988.04
3820307659851859,2024-04-25T19:47:46.771Z,525.66
6575315976430295,2024-04-25T20:19:28.771Z,799.79
5926759033070471,2024-04-25T20:46:12.771Z,2.51
6288853716425504,2024-04-25T23:24:52.771Z,255.34
4235973154283559,2024-04-25T23:33:06.771Z,66.82
3589249568754350,2024-04-25T23:44:06.771Z,-764.02
6218748060041639,2024-04-26T00:13:46.771Z,-346.74
4235973154283559,2024-04-26T00:32:19.771Z,352.73
4378233413863490,2024-04-26T01:00:26.771Z,-54.71
4378233413863490,2024-04-26T01:51:52.771Z,830.49
3618845513520900,2024-04-26T02:20:05.771Z,218.17
5997179980717501,2024-04-26T05:44:27.771Z,642.86
3578813208959317,2024-04-26T06:28:17.771Z,188.18
4726556059561949,2024-04-26T06:40:21.771Z,955.46
3339801217806434,2024-04-26T08:55:50.771Z,-709.24
6006325963724299,2024-04-26T09:09:19.771Z,-528.11
3369832681865051,2024-04-26T09:17:11.771Z,605.55
3537349596978716,2024-04-26T10:03:41.771Z,-274.63
5216484446506263,2024-04-26T10:06:13.771Z,340.90
3037393026661280,2024-04-26T10:11:07.771Z,175.47
4024012623842318,2024-04-26T10:56:34.771Z,308.40
5609879353687978,2024-04-26T11:28:12.771Z,30.64
4210013133081688,2024-04-26T12:10:26.771Z,-227.77
3663297678172224,2024-04-26T15:21:09.771Z,-642.68
5581253985313232,2024-04-26T15:21:33.771Z,546.35
5705851002586967,2024-04-26T16:16:21.771Z,-6.56
6218748060041639,2024-04-26T17:00:30.771Z,-373.79
3578813208959317,2024-04-26T18:13:18.771Z,122.47
5926759033070471,2024-04-26T19:14:52.771Z,-146.63
5997179980717501,2024-04-26T19:26:57.771Z,-977.79
6288853716425504,2024-04-26T19:41:56.771Z,803.17
6018480886031697,2024-04-26T19:48:44.771Z,-200.80
3690769043359511,2024-04-26T20:09:00.771Z,-415.77
5609879353687978,2024-04-26T20:10:31.771Z,-993.20
4726556059561949,2024-04-26T20:28:06.771Z,355.74
5618401722389028,2024-04-26T21:27:35.771Z,-326.34
6472592460352496,2024-04-26T21:49:50.771Z,-354.36
6734576552114648,2024-04-26T22:00:26.771Z,526.58
5926759033070471,2024-04-26T23:10:18.771Z,36.04
5816050191711854,2024-04-26T23:48:47.771Z,-319.73
5091360375658474,2024-04-27T01:02:20.771Z,-57.41
4932629994846233,2024-04-27T01:31:52.771Z,-694.94
3745155717279673,2024-04-27T01:37:06.771Z,-68.49
3369832681865051,2024-04-27T02:01:18.771Z,-688.11
4234709814496996,2024-04-27T02:16:34.771Z,678.18
6734576552114648,2024-04-27T02:23:38.771Z,801.80
5618401722389028,2024-04-27T04:04:44.771Z,722.21
4210013133081688,2024-04-27T05:54:28.771Z,-606.38
6329931100465627,2024-04-27T14:08:09.771Z,-716.04
6437219155436606,2024-04-27T14:56:48.771Z,850.21
5609879353687978,2024-04-27T15:57:16.771Z,-908.31
5581253985313232,2024-04-27T16:36:47.771Z,143.26
6657327299602346,2024-04-27T17:27:08.771Z,-301.74
6288853716425504,2024-04-27T17:47:55.771Z,252.04
6575315976430295,2024-04-27T20:35:37.771Z,-744.30
3618845513520900,2024-04-27T20:49:58.771Z,375.33
6218748060041639,2024-04-27T20:59:36.771Z,251.40
6329931100465627,2024-04-27T21:31:12.771Z,685.75
6006325963724299,2024-04-27T22:44:08.771Z,-511.38
6564109388484184,2024-04-27T22:59:26.771Z,-886.61
6575315976430295,2024-04-27T23:27:40.771Z,248.85
3404349486560448,2024-04-28T00:39:38.771Z,798.08
6472592460352496,2024-04-28T01:42:14.771Z,239.53
6437219155436606,2024-04-28T03:06:21.771Z,39.55
6564109388484184,2024-04-28T03:26:55.771Z,959.96
4234709814496996,2024-04-28T03:40:50.771Z,437.67
5816050191711854,2024-04-28T03:45:44.771Z,-591.75
6564109388484184,2024-04-28T04:15:39.771Z,-627.15
4378233413863490,2024-04-28T05:41:43.771Z,-928.50
4726556059561949,2024-04-28T07:41:00.771Z,-286.14
6657327299602346,2024-04-28T07:44:23.771Z,235.18
3618845513520900,2024-04-28T09:46:32.771Z,-464.86
3618845513520900,2024-04-28T10:14:19.771Z,127.64
4726556059561949,2024-04-28T10:51:33.771Z,592.85
3369832681865051,2024-04-28T11:10:15.771Z,-673.15
4234709814496996,2024-04-28T11:35:40.771Z,539.21
5581253985313232,2024-04-28T12:01:25.771Z,143.50
3578813208959317,2024-04-28T12:03:26.771Z,-849.78
4267628872390355,2024-04-28T13:24:59.759Z,399.06
4267628872390355,2024-04-28T13:24:59.759Z,399.06
4267628872390355,2024-04-28T13:24:59.759Z,399.06
3369832681865051,2024-04-28T13:58:51.771Z,-614.75
4235973154283559,2024-04-28T15:39:28.771Z,-390.68
4726556059561949,2024-04-28T16:17:43.771Z,-706.30
6564109388484184,2024-04-28T17:18:57.771Z,328.48
6575315976430295,2024-04-28T18:15:44.771Z,-313.19
5216484446506263,2024-04-28T18:21:11.771Z,451.99
5609879353687978,2024-04-28T20:02:22.771Z,438.76
5997179980717501,2024-04-28T20:08:17.771Z,263.47
3618845513520900,2024-04-28T21:14:16.771Z,117.97
3328090600295181,2024-04-28T22:04:21.771Z,927.79
4210013133081688,2024-04-28T22:16:22.771Z,-383.84
3037393026661280,2024-04-28T22:57:18.771Z,-371.27
3618845513520900,2024-04-28T23:58:24.771Z,-274.02
6575315976430295,2024-04-29T00:26:34.771Z,-474.60
3404349486560448,2024-04-29T01:36:58.771Z,344.57
3404349486560448,2024-04-29T02:19:51.771Z,-601.51
3404349486560448,2024-04-29T02:30:30.771Z,-77.23
6329931100465627,2024-04-29T04:29:08.771Z,140.71
5091360375658474,2024-04-29T04:33:46.771Z,710.03
5618401722389028,2024-04-29T05:01:51.771Z,-963.63
4234709814496996,2024-04-29T05:13:07.771Z,-553.68
3328090600295181,2024-04-29T08:50:11.771Z,690.65
5216484446506263,2024-04-29T09:33:38.771Z,813.52
5997179980717501,2024-04-29T10:58:47.771Z,674.60
3339801217806434,2024-04-29T11:18:33.771Z,-913.42
5216484446506263,2024-04-29T12:03:03.771Z,-980.92
3820307659851859,2024-04-29T14:11:11.771Z,-78.66
5092446914149764,2024-04-29T16:07:57.771Z,357.25
6329931100465627,2024-04-29T17:28:09.771Z,-960.19
4024012623842318,2024-04-29T18:20:26.771Z,514.61
3578813208959317,2024-04-29T19:17:15.771Z,682.15
3219459079118226,2024-04-29T20:03:59.771Z,466.04
6018480886031697,2024-04-29T21:32:58.771Z,36.88
3089689896090797,2024-04-29T21:46:23.771Z,30.13
6833412122497701,2024-04-29T22:20:53.771Z,316.33
4378233413863490,2024-04-29T22:39:47.771Z,366.30
3037393026661280,2024-04-29T23:16:57.771Z,-95.87
3742992852195954,2024-04-30T00:22:46.771Z,-850.70
3820307659851859,2024-04-30T00:43:27.771Z,121.55
3089689896090797,2024-04-30T01:25:09.771Z,99.67
6419514998974763,2024-04-30T03:03:41.771Z,667.06
6734576552114648,2024-04-30T07:16:34.771Z,-840.43
3742992852195954,2024-04-30T09:25:30.771Z,-582.23
5816050191711854,2024-04-30T10:24:01.771Z,-699.73
6564109388484184,2024-04-30T12:38:10.771Z,-936.82
3663297678172224,2024-04-30T14:11:51.771Z,215.66
6833412122497701,2024-04-30T14:52:44.771Z,-351.15
5997179980717501,2024-04-30T15:41:42.771Z,-320.07
3219459079118226,2024-04-30T15:57:39.771Z,-711.86
5609879353687978,2024-04-30T16:10:48.771Z,364.43
5609879353687978,2024-04-30T16:25:50.771Z,868.69
6361000177795595,2024-04-30T18:13:11.771Z,-11.72
3037393026661280,2024-04-30T18:14:28.771Z,-170.35
6437219155436606,2024-04-30T19:23:27.771Z,-476.69
3663297678172224,2024-04-30T20:04:29.771Z,909.34
3589249568754350,2024-04-30T20:43:52.771Z,262.88
3089689896090797,2024-04-30T22:24:55.771Z,-233.33
6218748060041639,2024-04-30T22:30:28.771Z,112.76
5995696966070264,2024-05-01T00:06:28.771Z,-892.29
3171948530096903,2024-05-01T00:28:33.771Z,-396.43
6833412122497701,2024-05-01T01:43:25.771Z,77.88
5705851002586967,2024-05-01T02:17:49.771Z,-294.51
5997179980717501,2024-05-01T03:40:52.771Z,-107.75
3663297678172224,2024-05-01T03:45:02.771Z,919.72
5997179980717501,2024-05-01T04:02:56.771Z,441.95
6575315976430295,2024-05-01T04:43:29.771Z,519.60
5609879353687978,2024-05-01T05:56:12.771Z,-151.92
6706534013288847,2024-05-01T06:22:54.771Z,-430.95
6734576552114648,2024-05-01T08:49:47.771Z,-506.20
4726556059561949,2024-05-01T09:01:58.771Z,341.03
3820307659851859,2024-05-01T09:27:30.771Z,34.15
6657327299602346,2024-05-01T10:27:59.771Z,-770.18
6288853716425504,2024-05-01T12:13:32.771Z,-650.87
3219459079118226,2024-05-01T12:27:57.771Z,901.61
6706534013288847,2024-05-01T12:40:33.771Z,-400.63
4378233413863490,2024-05-01T13:21:36.771Z,-331.09
6437219155436606,2024-05-01T14:09:05.771Z,-860.80
3690769043359511,2024-05-01T15:38:37.771Z,-711.58
3339801217806434,2024-05-01T15:59:52.771Z,-616.05
3618845513520900,2024-05-01T17:30:59.771Z,-634.94
6419514998974763,2024-05-01T17:57:40.771Z,-101.97
5995696966070264,2024-05-01T18:29:28.771Z,-643.51
4378233413863490,2024-05-01T19:06:30.771Z,-229.40
6419514998974763,2024-05-01T20:46:30.771Z,-710.17
6361000177795595,2024-05-01T20:47:18.771Z,564.52
3745155717279673,2024-05-01T21:07:06.771Z,-467.90
5618401722389028,2024-05-01T21:10:53.771Z,197.53
3537349596978716,2024-05-01T22:33:02.771Z,-832.11
6472592460352496,2024-05-01T22:54:02.771Z,753.34
3037393026661280,2024-05-01T23:06:43.771Z,305.15
5995696966070264,2024-05-01T23:20:40.771Z,-978.14
6329931100465627,2024-05-01T23:22:47.771Z,798.98
4024012623842318,2024-05-01T23:24:35.771Z,571.31
3219459079118226,2024-05-01T23:35:12.771Z,-823.29
4234709814496996,2024-05-01T23:42:03.771Z,-14.47
6419514998974763,2024-05-02T00:28:48.771Z,211.22
5926759033070471,2024-05-02T00:50:40.771Z,99.25
5816050191711854,2024-05-02T01:01:31.771Z,32.30
5216484446506263,2024-05-02T01:30:26.771Z,486.74
3037393026661280,2024-05-02T02:28:37.771Z,-38.52
5926759033070471,2024-05-02T03:21:00.771Z,204.70
3537349596978716,2024-05-02T03:55:00.771Z,-953.11
3820307659851859,2024-05-02T04:03:34.771Z,-728.43
5816050191711854,2024-05-02T05:34:34.771Z,-79.48
3618845513520900,2024-05-02T06:06:58.771Z,-478.90
6361000177795595,2024-05-02T07:50:03.771Z,978.08
6288853716425504,2024-05-02T09:09:26.771Z,488.98
3745155717279673,2024-05-02T09:49:08.771Z,-285.60
6218748060041639,2024-05-02T09:58:02.771Z,-332.54
6564109388484184,2024-05-02T11:29:54.771Z,55.38
6437219155436606,2024-05-02T12:22:35.771Z,-153.66
6472592460352496,2024-05-02T12:30:50.771Z,-810.91
6361000177795595,2024-05-02T14:15:32.771Z,394.31
3037393026661280,2024-05-02T14:59:27.771Z,883.01
3089689896090797,2024-05-02T15:09:54.771Z,-343.99
3404349486560448,2024-05-02T15:16:09.771Z,925.85
3369832681865051,2024-05-02T15:58:16.771Z,-335.90
6006325963724299,2024-05-02T17:53:16.771Z,-144.86
3037393026661280,2024-05-02T19:13:07.771Z,-338.13
4024012623842318,2024-05-02T20:08:50.771Z,725.13
3618845513520900,2024-05-02T20:18:07.771Z,540.62
3037393026661280,2024-05-02T22:22:13.771Z,997.32
6714744990978278,2024-05-02T22:24:47.759Z,-412.17
6714744990978278,2024-05-02T22:24:47.759Z,-412.17
6714744990978278,2024-05-02T22:24:47.759Z,-412.17
6472592460352496,2024-05-02T22:33:55.771Z,819.09
3404349486560448,2024-05-02T23:03:24.771Z,-729.02
4024012623842318,2024-05-02T23:38:54.771Z,433.62
3219459079118226,2024-05-02T23:40:16.771Z,-435.41
5091360375658474,2024-05-03T02:19:36.771Z,-262.03
3339801217806434,2024-05-03T02:38:54.771Z,610.94
3690769043359511,2024-05-03T02:57:09.771Z,-953.48
6437219155436606,2024-05-03T04:30:47.771Z,156.86
5926759033070471,2024-05-03T04:37:22.771Z,-708.36
6329931100465627,2024-05-03T04:37:32.771Z,813.92
3369832681865051,2024-05-03T05:46:37.771Z,-445.81
5216484446506263,2024-05-03T07:05:03.771Z,-702.66
6472592460352496,2024-05-03T07:25:56.771Z,-485.79
5618401722389028,2024-05-03T07:37:36.771Z,469.47
3663297678172224,2024-05-03T08:05:29.771Z,-720.70
6329931100465627,2024-05-03T08:59:25.771Z,-283.13
5926759033070471,2024-05-03T09:37:29.771Z,-339.47
6006325963724299,2024-05-03T09:46:28.771Z,269.03
3690769043359511,2024-05-03T10:01:58.771Z,-118.80
6361000177795595,2024-05-03T10:24:18.771Z,-760.92
3745155717279673,2024-05-03T10:28:01.771Z,308.36
5816050191711854,2024-05-03T11:53:31.771Z,409.41
6419514998974763,2024-05-03T12:11:08.771Z,741.77
6833412122497701,2024-05-03T12:41:08.771Z,487.95
6564109388484184,2024-05-03T13:40:49.771Z,188.41
3339801217806434,2024-05-03T13:43:33.771Z,-311.35
4234709814496996,2024-05-03T13:57:01.771Z,-424.91
3742992852195954,2024-05-03T14:02:07.771Z,475.28
3742992852195954,2024-05-03T15:02:09.771Z,67.64
6575315976430295,2024-05-03T16:24:25.771Z,321.48
3618845513520900,2024-05-03T16:39:26.771Z,-97.32
3339801217806434,2024-05-03T16:53:05.771Z,861.44
6018480886031697,2024-05-03T19:15:41.771Z,852.78
5581253985313232,2024-05-03T19:57:01.771Z,-180.46
6437219155436606,2024-05-03T21:14:56.771Z,201.71
3742992852195954,2024-05-03T23:39:25.771Z,823.53
6564109388484184,2024-05-04T01:20:52.771Z,337.89
4726556059561949,2024-05-04T01:32:00.771Z,595.58
6657327299602346,2024-05-04T02:04:07.771Z,-114.98
6564109388484184,2024-05-04T03:16:14.771Z,-350.04
4210013133081688,2024-05-04T03:42:31.771Z,567.35
5705851002586967,2024-05-04T03:59:34.771Z,459.04
4024012623842318,2024-05-04T04:07:53.771Z,-205.63
3328090600295181,2024-05-04T04:57:43.771Z,-673.38
6361000177795595,2024-05-04T06:01:55.771Z,409.79
5609879353687978,2024-05-04T06:14:03.771Z,4.94
6329931100465627,2024-05-04T07:04:19.771Z,734.57
5091360375658474,2024-05-04T07:37:09.771Z,-302.44
3820307659851859,2024-05-04T07:58:27.771Z,-569.45
5216484446506263,2024-05-04T08:15:56.771Z,402.29
6833412122497701,2024-05-04T08:37:29.771Z,312.25
3336208249795480,2024-05-04T08:37:51.759Z,103.64
3336208249795480,2024-05-04T08:37:51.759Z,103.64
3336208249795480,2024-05-04T08:37:51.759Z,103.64
6018480886031697,2024-05-04T09:01:46.771Z,-773.43
3742992852195954,2024-05-04T09:31:49.771Z,-302.18
6361000177795595,2024-05-04T10:55:20.771Z,991.14
6472592460352496,2024-05-04T12:13:55.771Z,-821.38
5926759033070471,2024-05-04T12:29:01.771Z,23.34
3618845513520900,2024-05-04T14:56:49.771Z,500.85
6419514998974763,2024-05-04T15:52:12.771Z,-847.38
3339801217806434,2024-05-04T15:53:26.771Z,618.82
4726556059561949,2024-05-04T16:10:06.771Z,556.73
3328090600295181,2024-05-04T16:17:57.771Z,-276.84
5995696966070264,2024-05-04T16:46:58.771Z,873.32
3328090600295181,2024-05-04T17:17:41.771Z,-974.10
6419514998974763,2024-05-04T17:29:01.771Z,374.93
3618845513520900,2024-05-04T17:44:25.771Z,-66.75
6329931100465627,2024-05-04T17:56:08.771Z,359.65
3037393026661280,2024-05-04T20:39:24.771Z,-15.68
6575315976430295,2024-05-04T21:38:27.771Z,754.19
3219459079118226,2024-05-04T22:39:54.771Z,-565.21
5926759033070471,2024-05-04T22:47:07.771Z,-689.23
3404349486560448,2024-05-04T22:54:57.771Z,207.07
5609879353687978,2024-05-04T23:14:40.771Z,214.38
5995696966070264,2024-05-05T01:39:38.771Z,969.38
6361000177795595,2024-05-05T01:55:42.771Z,180.81
3089689896090797,2024-05-05T03:02:29.771Z,-825.15
3618845513520900,2024-05-05T03:08:59.771Z,950.93
6657327299602346,2024-05-05T03:41:01.771Z,990.30
5092446914149764,2024-05-05T03:41:36.771Z,-898.59
3328090600295181,2024-05-05T03:50:10.771Z,-984.05
4024012623842318,2024-05-05T03:58:10.771Z,203.02
6657327299602346,2024-05-05T04:05:15.771Z,381.16
6734576552114648,2024-05-05T04:17:37.771Z,975.67
5609879353687978,2024-05-05T04:22:50.771Z,-52.17
6564109388484184,2024-05-05T04:49:00.771Z,488.76
6419514998974763,2024-05-05T06:27:48.771Z,-405.01
3369832681865051,2024-05-05T07:24:51.771Z,794.56
3404349486560448,2024-05-05T07:38:50.771Z,983.93
3690769043359511,2024-05-05T09:06:29.771Z,663.41
5926759033070471,2024-05-05T09:51:29.771Z,-873.73
4932629994846233,2024-05-05T09:52:09.771Z,404.89
3219459079118226,2024-05-05T09:53:00.771Z,681.24
5926759033070471,2024-05-05T11:02:29.771Z,447.37
6006325963724299,2024-05-05T11:48:38.771Z,-425.30
3037393026661280,2024-05-05T12:45:41.771Z,250.10
6329931100465627,2024-05-05T12:57:48.771Z,139.83
6575315976430295,2024-05-05T14:29:45.771Z,417.16
6657327299602346,2024-05-05T17:15:51.771Z,-981.30
3404349486560448,2024-05-05T18:36:42.771Z,277.35
5092446914149764,2024-05-05T18:46:56.771Z,615.07
5705851002586967,2024-05-05T19:19:03.771Z,144.30
4024012623842318,2024-05-05T19:31:18.771Z,602.39
6575315976430295,2024-05-05T19:50:05.771Z,-906.19
6329931100465627,2024-05-05T20:11:18.771Z,-644.15
6734576552114648,2024-05-05T21:04:24.771Z,179.11
5618401722389028,2024-05-05T22:32:33.771Z,67.89
4234709814496996,2024-05-05T23:21:06.771Z,-969.79
3618845513520900,2024-05-06T00:47:05.771Z,-565.89
5816050191711854,2024-05-06T01:32:57.771Z,440.34
4024012623842318,2024-05-06T01:37:36.771Z,-990.27
5609879353687978,2024-05-06T01:52:08.771Z,69.61
5995696966070264,2024-05-06T01:58:35.771Z,143.03
5997179980717501,2024-05-06T02:16:24.771Z,-164.90
4024012623842318,2024-05-06T03:05:15.771Z,219.41
5926759033070471,2024-05-06T03:10:50.771Z,-379.43
4210013133081688,2024-05-06T04:28:58.771Z,-704.66
4378233413863490,2024-05-06T05:27:13.771Z,607.29
3339801217806434,2024-05-06T05:51:41.771Z,-307.97
5609879353687978,2024-05-06T06:08:29.771Z,821.54
5705851002586967,2024-05-06T07:37:16.771Z,-852.36
5705851002586967,2024-05-06T08:17:46.771Z,38.60
4024012623842318,2024-05-06T08:33:40.771Z,-438.80
3037393026661280,2024-05-06T09:07:27.771Z,-362.83
3339801217806434,2024-05-06T09:18:50.771Z,-760.30
4210013133081688,2024-05-06T09:47:30.771Z,922.95
3745155717279673,2024-05-06T11:30:35.771Z,499.75
6288853716425504,2024-05-06T11:45:35.771Z,988.40
5581253985313232,2024-05-06T12:11:13.771Z,441.50
5581253985313232,2024-05-06T13:08:32.771Z,219.68
3404349486560448,2024-05-06T13:46:25.771Z,567.49
6734576552114648,2024-05-06T15:50:22.771Z,-297.07
3328090600295181,2024-05-06T15:51:09.771Z,918.35
4932629994846233,2024-05-06T16:29:43.771Z,-744.69
3537349596978716,2024-05-06T16:39:26.771Z,587.70
6437219155436606,2024-05-06T18:27:02.771Z,-240.62
5816050191711854,2024-05-06T18:29:47.771Z,-890.50
5216484446506263,2024-05-06T20:51:40.771Z,-597.87
3589249568754350,2024-05-06T21:04:05.771Z,-755.41
3339801217806434,2024-05-06T21:06:20.771Z,-114.27
5216484446506263,2024-05-06T22:49:23.771Z,-823.92
6288853716425504,2024-05-07T00:55:15.771Z,621.08
3820307659851859,2024-05-07T02:43:18.771Z,153.57
6437219155436606,2024-05-07T03:27:48.771Z,-514.04
6734576552114648,2024-05-07T04:03:12.771Z,-712.54
4235973154283559,2024-05-07T04:38:41.771Z,74.85
3745155717279673,2024-05-07T05:28:05.771Z,-767.38
5609879353687978,2024-05-07T08:50:30.771Z,-244.03
6361000177795595,2024-05-07T08:54:30.771Z,725.55
3369832681865051,2024-05-07T09:47:52.771Z,-60.34
3820307659851859,2024-05-07T12:16:02.771Z,885.66
5092446914149764,2024-05-07T13:12:02.771Z,-38.46
4378233413863490,2024-05-07T14:18:18.771Z,353.12
5926759033070471,2024-05-07T14:51:13.771Z,-64.56
6018480886031697,2024-05-07T15:22:43.771Z,-156.81
6419514998974763,2024-05-07T16:07:05.771Z,-343.03
6288853716425504,2024-05-07T16:10:15.771Z,-405.79
6833412122497701,2024-05-07T16:14:33.771Z,-520.92
3369832681865051,2024-05-07T17:08:36.771Z,-711.78
4932629994846233,2024-05-07T17:13:56.771Z,-409.08
5926759033070471,2024-05-07T17:54:34.771Z,-867.25
4024012623842318,2024-05-07T18:28:15.771Z,239.77
3369832681865051,2024-05-07T20:27:31.771Z,463.69
3820307659851859,2024-05-07T21:00:21.771Z,-689.02
5091360375658474,2024-05-07T21:14:31.771Z,161.74
3328090600295181,2024-05-07T21:34:54.771Z,678.33
6361000177795595,2024-05-07T22:38:10.771Z,467.31
4235973154283559,2024-05-07T23:50:55.771Z,906.17
6361000177795595,2024-05-08T00:04:31.771Z,-716.03
6006325963724299,2024-05-08T01:58:11.771Z,-596.00
3037393026661280,2024-05-08T02:02:56.771Z,518.16
6288853716425504,2024-05-08T03:18:45.771Z,-189.22
3219459079118226,2024-05-08T03:30:00.771Z,321.96
5092446914149764,2024-05-08T03:33:47.771Z,-244.79
5581253985313232,2024-05-08T03:59:32.771Z,-438.73
3618845513520900,2024-05-08T04:36:50.771Z,-777.98
3537349596978716,2024-05-08T04:59:27.771Z,-507.61
3037393026661280,2024-05-08T05:19:25.771Z,-695.26
5092446914149764,2024-05-08T05:24:58.771Z,-846.25
3820307659851859,2024-05-08T06:46:54.771Z,-552.15
4235973154283559,2024-05-08T07:04:19.771Z,963.27
3820307659851859,2024-05-08T09:33:51.771Z,-453.41
5091360375658474,2024-05-08T10:17:38.771Z,-124.53
4024012623842318,2024-05-08T11:04:12.771Z,-281.71
3089689896090797,2024-05-08T11:58:27.771Z,676.00
4235973154283559,2024-05-08T12:06:02.771Z,622.40
4726556059561949,2024-05-08T13:08:35.771Z,898.49
6833412122497701,2024-05-08T14:03:19.771Z,755.44
3663297678172224,2024-05-08T15:01:46.771Z,-592.18
3537349596978716,2024-05-08T15:01:59.771Z,-218.45
6218748060041639,2024-05-08T15:06:03.771Z,-979.87
6472592460352496,2024-05-08T15:23:22.771Z,929.41
5995696966070264,2024-05-08T16:34:26.771Z,-336.21
5995696966070264,2024-05-08T16:47:27.771Z,268.56
6833412122497701,2024-05-08T16:47:41.771Z,-446.29
5816050191711854,2024-05-08T17:09:27.771Z,-940.98
5618401722389028,2024-05-08T17:36:48.771Z,-957.85
5926759033070471,2024-05-08T17:53:21.771Z,-706.80
5091360375658474,2024-05-08T18:08:14.771Z,573.05
3537349596978716,2024-05-08T18:42:01.771Z,523.37
5581253985313232,2024-05-08T18:42:02.771Z,1.57
4235973154283559,2024-05-08T19:37:40.771Z,164.82
5092446914149764,2024-05-08T19:51:52.771Z,-411.90
5609879353687978,2024-05-08T21:47:38.771Z,-107.11
5216484446506263,2024-05-08T22:41:45.771Z,-585.47
6575315976430295,2024-05-08T23:00:43.771Z,-810.12
5926759033070471,2024-05-08T23:10:35.771Z,77.94
5705851002586967,2024-05-08T23:43:22.771Z,594.08
3690769043359511,2024-05-08T23:43:43.771Z,452.41
3369832681865051,2024-05-08T23:47:14.771Z,-164.55
4932629994846233,2024-05-09T01:24:37.771Z,-175.46
6657327299602346,2024-05-09T02:20:04.771Z,-252.58
3328090600295181,2024-05-09T02:24:32.771Z,-108.10
3328090600295181,2024-05-09T02:57:44.771Z,71.52
4726556059561949,2024-05-09T03:26:06.771Z,-177.01
6329931100465627,2024-05-09T03:53:29.771Z,212.70
3219459079118226,2024-05-09T04:44:57.771Z,446.46
4024012623842318,2024-05-09T04:58:00.771Z,430.62
5705851002586967,2024-05-09T05:19:33.771Z,817.33
3219459079118226,2024-05-09T06:22:54.771Z,-740.65
5609879353687978,2024-05-09T09:55:49.771Z,551.00
4932629994846233,2024-05-09T10:38:17.771Z,-839.45
4234709814496996,2024-05-09T10:54:17.771Z,171.81
3618845513520900,2024-05-09T12:15:54.771Z,28.26
6018480886031697,2024-05-09T14:35:18.771Z,767.20
3328090600295181,2024-05-09T16:50:44.771Z,-371.51
5926759033070471,2024-05-09T17:03:57.771Z,972.10
3404349486560448,2024-05-09T18:30:28.771Z,-803.16
3663297678172224,2024-05-09T19:03:35.771Z,54.90
3820307659851859,2024-05-09T19:07:49.771Z,950.37
5091360375658474,2024-05-09T19:14:06.771Z,-732.75
5705851002586967,2024-05-09T20:50:19.771Z,-248.43
6218748060041639,2024-05-09T21:26:05.771Z,-734.44
5816050191711854,2024-05-09T22:16:00.771Z,514.10
5091360375658474,2024-05-09T22:56:40.771Z,-194.19
6706534013288847,2024-05-09T23:23:35.771Z,-864.98
5609879353687978,2024-05-09T23:53:55.771Z,-765.33
6657327299602346,2024-05-10T01:04:23.771Z,287.38
6437219155436606,2024-05-10T02:21:03.771Z,164.39
5816050191711854,2024-05-10T03:37:30.771Z,592.75
6564109388484184,2024-05-10T04:35:12.771Z,521.33
5581253985313232,2024-05-10T05:47:17.771Z,-459.02
3663297678172224,2024-05-10T06:30:48.771Z,631.94
6472592460352496,2024-05-10T06:37:32.771Z,425.75
4210013133081688,2024-05-10T07:13:31.771Z,-958.48
3618845513520900,2024-05-10T08:35:43.771Z,732.90
6288853716425504,2024-05-10T09:34:45.771Z,806.26
5995696966070264,2024-05-10T11:19:08.771Z,125.88
3745155717279673,2024-05-10T11:19:26.771Z,-991.25
6657327299602346,2024-05-10T12:10:33.771Z,695.62
6419514998974763,2024-05-10T12:36:04.771Z,502.57
5997179980717501,2024-05-10T13:47:44.771Z,223.16
6833412122497701,2024-05-10T14:57:24.771Z,949.63
4234709814496996,2024-05-10T15:26:59.771Z,-20.64
5995696966070264,2024-05-10T17:03:32.771Z,-783.94
6833412122497701,2024-05-10T17:04:06.771Z,-883.27
3219459079118226,2024-05-10T17:44:55.771Z,-295.60
6218748060041639,2024-05-10T17:51:39.771Z,-801.05
6329931100465627,2024-05-10T18:49:35.771Z,459.41
3820307659851859,2024-05-10T19:02:25.771Z,-384.74
6006325963724299,2024-05-10T19:20:19.771Z,-580.23
4726556059561949,2024-05-10T20:49:09.771Z,-411.64
5816050191711854,2024-05-10T21:14:38.771Z,954.66
6018480886031697,2024-05-10T22:09:45.771Z,-500.47
3369832681865051,2024-05-10T22:42:51.771Z,-828.06
3328090600295181,2024-05-10T22:53:18.771Z,405.06
5705851002586967,2024-05-10T23:27:43.771Z,280.53
3328090600295181,2024-05-11T01:22:58.771Z,223.07
6575315976430295,2024-05-11T01:40:48.771Z,719.55
5609879353687978,2024-05-11T02:26:20.771Z,-634.60
6419514998974763,2024-05-11T03:03:39.771Z,-726.84
4234709814496996,2024-05-11T03:22:50.771Z,802.72
6575315976430295,2024-05-11T04:26:34.771Z,957.58
5816050191711854,2024-05-11T04:43:53.771Z,805.40
6218748060041639,2024-05-11T06:24:34.771Z,264.37
6657327299602346,2024-05-11T06:59:42.771Z,-353.68
5092446914149764,2024-05-11T07:44:24.771Z,818.30
4932629994846233,2024-05-11T11:45:38.771Z,100.66
5997179980717501,2024-05-11T12:07:07.771Z,-936.63
3745155717279673,2024-05-11T12:14:01.771Z,-260.88
3219459079118226,2024-05-11T15:28:56.771Z,-580.33
4210013133081688,2024-05-11T18:45:18.771Z,-762.56
6419514998974763,2024-05-11T19:00:05.771Z,-196.70
6018480886031697,2024-05-11T20:08:47.771Z,273.58
3742992852195954,2024-05-11T20:36:58.771Z,975.55
3745155717279673,2024-05-11T22:24:58.771Z,202.24
5705851002586967,2024-05-12T01:03:11.771Z,384.20
3690769043359511,2024-05-12T01:59:12.771Z,-728.80
4210013133081688,2024-05-12T02:01:37.771Z,-145.41
4234709814496996,2024-05-12T02:29:47.771Z,881.58
6218748060041639,2024-05-12T04:57:11.771Z,120.88
4932629994846233,2024-05-12T07:00:10.771Z,538.88
3742992852195954,2024-05-12T07:07:29.771Z,-920.16
4235973154283559,2024-05-12T08:26:18.771Z,-968.41
4378233413863490,2024-05-12T08:27:24.771Z,330.49
6329931100465627,2024-05-12T10:24:29.771Z,541.06
6329931100465627,2024-05-12T11:40:41.771Z,-928.31
3219459079118226,2024-05-12T13:51:02.771Z,-982.16
6361000177795595,2024-05-12T14:25:18.771Z,709.62
5581253985313232,2024-05-12T15:14:27.771Z,-572.40
5581253985313232,2024-05-12T15:46:16.771Z,275.54
3219459079118226,2024-05-12T18:05:09.771Z,-879.71
3328090600295181,2024-05-12T20:05:25.771Z,-882.62
3589249568754350,2024-05-12T20:08:18.771Z,73.64
5618401722389028,2024-05-12T21:00:24.771Z,994.45
4024012623842318,2024-05-12T21:02:39.771Z,-379.10
5581253985313232,2024-05-12T21:10:59.771Z,-670.60
5995696966070264,2024-05-12T21:16:48.771Z,-785.64
3589249568754350,2024-05-12T22:25:02.771Z,3.68
3537349596978716,2024-05-12T23:48:26.771Z,318.16
3742992852195954,2024-05-13T01:31:19.771Z,-123.43
3369832681865051,2024-05-13T03:36:39.771Z,795.57
3589249568754350,2024-05-13T06:13:27.771Z,-898.54
3404349486560448,2024-05-13T06:47:27.771Z,-835.42
6018480886031697,2024-05-13T09:31:44.771Z,78.22
3171948530096903,2024-05-13T09:34:29.771Z,908.14
3339801217806434,2024-05-13T09:47:08.771Z,-731.13
5705851002586967,2024-05-13T10:11:57.771Z,6.39
6575315976430295,2024-05-13T12:11:39.771Z,-766.93
6564109388484184,2024-05-13T12:29:33.771Z,-478.11
6329931100465627,2024-05-13T12:59:18.771Z,548.29
4726556059561949,2024-05-13T15:13:36.771Z,-654.89
5816050191711854,2024-05-13T17:04:29.771Z,858.25
6437219155436606,2024-05-13T18:18:38.771Z,-649.78
3369832681865051,2024-05-13T19:51:54.771Z,240.61
3618845513520900,2024-05-13T20:19:59.771Z,-274.90
3037393026661280,2024-05-13T21:35:05.771Z,604.58
5553959204036891,2024-05-14T00:00:39.759Z,-333.09
5553959204036891,2024-05-14T00:00:39.759Z,-333.09
5553959204036891,2024-05-14T00:00:39.759Z,-333.09
6288853716425504,2024-05-14T00:57:33.771Z,-366.35
4024012623842318,2024-05-14T03:43:10.771Z,-412.30
6472592460352496,2024-05-14T03:48:13.771Z,962.92
4024012623842318,2024-05-14T05:14:37.771Z,887.95
6361000177795595,2024-05-14T06:00:21.771Z,629.13
3537349596978716,2024-05-14T07:32:22.771Z,-668.61
6706534013288847,2024-05-14T07:41:43.771Z,-188.22
4378233413863490,2024-05-14T07:52:37.771Z,-740.45
6218748060041639,2024-05-14T08:27:52.771Z,-894.61
3663297678172224,2024-05-14T08:31:12.771Z,-539.40
6564109388484184,2024-05-14T10:35:48.771Z,-170.37
6218748060041639,2024-05-14T12:15:05.771Z,-746.42
3089689896090797,2024-05-14T12:33:16.771Z,244.70
6575315976430295,2024-05-14T12:35:41.771Z,-687.96
3618845513520900,2024-05-14T13:37:59.771Z,368.41
3618845513520900,2024-05-14T14:54:54.771Z,538.04
6018480886031697,2024-05-14T14:58:54.771Z,171.10
6472592460352496,2024-05-14T15:39:00.771Z,-442.47
3089689896090797,2024-05-14T15:54:49.771Z,-424.53
6437219155436606,2024-05-14T16:05:04.771Z,765.01
4234709814496996,2024-05-14T16:09:47.771Z,-556.33
5581253985313232,2024-05-14T16:10:46.771Z,237.22
5609879353687978,2024-05-14T17:39:19.771Z,-109.40
3820307659851859,2024-05-14T18:04:36.771Z,557.18
5581253985313232,2024-05-14T18:19:41.771Z,-555.01
6564109388484184,2024-05-14T18:40:53.771Z,-985.29
5091360375658474,2024-05-14T18:52:46.771Z,53.51
5995696966070264,2024-05-14T22:42:46.771Z,840.85
3089689896090797,2024-05-14T23:56:04.771Z,450.39
6437219155436606,2024-05-15T00:41:54.771Z,-999.49
4210013133081688,2024-05-15T00:45:12.771Z,-686.15
3339801217806434,2024-05-15T00:50:11.771Z,952.80
5705851002586967,2024-05-15T02:22:30.771Z,435.74
6361000177795595,2024-05-15T02:36:49.771Z,-417.86
6564109388484184,2024-05-15T03:58:23.771Z,757.93
6329931100465627,2024-05-15T04:10:50.771Z,237.71
3089689896090797,2024-05-15T04:17:48.771Z,257.89
4726556059561949,2024-05-15T04:23:57.771Z,931.81
6018480886031697,2024-05-15T04:29:26.771Z,-272.05
3369832681865051,2024-05-15T04:41:36.771Z,958.61
5216484446506263,2024-05-15T04:50:17.771Z,639.00
3537349596978716,2024-05-15T06:33:13.771Z,955.50
5091360375658474,2024-05-15T06:54:28.771Z,-549.02
6437219155436606,2024-05-15T08:50:57.771Z,-286.11
3618845513520900,2024-05-15T10:09:46.771Z,-760.76
5609879353687978,2024-05-15T10:30:28.771Z,-608.22
6437219155436606,2024-05-15T10:52:26.771Z,-33.56
5926759033070471,2024-05-15T10:52:37.771Z,-11.81
4234709814496996,2024-05-15T10:55:16.771Z,71.55
5092446914149764,2024-05-15T11:31:23.771Z,-501.65
5581253985313232,2024-05-15T12:33:16.771Z,-893.11
3339801217806434,2024-05-15T13:13:36.771Z,-530.50
3537349596978716,2024-05-15T14:50:41.771Z,690.92
6361000177795595,2024-05-15T14:58:09.771Z,-861.02
5816050191711854,2024-05-15T15:12:04.771Z,464.22
3369832681865051,2024-05-15T15:24:44.771Z,-651.10
5581253985313232,2024-05-15T16:03:02.771Z,717.70
4210013133081688,2024-05-15T16:46:50.771Z,35.55
3339801217806434,2024-05-15T17:10:39.771Z,555.47
6361000177795595,2024-05-15T17:53:55.771Z,831.09
6288853716425504,2024-05-15T18:52:22.771Z,-833.80
6437219155436606,2024-05-15T19:59:54.771Z,-435.71
3219459079118226,2024-05-15T20:42:08.771Z,-809.65
6734576552114648,2024-05-15T21:13:55.771Z,398.36
6018480886031697,2024-05-15T21:14:19.771Z,-919.68
6472592460352496,2024-05-15T23:04:46.771Z,227.66
3339801217806434,2024-05-16T01:13:19.771Z,-805.00
3037393026661280,2024-05-16T02:59:45.771Z,735.67
5926759033070471,2024-05-16T03:42:43.771Z,-609.81
3537349596978716,2024-05-16T03:49:27.771Z,-197.66
6706534013288847,2024-05-16T05:56:43.771Z,-198.82
5609879353687978,2024-05-16T06:02:58.771Z,167.86
5609879353687978,2024-05-16T06:37:11.771Z,339.54
4932629994846233,2024-05-16T09:40:27.771Z,-176.28
3219459079118226,2024-05-16T12:01:19.771Z,62.72
4234709814496996,2024-05-16T13:12:33.771Z,736.21
6218748060041639,2024-05-16T13:25:06.771Z,-112.22
5997179980717501,2024-05-16T13:54:58.771Z,-309.59
6833412122497701,2024-05-16T14:45:20.771Z,710.32
6288853716425504,2024-05-16T15:21:53.771Z,694.49
4210013133081688,2024-05-16T15:41:58.771Z,225.82
3820307659851859,2024-05-16T17:20:41.771Z,-33.72
5553959204036891,2024-05-16T19:20:52.759Z,267.30
5553959204036891,2024-05-16T19:20:52.759Z,267.30
5553959204036891,2024-05-16T19:20:52.759Z,267.30
3742992852195954,2024-05-16T19:37:11.771Z,-486.61
6419514998974763,2024-05-16T19:40:18.771Z,-588.80
4235973154283559,2024-05-16T20:14:29.771Z,908.84
3745155717279673,2024-05-16T21:56:52.771Z,937.80
6006325963724299,2024-05-16T22:22:32.771Z,-301.15
4932629994846233,2024-05-17T01:46:23.771Z,-574.14
3171948530096903,2024-05-17T02:19:14.771Z,-726.40
5092446914149764,2024-05-17T02:56:10.771Z,759.20
5997179980717501,2024-05-17T03:16:38.771Z,-43.03
6833412122497701,2024-05-17T04:16:30.771Z,747.43
6472592460352496,2024-05-17T07:48:01.771Z,964.22
6218748060041639,2024-05-17T10:33:01.771Z,986.00
3537349596978716,2024-05-17T10:40:31.771Z,-868.96
3578813208959317,2024-05-17T10:58:46.771Z,432.41
6734576552114648,2024-05-17T11:30:23.771Z,929.95
6472592460352496,2024-05-17T11:43:00.771Z,557.51
5091360375658474,2024-05-17T12:50:58.771Z,-319.92
5997179980717501,2024-05-17T17:10:07.771Z,-985.76
3589249568754350,2024-05-17T20:06:01.771Z,197.69
5216484446506263,2024-05-17T22:35:03.771Z,-456.73
4234709814496996,2024-05-18T00:11:50.771Z,711.54
6437219155436606,2024-05-18T00:41:31.771Z,-347.50
3618845513520900,2024-05-18T01:42:41.771Z,884.71
6361000177795595,2024-05-18T03:40:01.771Z,744.54
6575315976430295,2024-05-18T07:01:30.771Z,634.51
5997179980717501,2024-05-18T08:43:43.771Z,-752.27
3219459079118226,2024-05-18T09:10:09.771Z,437.73
5092446914149764,2024-05-18T10:16:50.771Z,-897.74
3219459079118226,2024-05-18T10:44:01.771Z,-665.17
4932629994846233,2024-05-18T10:57:05.771Z,289.79
5216484446506263,2024-05-18T11:12:57.771Z,-145.49
3745155717279673,2024-05-18T11:31:51.771Z,-798.79
5092446914149764,2024-05-18T12:03:28.771Z,888.01
4024012623842318,2024-05-18T13:14:15.771Z,-389.25
6657327299602346,2024-05-18T14:00:01.771Z,359.89
6437219155436606,2024-05-18T14:51:23.771Z,334.95
3339801217806434,2024-05-18T15:02:52.771Z,196.40
4726556059561949,2024-05-18T15:15:01.771Z,600.47
5216484446506263,2024-05-18T15:15:48.771Z,-633.63
6288853716425504,2024-05-18T15:43:27.771Z,-416.30
3589249568754350,2024-05-18T16:09:46.771Z,-723.75
6218748060041639,2024-05-18T16:46:04.771Z,-839.53
3690769043359511,2024-05-18T17:28:57.771Z,-369.02
6472592460352496,2024-05-18T17:59:10.771Z,-451.77
6575315976430295,2024-05-18T19:46:42.771Z,330.01
3663297678172224,2024-05-18T19:55:17.771Z,-425.65
3339801217806434,2024-05-18T20:52:16.771Z,-201.14
6472592460352496,2024-05-18T21:36:19.771Z,46.86
3690769043359511,2024-05-18T21:53:38.771Z,-702.10
5091360375658474,2024-05-18T23:45:29.771Z,258.34
5705851002586967,2024-05-19T00:07:36.771Z,-626.13
6018480886031697,2024-05-19T01:04:56.771Z,-159.49
4024012623842318,2024-05-19T01:26:53.771Z,905.24
6419514998974763,2024-05-19T02:16:28.771Z,-313.00
6706534013288847,2024-05-19T02:18:10.771Z,-907.59
5816050191711854,2024-05-19T05:23:29.771Z,-137.63
3339801217806434,2024-05-19T06:23:30.771Z,322.26
3037393026661280,2024-05-19T06:45:45.771Z,-454.68
3171948530096903,2024-05-19T09:51:43.771Z,798.42
3589249568754350,2024-05-19T10:22:27.771Z,149.75
5997179980717501,2024-05-19T11:38:56.771Z,701.60
3037393026661280,2024-05-19T12:38:40.771Z,717.13
5926759033070471,2024-05-19T13:17:50.771Z,-688.03
6734576552114648,2024-05-19T14:56:24.771Z,-870.57
3404349486560448,2024-05-19T15:26:37.771Z,988.39
6714744990978278,2024-05-19T16:10:44.759Z,-95.76
6714744990978278,2024-05-19T16:10:44.759Z,-95.76
6714744990978278,2024-05-19T16:10:44.759Z,-95.76
3589249568754350,2024-05-19T16:35:05.771Z,-299.43
6575315976430295,2024-05-19T17:37:30.771Z,406.38
5816050191711854,2024-05-19T20:10:05.771Z,-362.31
4378233413863490,2024-05-19T22:05:50.771Z,99.88
3339801217806434,2024-05-19T22:06:16.771Z,-515.38
4932629994846233,2024-05-19T23:32:44.771Z,-754.21
6734576552114648,2024-05-19T23:55:10.771Z,319.33
5997179980717501,2024-05-20T01:14:58.771Z,-846.01
6657327299602346,2024-05-20T01:30:30.771Z,-82.72
3369832681865051,2024-05-20T02:07:03.771Z,-935.57
3589249568754350,2024-05-20T02:25:33.771Z,239.26
3578813208959317,2024-05-20T03:10:04.771Z,530.32
5092446914149764,2024-05-20T03:36:12.771Z,-450.97
3589249568754350,2024-05-20T03:36:55.771Z,-843.82
6361000177795595,2024-05-20T04:01:26.771Z,-406.59
5997179980717501,2024-05-20T06:28:20.771Z,201.00
5926759033070471,2024-05-20T06:54:34.771Z,177.14
3690769043359511,2024-05-20T09:35:42.771Z,448.73
6437219155436606,2024-05-20T09:39:55.771Z,-332.67
4024012623842318,2024-05-20T09:49:10.771Z,753.74
3690769043359511,2024-05-20T11:14:30.771Z,-155.90
6018480886031697,2024-05-20T12:04:19.771Z,419.80
4210013133081688,2024-05-20T12:37:56.771Z,-385.87
5618401722389028,2024-05-20T13:18:00.771Z,-218.84
6714744990978278,2024-05-20T16:53:27.759Z,-445.28
6714744990978278,2024-05-20T16:53:27.759Z,-445.28
6714744990978278,2024-05-20T16:53:27.759Z,-445.28
3589249568754350,2024-05-20T16:58:59.771Z,-359.57
6018480886031697,2024-05-20T17:05:01.771Z,727.58
4234709814496996,2024-05-20T17:33:40.771Z,-146.69
4234709814496996,2024-05-20T17:40:08.771Z,879.72
5609879353687978,2024-05-20T17:43:21.771Z,84.73
3537349596978716,2024-05-20T19:41:22.771Z,-515.21
3690769043359511,2024-05-20T19:46:57.771Z,587.37
4726556059561949,2024-05-20T19:57:46.771Z,-786.17
3690769043359511,2024-05-20T20:22:13.771Z,-515.33
5609879353687978,2024-05-20T21:13:25.771Z,-906.81
5618401722389028,2024-05-20T21:30:00.771Z,136.70
6564109388484184,2024-05-20T22:06:06.771Z,425.72
4235973154283559,2024-05-20T22:18:16.771Z,-878.99
3328090600295181,2024-05-21T00:52:52.771Z,-116.25
3037393026661280,2024-05-21T02:14:46.771Z,680.23
4234709814496996,2024-05-21T03:46:44.771Z,-299.67
5705851002586967,2024-05-21T06:32:46.771Z,343.07
4234709814496996,2024-05-21T08:43:36.771Z,-307.86
3324679021275326,2024-05-21T09:56:44.759Z,-36.70
3324679021275326,2024-05-21T09:56:44.759Z,-36.70
3324679021275326,2024-05-21T09:56:44.759Z,-36.70
6018480886031697,2024-05-21T13:18:31.771Z,556.83
6657327299602346,2024-05-21T14:28:18.771Z,763.25
5618401722389028,2024-05-21T16:16:29.771Z,637.57
5926759033070471,2024-05-21T16:39:19.771Z,-190.63
4378233413863490,2024-05-21T18:05:02.771Z,-158.76
6657327299602346,2024-05-21T18:30:19.771Z,-507.83
6564109388484184,2024-05-22T01:25:17.771Z,-868.55
3690769043359511,2024-05-22T01:29:07.771Z,-811.92
4932629994846233,2024-05-22T01:31:46.771Z,983.81
3369832681865051,2024-05-22T02:03:47.771Z,-247.09
4234709814496996,2024-05-22T02:31:41.771Z,-436.11
3745155717279673,2024-05-22T03:55:28.771Z,-606.13
6706534013288847,2024-05-22T04:47:43.771Z,-67.75
4726556059561949,2024-05-22T04:50:36.771Z,84.83
5091360375658474,2024-05-22T05:24:22.771Z,619.53
3037393026661280,2024-05-22T06:51:10.771Z,-969.37
6288853716425504,2024-05-22T07:41:23.771Z,21.83
3339801217806434,2024-05-22T07:54:32.771Z,387.65
3663297678172224,2024-05-22T08:05:48.771Z,-518.27
5618401722389028,2024-05-22T08:39:20.771Z,190.29
3589249568754350,2024-05-22T08:52:54.771Z,-482.25
6575315976430295,2024-05-22T08:53:34.771Z,98.08
3663297678172224,2024-05-22T09:42:24.771Z,891.99
5091360375658474,2024-05-22T11:44:24.771Z,737.75
3690769043359511,2024-05-22T12:34:33.771Z,-450.62
4726556059561949,2024-05-22T12:38:43.771Z,-978.59
6419514998974763,2024-05-22T12:42:06.771Z,-902.32
5926759033070471,2024-05-22T13:02:40.771Z,-768.58
4210013133081688,2024-05-22T14:42:15.771Z,870.22
4378233413863490,2024-05-22T16:52:22.771Z,914.27
3171948530096903,2024-05-22T19:06:08.771Z,382.92
5995696966070264,2024-05-22T21:16:55.771Z,753.54
4235973154283559,2024-05-22T22:34:12.771Z,774.51
5092446914149764,2024-05-22T23:29:16.771Z,-998.85
6018480886031697,2024-05-23T00:41:58.771Z,482.70
5995696966070264,2024-05-23T00:58:43.771Z,944.78
3037393026661280,2024-05-23T01:01:16.771Z,-266.75
5609879353687978,2024-05-23T01:47:29.771Z,-502.54
3618845513520900,2024-05-23T03:22:13.771Z,-14.94
6564109388484184,2024-05-23T04:20:45.771Z,-592.33
5816050191711854,2024-05-23T04:31:58.771Z,904.30
5618401722389028,2024-05-23T05:28:48.771Z,226.19
3618845513520900,2024-05-23T05:43:42.771Z,-867.21
6218748060041639,2024-05-23T07:17:16.771Z,156.03
4235973154283559,2024-05-23T07:26:31.771Z,-824.72
6218748060041639,2024-05-23T07:44:52.771Z,-264.46
6706534013288847,2024-05-23T07:59:16.771Z,611.97
4726556059561949,2024-05-23T08:08:01.771Z,795.08
5997179980717501,2024-05-23T08:45:36.771Z,636.09
4024012623842318,2024-05-23T08:54:20.771Z,593.11
4235973154283559,2024-05-23T09:20:58.771Z,900.71
5926759033070471,2024-05-23T09:42:36.771Z,983.32
3328090600295181,2024-05-23T09:43:31.771Z,278.53
3690769043359511,2024-05-23T10:16:48.771Z,143.38
5092446914149764,2024-05-23T11:46:02.771Z,-886.63
6218748060041639,2024-05-23T12:00:42.771Z,-601.12
6472592460352496,2024-05-23T12:21:03.771Z,-144.69
6361000177795595,2024-05-23T12:54:44.771Z,933.00
3336208249795480,2024-05-23T13:29:19.759Z,172.84
3336208249795480,2024-05-23T13:29:19.759Z,172.84
3336208249795480,2024-05-23T13:29:19.759Z,172.84
4210013133081688,2024-05-23T14:17:33.771Z,596.26
3618845513520900,2024-05-23T14:18:03.771Z,248.78
3745155717279673,2024-05-23T19:27:40.771Z,893.40
3745155717279673,2024-05-23T20:22:37.771Z,-114.59
3578813208959317,2024-05-23T20:32:13.771Z,205.41
4210013133081688,2024-05-23T21:14:18.771Z,-890.10
5705851002586967,2024-05-23T21:57:32.771Z,796.93
3089689896090797,2024-05-23T23:17:16.771Z,-925.67
6575315976430295,2024-05-23T23:44:27.771Z,-209.11
4234709814496996,2024-05-24T00:01:33.771Z,510.04
4378233413863490,2024-05-24T00:38:23.771Z,292.89
3618845513520900,2024-05-24T01:20:46.771Z,-308.02
3089689896090797,2024-05-24T01:51:51.771Z,772.17
5997179980717501,2024-05-24T02:57:33.771Z,-889.69
4210013133081688,2024-05-24T03:09:00.771Z,-892.57
3663297678172224,2024-05-24T03:32:43.771Z,-998.67
3663297678172224,2024-05-24T04:30:23.771Z,-289.40
6218748060041639,2024-05-24T07:16:11.771Z,-652.80
4024012623842318,2024-05-24T09:05:42.771Z,-388.90
6437219155436606,2024-05-24T09:36:05.771Z,650.84
6018480886031697,2024-05-24T09:56:01.771Z,-608.14
6734576552114648,2024-05-24T10:51:47.771Z,947.64
3037393026661280,2024-05-24T11:32:06.771Z,-170.49
3742992852195954,2024-05-24T11:33:57.771Z,-39.50
3089689896090797,2024-05-24T11:39:46.771Z,38.70
5091360375658474,2024-05-24T11:43:54.771Z,454.38
5926759033070471,2024-05-24T12:06:08.771Z,328.89
3339801217806434,2024-05-24T12:13:44.771Z,70.89
3089689896090797,2024-05-24T12:45:46.771Z,978.39
5997179980717501,2024-05-24T15:19:03.771Z,-806.73
3820307659851859,2024-05-24T15:48:52.771Z,989.57
3339801217806434,2024-05-24T16:30:18.771Z,-942.68
3369832681865051,2024-05-24T16:35:54.771Z,85.23
5926759033070471,2024-05-24T18:48:22.771Z,194.19
3171948530096903,2024-05-24T20:31:57.771Z,676.41
3589249568754350,2024-05-24T22:53:28.771Z,57.24
3663297678172224,2024-05-24T23:05:26.771Z,-650.80
4235973154283559,2024-05-24T23:23:14.771Z,-141.08
3339801217806434,2024-05-25T00:52:31.771Z,534.53
5926759033070471,2024-05-25T02:48:20.771Z,-203.91
5092446914149764,2024-05-25T03:39:59.771Z,-273.37
4234709814496996,2024-05-25T04:07:03.771Z,347.04
6218748060041639,2024-05-25T04:55:46.771Z,909.67
3589249568754350,2024-05-25T05:03:14.771Z,-533.48
5092446914149764,2024-05-25T07:18:23.771Z,-836.96
5618401722389028,2024-05-25T07:22:51.771Z,-922.26
6734576552114648,2024-05-25T08:52:13.771Z,-118.73
3339801217806434,2024-05-25T11:09:26.771Z,681.46
6218748060041639,2024-05-25T11:21:01.771Z,650.39
3404349486560448,2024-05-25T11:38:04.771Z,427.73
5091360375658474,2024-05-25T12:04:42.771Z,158.72
5926759033070471,2024-05-25T12:20:52.771Z,-718.98
5816050191711854,2024-05-25T13:41:36.771Z,818.69
5216484446506263,2024-05-25T14:01:25.771Z,-121.69
6288853716425504,2024-05-25T14:25:32.771Z,538.58
6575315976430295,2024-05-25T14:35:30.771Z,346.01
6472592460352496,2024-05-25T15:17:54.771Z,-515.88
4235973154283559,2024-05-25T16:28:44.771Z,-898.87
6006325963724299,2024-05-25T16:36:11.771Z,733.51
3820307659851859,2024-05-25T16:53:08.771Z,-95.38
3537349596978716,2024-05-25T17:08:59.771Z,-139.67
6437219155436606,2024-05-25T17:19:03.771Z,433.57
3745155717279673,2024-05-25T18:45:19.771Z,-352.55
4932629994846233,2024-05-25T20:02:39.771Z,-971.76
3037393026661280,2024-05-25T20:12:21.771Z,-668.96
5609879353687978,2024-05-25T21:35:00.771Z,113.97
3171948530096903,2024-05-25T21:48:31.771Z,236.90
3663297678172224,2024-05-25T23:10:45.771Z,-470.24
3369832681865051,2024-05-26T00:13:58.771Z,801.90
3578813208959317,2024-05-26T02:43:09.771Z,994.38
4235973154283559,2024-05-26T03:29:54.771Z,-584.60
6437219155436606,2024-05-26T04:05:33.771Z,517.17
6564109388484184,2024-05-26T04:06:43.771Z,-334.46
6734576552114648,2024-05-26T05:35:28.771Z,835.31
5092446914149764,2024-05-26T06:24:18.771Z,898.25
3037393026661280,2024-05-26T08:40:28.771Z,-627.43
6437219155436606,2024-05-26T08:49:17.771Z,-910.36
6657327299602346,2024-05-26T08:49:29.771Z,-988.24
3037393026661280,2024-05-26T09:17:54.771Z,-304.89
6472592460352496,2024-05-26T09:36:25.771Z,-258.91
6833412122497701,2024-05-26T13:40:24.771Z,-145.72
5216484446506263,2024-05-26T14:04:22.771Z,-58.87
5926759033070471,2024-05-26T15:02:16.771Z,344.39
5618401722389028,2024-05-26T15:04:32.771Z,118.66
5609879353687978,2024-05-26T16:44:49.771Z,-314.21
5553959204036891,2024-05-26T18:31:04.759Z,-448.09
5553959204036891,2024-05-26T18:31:04.759Z,-448.09
5553959204036891,2024-05-26T18:31:04.759Z,-448.09
3589249568754350,2024-05-26T20:33:18.771Z,-934.39
5926759033070471,2024-05-26T20:51:56.771Z,548.88
6288853716425504,2024-05-26T21:32:11.771Z,-407.54
6833412122497701,2024-05-26T22:18:06.771Z,117.81
6706534013288847,2024-05-26T22:45:26.771Z,-259.03
6706534013288847,2024-05-26T23:36:46.771Z,408.67
6437219155436606,2024-05-27T00:16:34.771Z,310.39
6437219155436606,2024-05-27T00:25:34.771Z,682.31
6833412122497701,2024-05-27T00:29:50.771Z,657.41
3171948530096903,2024-05-27T00:35:29.771Z,483.20
5092446914149764,2024-05-27T00:53:54.771Z,68.03
3037393026661280,2024-05-27T01:06:10.771Z,489.79
6657327299602346,2024-05-27T01:13:57.771Z,-846.93
5816050191711854,2024-05-27T02:02:13.771Z,714.64
6657327299602346,2024-05-27T04:02:50.771Z,-302.75
4235973154283559,2024-05-27T04:18:09.771Z,961.99
6657327299602346,2024-05-27T05:39:37.771Z,-276.13
5816050191711854,2024-05-27T06:53:22.771Z,-788.24
5997179980717501,2024-05-27T06:57:05.771Z,-550.11
3820307659851859,2024-05-27T07:23:10.771Z,-199.82
6006325963724299,2024-05-27T07:50:28.771Z,134.57
4235973154283559,2024-05-27T08:10:50.771Z,-1.09
3339801217806434,2024-05-27T09:29:20.771Z,-917.94
3745155717279673,2024-05-27T09:54:40.771Z,-134.63
3219459079118226,2024-05-27T11:01:40.771Z,390.85
4726556059561949,2024-05-27T11:04:38.771Z,303.34
3037393026661280,2024-05-27T11:36:03.771Z,-691.18
5995696966070264,2024-05-27T11:55:25.771Z,-538.45
5216484446506263,2024-05-27T13:13:24.771Z,424.74
3578813208959317,2024-05-27T15:02:44.771Z,911.37
3578813208959317,2024-05-27T15:29:14.771Z,-333.45
3328090600295181,2024-05-27T15:52:21.771Z,419.84
3037393026661280,2024-05-27T15:59:26.771Z,634.69
5618401722389028,2024-05-27T17:06:35.771Z,784.83
3618845513520900,2024-05-27T17:09:42.771Z,836.61
6472592460352496,2024-05-27T17:14:18.771Z,412.01
5926759033070471,2024-05-27T21:22:08.771Z,673.04
6706534013288847,2024-05-27T22:13:35.771Z,658.54
6833412122497701,2024-05-27T23:25:37.771Z,-481.87
6734576552114648,2024-05-28T00:55:18.771Z,-255.35
4378233413863490,2024-05-28T01:24:56.771Z,-934.73
6288853716425504,2024-05-28T02:19:23.771Z,444.44
6361000177795595,2024-05-28T02:30:51.771Z,270.36
3618845513520900,2024-05-28T02:56:53.771Z,-898.72
6006325963724299,2024-05-28T05:21:07.771Z,-557.85
3089689896090797,2024-05-28T05:31:55.771Z,-279.30
6288853716425504,2024-05-28T06:32:47.771Z,-999.17
6218748060041639,2024-05-28T06:41:18.771Z,254.08
6006325963724299,2024-05-28T07:08:20.771Z,-226.97
3404349486560448,2024-05-28T07:46:29.771Z,325.00
5216484446506263,2024-05-28T08:32:55.771Z,-884.46
5092446914149764,2024-05-28T10:05:33.771Z,715.52
4235973154283559,2024-05-28T11:32:09.771Z,-105.39
4932629994846233,2024-05-28T11:55:39.771Z,-106.47
6329931100465627,2024-05-28T12:17:08.771Z,-515.89
5609879353687978,2024-05-28T15:23:43.771Z,940.31
5581253985313232,2024-05-28T17:10:53.771Z,626.68
3171948530096903,2024-05-28T17:37:32.771Z,-71.60
3578813208959317,2024-05-28T19:48:29.771Z,-230.45
5609879353687978,2024-05-28T20:56:17.771Z,703.78
5926759033070471,2024-05-28T21:23:40.771Z,-678.02
3690769043359511,2024-05-28T23:33:11.771Z,885.25
6833412122497701,2024-05-29T00:26:07.771Z,84.88
4726556059561949,2024-05-29T01:08:05.771Z,350.96
4024012623842318,2024-05-29T02:08:49.771Z,200.56
5618401722389028,2024-05-29T03:06:36.771Z,-954.22
6218748060041639,2024-05-29T03:54:52.771Z,805.19
4726556059561949,2024-05-29T04:37:21.771Z,633.57
5092446914149764,2024-05-29T10:19:04.771Z,-955.72
3171948530096903,2024-05-29T11:13:41.771Z,330.00
4234709814496996,2024-05-29T11:22:36.771Z,749.85
6734576552114648,2024-05-29T11:29:04.771Z,-466.03
4024012623842318,2024-05-29T13:00:58.771Z,-180.08
5216484446506263,2024-05-29T13:37:39.771Z,-53.98
4726556059561949,2024-05-29T13:56:25.771Z,989.54
5581253985313232,2024-05-29T15:59:43.771Z,683.20
6833412122497701,2024-05-29T16:19:20.771Z,-526.98
6218748060041639,2024-05-29T16:44:13.771Z,-981.13
3339801217806434,2024-05-29T17:52:07.771Z,414.23
6734576552114648,2024-05-29T19:13:43.771Z,-845.99
3404349486560448,2024-05-29T20:08:51.771Z,-796.54
6734576552114648,2024-05-29T21:17:53.771Z,887.44
4210013133081688,2024-05-29T22:25:40.771Z,-308.26
5581253985313232,2024-05-29T22:58:13.771Z,236.72
3690769043359511,2024-05-29T23:26:02.771Z,919.49
3328090600295181,2024-05-29T23:34:44.771Z,-233.68
3219459079118226,2024-05-29T23:40:59.771Z,752.28
3578813208959317,2024-05-30T01:00:53.771Z,-404.34
4235973154283559,2024-05-30T02:14:04.771Z,560.40
5216484446506263,2024-05-30T03:02:34.771Z,-750.68
5091360375658474,2024-05-30T03:18:06.771Z,-250.97
6564109388484184,2024-05-30T03:38:25.771Z,-197.49
3820307659851859,2024-05-30T03:43:32.771Z,42.07
5997179980717501,2024-05-30T05:50:15.771Z,-921.17
5618401722389028,2024-05-30T06:26:03.771Z,-379.27
3219459079118226,2024-05-30T06:50:58.771Z,395.72
6218748060041639,2024-05-30T07:02:58.771Z,665.40
4024012623842318,2024-05-30T09:05:04.771Z,-422.59
3328090600295181,2024-05-30T09:10:41.771Z,-758.69
3328090600295181,2024-05-30T09:26:10.771Z,206.19
4235973154283559,2024-05-30T12:59:35.771Z,-220.61
3037393026661280,2024-05-30T14:33:06.771Z,-811.57
3578813208959317,2024-05-30T15:38:33.771Z,170.62
3404349486560448,2024-05-30T15:50:57.771Z,992.13
6437219155436606,2024-05-30T15:52:37.771Z,142.49
6329931100465627,2024-05-30T16:04:00.771Z,-694.45
4235973154283559,2024-05-30T16:30:13.771Z,-943.32
3618845513520900,2024-05-30T17:09:44.771Z,-850.42
6472592460352496,2024-05-30T18:21:33.771Z,569.77
6706534013288847,2024-05-30T21:20:56.771Z,-574.55
3690769043359511,2024-05-30T22:34:32.771Z,-792.43
3537349596978716,2024-05-30T23:06:40.771Z,919.27
6437219155436606,2024-05-31T00:51:38.771Z,20.78
6472592460352496,2024-05-31T00:53:19.771Z,-978.03
6218748060041639,2024-05-31T01:33:44.771Z,-731.49
5997179980717501,2024-05-31T02:06:00.771Z,6.74
3171948530096903,2024-05-31T02:28:10.771Z,-120.83
6288853716425504,2024-05-31T04:20:30.771Z,114.24
6018480886031697,2024-05-31T04:32:20.771Z,981.54
6018480886031697,2024-05-31T04:46:18.771Z,-634.43
6218748060041639,2024-05-31T05:43:12.771Z,-510.19
3328090600295181,2024-05-31T07:03:10.771Z,-991.14
5816050191711854,2024-05-31T07:18:39.771Z,-60.46
6288853716425504,2024-05-31T07:41:51.771Z,-167.45
3328090600295181,2024-05-31T09:22:50.771Z,329.18
6833412122497701,2024-05-31T09:52:22.771Z,108.89
3742992852195954,2024-05-31T10:46:35.771Z,556.86
4234709814496996,2024-05-31T11:48:41.771Z,995.11
6361000177795595,2024-05-31T11:51:13.771Z,-710.10
6706534013288847,2024-05-31T14:21:54.771Z,-309.20
4726556059561949,2024-05-31T14:53:20.771Z,890.40
3589249568754350,2024-05-31T16:09:16.771Z,-648.77
3171948530096903,2024-05-31T16:29:18.771Z,79.59
5997179980717501,2024-05-31T17:05:18.771Z,-829.76
6734576552114648,2024-05-31T18:29:59.771Z,427.88
5816050191711854,2024-05-31T18:40:07.771Z,-695.61
4234709814496996,2024-05-31T18:42:46.771Z,-915.53
3369832681865051,2024-05-31T18:56:18.771Z,803.64
4932629994846233,2024-05-31T20:13:44.771Z,403.93
3663297678172224,2024-05-31T20:34:52.771Z,-244.75
4235973154283559,2024-05-31T21:29:45.771Z,-261.30
6472592460352496,2024-05-31T22:19:54.771Z,867.11
6419514998974763,2024-05-31T22:36:14.771Z,-459.49
6361000177795595,2024-05-31T22:44:56.771Z,11.77
3589249568754350,2024-06-01T00:44:03.771Z,31.72
3820307659851859,2024-06-01T02:10:46.771Z,135.32
6361000177795595,2024-06-01T02:28:51.771Z,-420.04
6361000177795595,2024-06-01T04:42:58.771Z,-430.49
5092446914149764,2024-06-01T05:20:02.771Z,459.37
5816050191711854,2024-06-01T09:41:37.771Z,586.94
5926759033070471,2024-06-01T09:52:41.771Z,623.02
3618845513520900,2024-06-01T10:52:59.771Z,-771.27
6006325963724299,2024-06-01T11:25:57.771Z,111.07
3089689896090797,2024-06-01T12:09:04.771Z,198.88
6657327299602346,2024-06-01T12:19:36.771Z,-853.35
5926759033070471,2024-06-01T13:40:32.771Z,455.88
5705851002586967,2024-06-01T14:54:22.771Z,-260.98
5997179980717501,2024-06-01T15:24:45.771Z,-138.44
3328090600295181,2024-06-01T20:03:38.771Z,188.00
3690769043359511,2024-06-01T20:16:33.771Z,124.25
4726556059561949,2024-06-01T23:06:47.771Z,617.44
5816050191711854,2024-06-01T23:32:20.771Z,-26.19
3690769043359511,2024-06-01T23:39:54.771Z,850.74
6006325963724299,2024-06-02T00:04:43.771Z,289.03
5609879353687978,2024-06-02T00:08:36.771Z,129.20
6437219155436606,2024-06-02T02:15:02.771Z,-230.94
3618845513520900,2024-06-02T02:45:01.771Z,-640.22
5581253985313232,2024-06-02T03:04:44.771Z,-285.74
3618845513520900,2024-06-02T03:50:19.771Z,-780.92
5618401722389028,2024-06-02T06:00:47.771Z,-196.03
4024012623842318,2024-06-02T07:14:25.771Z,-787.38
4024012623842318,2024-06-02T07:25:21.771Z,243.56
6018480886031697,2024-06-02T07:44:38.771Z,-7.77
6734576552114648,2024-06-02T08:00:01.771Z,818.50
3171948530096903,2024-06-02T09:11:11.771Z,-274.86
6472592460352496,2024-06-02T10:51:16.771Z,-94.98
3089689896090797,2024-06-02T11:00:23.771Z,-749.81
5618401722389028,2024-06-02T13:00:35.771Z,569.54
5926759033070471,2024-06-02T13:51:27.771Z,-610.44
3339801217806434,2024-06-02T14:08:11.771Z,-802.60
4234709814496996,2024-06-02T14:41:45.771Z,-397.08
5216484446506263,2024-06-02T15:40:42.771Z,572.68
6329931100465627,2024-06-02T16:13:47.771Z,-896.41
5609879353687978,2024-06-02T18:34:33.771Z,275.61
3328090600295181,2024-06-02T20:02:40.771Z,457.92
3742992852195954,2024-06-02T20:13:51.771Z,-481.48
3037393026661280,2024-06-02T20:21:42.771Z,469.09
5995696966070264,2024-06-02T21:06:30.771Z,728.91
5997179980717501,2024-06-02T21:24:15.771Z,847.13
4234709814496996,2024-06-02T22:55:52.771Z,-396.34
3663297678172224,2024-06-02T23:52:35.771Z,254.47
3578813208959317,2024-06-03T00:46:07.771Z,990.77
3742992852195954,2024-06-03T00:56:56.771Z,410.17
3089689896090797,2024-06-03T01:53:42.771Z,-635.88
3663297678172224,2024-06-03T02:07:59.771Z,979.00
3089689896090797,2024-06-03T03:21:57.771Z,866.59
5995696966070264,2024-06-03T03:58:11.771Z,734.58
3578813208959317,2024-06-03T07:33:37.771Z,-709.57
6734576552114648,2024-06-03T07:49:45.771Z,985.70
4235973154283559,2024-06-03T09:45:33.771Z,-999.99
6564109388484184,2024-06-03T09:55:21.771Z,312.28
3537349596978716,2024-06-03T11:33:43.771Z,192.05
4234709814496996,2024-06-03T11:37:03.771Z,-670.42
3404349486560448,2024-06-03T12:34:29.771Z,-506.70
6018480886031697,2024-06-03T12:41:56.771Z,-160.12
5816050191711854,2024-06-03T13:32:04.771Z,344.32
4210013133081688,2024-06-03T14:34:33.771Z,-507.10
5091360375658474,2024-06-03T14:41:03.771Z,700.35
3037393026661280,2024-06-03T15:39:26.771Z,40.78
5995696966070264,2024-06-03T16:08:04.771Z,859.11
6419514998974763,2024-06-03T16:45:28.771Z,189.63
3745155717279673,2024-06-03T18:34:03.771Z,763.03
5092446914149764,2024-06-03T18:46:41.771Z,895.60
5091360375658474,2024-06-03T18:54:02.771Z,-516.36
6006325963724299,2024-06-03T18:57:36.771Z,707.00
3820307659851859,2024-06-03T20:19:43.771Z,856.55
6218748060041639,2024-06-03T20:50:24.771Z,167.74
3690769043359511,2024-06-03T23:55:54.771Z,-775.26
5092446914149764,2024-06-04T02:16:50.771Z,-809.50
6575315976430295,2024-06-04T02:23:42.771Z,369.14
3404349486560448,2024-06-04T02:35:51.771Z,-923.61
6006325963724299,2024-06-04T02:49:09.771Z,-751.96
3663297678172224,2024-06-04T03:00:36.771Z,311.34
5581253985313232,2024-06-04T03:48:14.771Z,-680.10
4932629994846233,2024-06-04T04:04:50.771Z,281.34
6564109388484184,2024-06-04T07:14:04.771Z,325.29
6437219155436606,2024-06-04T07:15:07.771Z,-718.99
6657327299602346,2024-06-04T07:35:23.771Z,-569.13
6472592460352496,2024-06-04T08:08:23.771Z,57.39
6575315976430295,2024-06-04T12:00:11.771Z,205.68
6018480886031697,2024-06-04T14:49:42.771Z,251.42
3339801217806434,2024-06-04T17:34:10.771Z,133.96
3663297678172224,2024-06-04T17:45:56.771Z,-378.33
3578813208959317,2024-06-04T18:50:47.771Z,294.87
3745155717279673,2024-06-04T21:01:15.771Z,685.41
5995696966070264,2024-06-04T21:20:05.771Z,308.36
6018480886031697,2024-06-04T22:39:44.771Z,-487.71
3745155717279673,2024-06-04T23:13:01.771Z,-212.50
6419514998974763,2024-06-05T00:03:47.771Z,-788.17
4726556059561949,2024-06-05T00:35:44.771Z,-599.78
4234709814496996,2024-06-05T01:11:26.771Z,-970.69
3369832681865051,2024-06-05T02:35:07.771Z,-378.24
4235973154283559,2024-06-05T02:42:23.771Z,-610.29
5997179980717501,2024-06-05T02:59:13.771Z,-441.94
4210013133081688,2024-06-05T03:41:32.771Z,-94.82
6006325963724299,2024-06-05T04:05:15.771Z,31.70
4378233413863490,2024-06-05T04:13:27.771Z,-156.83
6575315976430295,2024-06-05T04:25:49.771Z,-776.83
6575315976430295,2024-06-05T05:17:36.771Z,279.43
6472592460352496,2024-06-05T05:28:26.771Z,-471.86
6575315976430295,2024-06-05T05:54:56.771Z,-131.73
6018480886031697,2024-06-05T06:16:52.771Z,95.59
3745155717279673,2024-06-05T06:45:57.771Z,562.35
5581253985313232,2024-06-05T06:47:57.771Z,715.46
6437219155436606,2024-06-05T07:00:50.771Z,35.31
6419514998974763,2024-06-05T08:24:16.771Z,-393.51
4234709814496996,2024-06-05T09:39:11.771Z,-430.16
6833412122497701,2024-06-05T09:52:08.771Z,-350.55
5092446914149764,2024-06-05T11:19:43.771Z,-451.82
5092446914149764,2024-06-05T11:44:24.771Z,-799.62
3745155717279673,2024-06-05T12:17:21.771Z,824.70
3820307659851859,2024-06-05T12:26:40.771Z,-824.68
5995696966070264,2024-06-05T12:58:30.771Z,-132.96
3037393026661280,2024-06-05T13:44:01.771Z,242.96
6288853716425504,2024-06-05T15:09:57.771Z,-122.34
6006325963724299,2024-06-05T16:16:33.771Z,978.44
6218748060041639,2024-06-05T16:58:53.771Z,530.75
3089689896090797,2024-06-05T17:43:31.771Z,-752.55
5216484446506263,2024-06-05T19:11:42.771Z,-367.74
6564109388484184,2024-06-05T19:16:54.771Z,-898.43
6006325963724299,2024-06-05T22:04:35.771Z,518.57
4210013133081688,2024-06-05T22:50:33.771Z,356.79
5618401722389028,2024-06-06T03:13:47.771Z,357.77
6833412122497701,2024-06-06T03:37:35.771Z,180.47
5091360375658474,2024-06-06T05:10:53.771Z,-321.80
6218748060041639,2024-06-06T06:49:15.771Z,289.80
6657327299602346,2024-06-06T11:17:32.771Z,773.67
6833412122497701,2024-06-06T12:12:48.771Z,-931.25
3820307659851859,2024-06-06T13:33:43.771Z,930.12
6018480886031697,2024-06-06T14:02:52.771Z,-891.78
6575315976430295,2024-06-06T14:30:27.771Z,268.63
5618401722389028,2024-06-06T15:43:58.771Z,165.94
3089689896090797,2024-06-06T16:30:02.771Z,-582.20
3537349596978716,2024-06-06T16:41:47.771Z,-162.14
6833412122497701,2024-06-06T17:37:43.771Z,-129.40
6006325963724299,2024-06-06T17:40:51.771Z,-540.42
6288853716425504,2024-06-06T18:43:56.771Z,-112.53
4726556059561949,2024-06-06T19:04:24.771Z,-931.95
3219459079118226,2024-06-06T19:46:27.771Z,-551.25
3339801217806434,2024-06-06T19:59:50.771Z,737.32
3369832681865051,2024-06-06T21:22:46.771Z,877.21
4235973154283559,2024-06-06T21:30:43.771Z,-933.14
5091360375658474,2024-06-06T21:51:05.771Z,481.12
3578813208959317,2024-06-06T22:35:11.771Z,610.86
4024012623842318,2024-06-06T22:47:16.771Z,404.10
3089689896090797,2024-06-07T00:43:13.771Z,-475.87
5995696966070264,2024-06-07T01:07:09.771Z,780.48
3339801217806434,2024-06-07T02:02:12.771Z,-900.05
6657327299602346,2024-06-07T02:50:02.771Z,-60.17
3578813208959317,2024-06-07T03:38:49.771Z,-705.26
6218748060041639,2024-06-07T03:45:28.771Z,-567.07
5618401722389028,2024-06-07T04:25:33.771Z,-111.94
5609879353687978,2024-06-07T04:34:46.771Z,432.99
5092446914149764,2024-06-07T07:00:28.771Z,895.36
6419514998974763,2024-06-07T07:26:21.771Z,-17.31
6437219155436606,2024-06-07T08:39:14.771Z,-511.58
4024012623842318,2024-06-07T10:23:50.771Z,-403.27
5581253985313232,2024-06-07T11:58:10.771Z,771.96
4024012623842318,2024-06-07T12:08:21.771Z,-745.55
3328090600295181,2024-06-07T12:54:07.771Z,867.40
4234709814496996,2024-06-07T13:01:19.771Z,-886.68
5216484446506263,2024-06-07T17:09:24.771Z,-597.72
5816050191711854,2024-06-07T18:20:12.771Z,772.07
5997179980717501,2024-06-07T18:59:34.771Z,-484.11
3618845513520900,2024-06-07T20:51:37.771Z,84.96
5995696966070264,2024-06-07T21:24:16.771Z,-216.64
6734576552114648,2024-06-07T21:50:57.771Z,695.11
3690769043359511,2024-06-07T22:52:44.771Z,301.22
5997179980717501,2024-06-07T23:23:24.771Z,-784.64
3745155717279673,2024-06-07T23:45:08.771Z,462.64
4378233413863490,2024-06-08T01:12:49.771Z,-31.30
3328090600295181,2024-06-08T02:31:58.771Z,818.61
6564109388484184,2024-06-08T06:24:09.771Z,-101.98
5997179980717501,2024-06-08T06:45:17.771Z,-960.34
4234709814496996,2024-06-08T07:17:51.771Z,234.25
5995696966070264,2024-06-08T07:27:00.771Z,-437.63
5705851002586967,2024-06-08T07:27:44.771Z,-364.32
6564109388484184,2024-06-08T07:39:52.771Z,-208.85
5926759033070471,2024-06-08T08:12:28.771Z,876.68
6734576552114648,2024-06-08T08:22:10.771Z,-37.07
6361000177795595,2024-06-08T08:54:20.771Z,-568.31
3742992852195954,2024-06-08T09:27:08.771Z,-483.42
3745155717279673,2024-06-08T09:48:36.771Z,902.93
6361000177795595,2024-06-08T10:24:26.771Z,70.86
3339801217806434,2024-06-08T11:20:52.771Z,178.30
5705851002586967,2024-06-08T11:22:28.771Z,213.63
6018480886031697,2024-06-08T11:22:31.771Z,823.34
3690769043359511,2024-06-08T11:36:55.771Z,-376.18
6706534013288847,2024-06-08T11:48:22.771Z,-375.37
3742992852195954,2024-06-08T13:18:14.771Z,-628.83
3219459079118226,2024-06-08T14:47:03.771Z,-471.88
5995696966070264,2024-06-08T21:19:36.771Z,180.39
6288853716425504,2024-06-08T21:58:23.771Z,-802.58
6714744990978278,2024-06-08T23:01:16.759Z,-78.52
6714744990978278,2024-06-08T23:01:16.759Z,-78.52
6714744990978278,2024-06-08T23:01:16.759Z,-78.52
3219459079118226,2024-06-08T23:56:36.771Z,-388.00
3219459079118226,2024-06-09T00:00:07.771Z,-219.21
6288853716425504,2024-06-09T01:05:32.771Z,-682.01
6437219155436606,2024-06-09T01:13:05.771Z,568.15
4024012623842318,2024-06-09T01:35:26.771Z,-563.88
3690769043359511,2024-06-09T01:43:49.771Z,-333.64
3742992852195954,2024-06-09T01:44:34.771Z,-698.57
4234709814496996,2024-06-09T02:25:57.771Z,635.10
6833412122497701,2024-06-09T02:31:18.771Z,-812.92
5926759033070471,2024-06-09T02:49:12.771Z,373.27
5609879353687978,2024-06-09T03:13:35.771Z,-363.13
3578813208959317,2024-06-09T03:48:41.771Z,377.74
5581253985313232,2024-06-09T04:32:52.771Z,103.13
5995696966070264,2024-06-09T05:24:51.771Z,708.92
3589249568754350,2024-06-09T05:33:47.771Z,-243.08
4378233413863490,2024-06-09T06:27:22.771Z,-467.65
5581253985313232,2024-06-09T06:37:09.771Z,953.81
6706534013288847,2024-06-09T06:44:31.771Z,-121.25
6437219155436606,2024-06-09T07:19:59.771Z,141.88
5092446914149764,2024-06-09T07:29:24.771Z,943.67
5553959204036891,2024-06-09T07:40:33.759Z,147.31
5553959204036891,2024-06-09T07:40:33.759Z,147.31
5553959204036891,2024-06-09T07:40:33.759Z,147.31
4378233413863490,2024-06-09T07:48:37.771Z,790.96
3745155717279673,2024-06-09T07:54:55.771Z,-851.48
6288853716425504,2024-06-09T08:19:28.771Z,-670.73
5092446914149764,2024-06-09T08:52:34.771Z,366.44
3663297678172224,2024-06-09T09:17:57.771Z,543.96
3219459079118226,2024-06-09T09:32:33.771Z,43.12
3690769043359511,2024-06-09T10:49:07.771Z,501.98
3404349486560448,2024-06-09T11:00:30.771Z,191.50
6218748060041639,2024-06-09T11:08:43.771Z,-373.74
6006325963724299,2024-06-09T12:06:31.771Z,-776.53
5997179980717501,2024-06-09T13:11:26.771Z,-224.59
3339801217806434,2024-06-09T13:53:25.771Z,177.86
6419514998974763,2024-06-09T14:37:13.771Z,-795.45
5609879353687978,2024-06-09T16:05:44.771Z,665.31
3820307659851859,2024-06-09T16:54:52.771Z,-404.52
3578813208959317,2024-06-09T17:06:46.771Z,149.47
6419514998974763,2024-06-09T19:35:05.771Z,-964.72
3820307659851859,2024-06-09T21:32:41.771Z,-744.57
6006325963724299,2024-06-09T21:46:31.771Z,-685.54
5216484446506263,2024-06-09T21:48:55.771Z,38.88
5092446914149764,2024-06-09T22:08:31.771Z,688.14
3171948530096903,2024-06-09T22:16:20.771Z,612.86
6706534013288847,2024-06-09T22:27:56.771Z,28.90
6419514998974763,2024-06-10T03:03:53.771Z,-640.73
5926759033070471,2024-06-10T03:41:29.771Z,-320.42
6361000177795595,2024-06-10T05:26:51.771Z,349.91
3369832681865051,2024-06-10T07:15:15.771Z,-274.74
3690769043359511,2024-06-10T07:35:00.771Z,-168.54
6472592460352496,2024-06-10T08:02:18.771Z,277.15
6575315976430295,2024-06-10T08:14:31.771Z,-84.08
5926759033070471,2024-06-10T09:34:35.771Z,633.72
3820307659851859,2024-06-10T10:02:36.771Z,-607.11
5995696966070264,2024-06-10T13:01:34.771Z,-857.15
6218748060041639,2024-06-10T13:23:29.771Z,235.97
6833412122497701,2024-06-10T14:37:37.771Z,-210.84
4378233413863490,2024-06-10T14:51:12.771Z,-364.77
4726556059561949,2024-06-10T16:02:10.771Z,-338.15
3578813208959317,2024-06-10T17:00:51.771Z,-233.99
3663297678172224,2024-06-10T17:30:04.771Z,-443.02
5926759033070471,2024-06-10T17:31:58.771Z,854.28
6657327299602346,2024-06-10T18:22:23.771Z,-4.32
6575315976430295,2024-06-10T18:24:57.771Z,-738.62
6734576552114648,2024-06-10T19:42:40.771Z,518.39
3369832681865051,2024-06-10T22:08:15.771Z,572.24
4932629994846233,2024-06-11T01:23:11.771Z,-509.75
5091360375658474,2024-06-11T02:01:32.771Z,-876.74
5609879353687978,2024-06-11T02:27:30.771Z,-343.49
4024012623842318,2024-06-11T03:31:55.771Z,-670.35
6437219155436606,2024-06-11T03:40:08.771Z,-473.68
4234709814496996,2024-06-11T04:02:13.771Z,-635.58
6564109388484184,2024-06-11T06:58:49.771Z,-612.85
4024012623842318,2024-06-11T07:11:02.771Z,-59.98
3618845513520900,2024-06-11T07:21:42.771Z,150.05
6657327299602346,2024-06-11T08:15:41.771Z,-282.58
6575315976430295,2024-06-11T10:43:03.771Z,-417.74
5216484446506263,2024-06-11T13:29:59.771Z,630.15
6218748060041639,2024-06-11T14:01:06.771Z,-211.32
5816050191711854,2024-06-11T15:04:21.771Z,-723.96
3618845513520900,2024-06-11T16:01:18.771Z,-81.44
5926759033070471,2024-06-11T16:59:37.771Z,666.15
5995696966070264,2024-06-11T19:34:20.771Z,488.20
3328090600295181,2024-06-11T20:56:47.771Z,-99.49
6575315976430295,2024-06-11T20:57:29.771Z,-855.09
5609879353687978,2024-06-11T21:14:33.771Z,-752.99
3745155717279673,2024-06-11T21:27:24.771Z,353.51
4234709814496996,2024-06-11T21:42:49.771Z,103.58
6657327299602346,2024-06-11T22:22:25.771Z,-484.28
6419514998974763,2024-06-11T22:49:00.771Z,674.38
4235973154283559,2024-06-11T23:30:37.771Z,-798.59
3578813208959317,2024-06-12T00:54:27.771Z,65.75
5997179980717501,2024-06-12T04:17:02.771Z,-28.16
6361000177795595,2024-06-12T05:30:26.771Z,-996.81
4726556059561949,2024-06-12T06:08:08.771Z,984.29
5995696966070264,2024-06-12T06:14:18.771Z,-981.83
3328090600295181,2024-06-12T07:55:56.771Z,181.27
6361000177795595,2024-06-12T11:22:23.771Z,680.06
4024012623842318,2024-06-12T12:55:00.771Z,40.95
6437219155436606,2024-06-12T13:00:25.771Z,847.73
6575315976430295,2024-06-12T14:36:19.771Z,370.15
5997179980717501,2024-06-12T14:36:55.771Z,291.74
6018480886031697,2024-06-12T14:47:52.771Z,75.84
3369832681865051,2024-06-12T14:52:48.771Z,-336.91
3171948530096903,2024-06-12T15:21:27.771Z,457.30
4932629994846233,2024-06-12T15:45:41.771Z,-938.20
3537349596978716,2024-06-12T17:45:15.771Z,-170.33
6288853716425504,2024-06-12T19:18:54.771Z,993.65
6833412122497701,2024-06-12T19:20:37.771Z,314.18
3578813208959317,2024-06-12T20:38:45.771Z,116.13
6564109388484184,2024-06-12T20:55:22.771Z,941.22
6657327299602346,2024-06-12T20:57:15.771Z,892.65
6218748060041639,2024-06-12T22:21:22.771Z,-408.34
5581253985313232,2024-06-12T22:35:33.771Z,-353.04
6006325963724299,2024-06-12T23:40:10.771Z,-143.06
3328090600295181,2024-06-13T00:00:02.771Z,-790.20
5816050191711854,2024-06-13T01:22:10.771Z,960.19
3089689896090797,2024-06-13T02:01:27.771Z,735.19
6006325963724299,2024-06-13T02:33:40.771Z,192.45
6437219155436606,2024-06-13T02:55:48.771Z,-159.12
6329931100465627,2024-06-13T03:39:50.771Z,657.91
3037393026661280,2024-06-13T04:38:26.771Z,558.14
3742992852195954,2024-06-13T06:18:14.771Z,728.73
4932629994846233,2024-06-13T06:23:08.771Z,-155.83
3578813208959317,2024-06-13T07:22:16.771Z,-543.84
4235973154283559,2024-06-13T07:30:20.771Z,951.21
6734576552114648,2024-06-13T09:50:56.771Z,741.25
5995696966070264,2024-06-13T10:25:01.771Z,-185.94
3089689896090797,2024-06-13T10:49:01.771Z,-960.23
3578813208959317,2024-06-13T11:07:30.771Z,979.51
3820307659851859,2024-06-13T11:12:17.771Z,983.02
4210013133081688,2024-06-13T12:19:51.771Z,656.65
4234709814496996,2024-06-13T15:19:26.771Z,-422.34
6218748060041639,2024-06-13T17:17:20.771Z,-474.00
4378233413863490,2024-06-13T17:26:44.771Z,867.48
5092446914149764,2024-06-13T18:26:34.771Z,-397.02
5995696966070264,2024-06-13T18:31:17.771Z,-923.17
3219459079118226,2024-06-13T20:17:57.771Z,554.75
3742992852195954,2024-06-13T20:42:49.771Z,-582.89
3219459079118226,2024-06-13T20:51:00.771Z,-54.37
6288853716425504,2024-06-13T21:10:49.771Z,-125.85
5618401722389028,2024-06-13T23:33:13.771Z,316.80
3219459079118226,2024-06-14T00:03:22.771Z,461.09
5618401722389028,2024-06-14T00:22:22.771Z,-357.72
3690769043359511,2024-06-14T01:06:58.771Z,985.58
3339801217806434,2024-06-14T01:46:39.771Z,677.23
5609879353687978,2024-06-14T01:53:44.771Z,-179.59
3404349486560448,2024-06-14T01:54:22.771Z,-337.87
6288853716425504,2024-06-14T02:14:55.771Z,859.76
5816050191711854,2024-06-14T02:36:03.771Z,-699.12
5609879353687978,2024-06-14T04:03:54.771Z,-520.07
6472592460352496,2024-06-14T05:14:53.771Z,-936.68
5581253985313232,2024-06-14T05:29:04.771Z,-101.56
6218748060041639,2024-06-14T06:55:45.771Z,692.08
5092446914149764,2024-06-14T07:14:08.771Z,-212.40
4378233413863490,2024-06-14T07:42:36.771Z,-452.23
6575315976430295,2024-06-14T07:42:36.771Z,-689.29
3589249568754350,2024-06-14T09:54:42.771Z,-509.00
4932629994846233,2024-06-14T10:11:49.771Z,-636.87
4932629994846233,2024-06-14T11:03:06.771Z,-691.81
3537349596978716,2024-06-14T11:03:23.771Z,220.24
5216484446506263,2024-06-14T12:53:05.771Z,-943.47
3745155717279673,2024-06-14T15:23:20.771Z,499.29
3339801217806434,2024-06-14T16:40:27.771Z,958.66
3745155717279673,2024-06-14T17:01:26.771Z,-213.74
4726556059561949,2024-06-14T20:06:15.771Z,-423.99
5581253985313232,2024-06-14T21:54:26.771Z,-392.36
6833412122497701,2024-06-14T23:43:35.771Z,-831.37
6006325963724299,2024-06-15T00:00:46.771Z,-517.20
5816050191711854,2024-06-15T00:41:00.771Z,-356.46
6006325963724299,2024-06-15T00:53:18.771Z,27.97
3037393026661280,2024-06-15T00:54:34.771Z,-208.61
3589249568754350,2024-06-15T02:36:01.771Z,-229.12
6218748060041639,2024-06-15T04:53:18.771Z,540.00
3369832681865051,2024-06-15T06:05:30.771Z,894.35
5216484446506263,2024-06-15T07:34:56.771Z,837.72
3690769043359511,2024-06-15T09:53:48.771Z,-894.01
3537349596978716,2024-06-15T10:04:05.771Z,297.58
3537349596978716,2024-06-15T10:28:15.771Z,-201.62
3369832681865051,2024-06-15T11:14:36.771Z,631.07
3369832681865051,2024-06-15T11:57:14.771Z,145.66
6657327299602346,2024-06-15T12:13:44.771Z,-325.43
6329931100465627,2024-06-15T12:42:01.771Z,732.13
4235973154283559,2024-06-15T12:47:58.771Z,655.97
4378233413863490,2024-06-15T13:32:20.771Z,-764.19
3171948530096903,2024-06-15T15:11:53.771Z,-748.71
5618401722389028,2024-06-15T17:42:18.771Z,227.70
5618401722389028,2024-06-15T18:18:14.771Z,-811.09
3037393026661280,2024-06-15T18:41:24.771Z,-513.03
4378233413863490,2024-06-15T18:59:49.771Z,-587.40
4210013133081688,2024-06-15T20:11:25.771Z,-688.61
6361000177795595,2024-06-15T20:35:18.771Z,-277.41
3742992852195954,2024-06-15T20:42:17.771Z,413.20
6329931100465627,2024-06-15T20:50:46.771Z,617.12
5609879353687978,2024-06-15T21:12:24.771Z,-721.37
3089689896090797,2024-06-15T23:43:42.771Z,-934.56
5609879353687978,2024-06-16T00:41:01.771Z,899.19
5216484446506263,2024-06-16T00:41:28.771Z,-657.01
3037393026661280,2024-06-16T00:44:29.771Z,-288.58
6706534013288847,2024-06-16T03:07:11.771Z,-452.05
3219459079118226,2024-06-16T04:42:49.771Z,-86.07
6472592460352496,2024-06-16T05:54:50.771Z,-759.38
5609879353687978,2024-06-16T06:17:54.771Z,24.67
3404349486560448,2024-06-16T06:46:32.771Z,508.95
5609879353687978,2024-06-16T07:26:30.771Z,-315.19
3820307659851859,2024-06-16T07:53:03.771Z,907.09
5618401722389028,2024-06-16T10:03:30.771Z,667.44
6472592460352496,2024-06-16T11:25:28.771Z,298.67
5618401722389028,2024-06-16T11:28:26.771Z,-863.25
6419514998974763,2024-06-16T12:01:52.771Z,-462.15
4210013133081688,2024-06-16T12:30:53.771Z,591.11
5995696966070264,2024-06-16T13:11:07.771Z,847.95
6006325963724299,2024-06-16T15:21:44.771Z,319.96
5092446914149764,2024-06-16T16:40:49.771Z,-623.01
3820307659851859,2024-06-16T16:42:32.771Z,505.91
3589249568754350,2024-06-16T16:42:48.771Z,-28.06
3219459079118226,2024-06-16T17:09:07.771Z,-388.24
3663297678172224,2024-06-16T18:51:57.771Z,-567.48
4210013133081688,2024-06-16T21:26:12.771Z,62.45
3690769043359511,2024-06-16T22:09:06.771Z,-63.98
4235973154283559,2024-06-16T22:40:01.771Z,-891.31
6472592460352496,2024-06-16T22:58:59.771Z,-807.66
5995696966070264,2024-06-17T00:19:10.771Z,-387.92
5705851002586967,2024-06-17T01:03:16.771Z,-260.12
5995696966070264,2024-06-17T01:57:54.771Z,863.17
5926759033070471,2024-06-17T02:23:42.771Z,462.90
6575315976430295,2024-06-17T03:41:05.771Z,211.15
6419514998974763,2024-06-17T04:35:14.771Z,700.12
5995696966070264,2024-06-17T06:29:08.771Z,-743.02
5995696966070264,2024-06-17T06:31:44.771Z,100.44
4210013133081688,2024-06-17T07:54:00.771Z,483.29
5581253985313232,2024-06-17T08:06:56.771Z,-639.62
4234709814496996,2024-06-17T09:53:08.771Z,-756.51
6437219155436606,2024-06-17T12:25:29.771Z,-741.18
6706534013288847,2024-06-17T12:42:33.771Z,-723.88
5926759033070471,2024-06-17T13:37:03.771Z,-362.81
5997179980717501,2024-06-17T13:38:52.771Z,-500.90
3618845513520900,2024-06-17T14:23:19.771Z,-629.69
4932629994846233,2024-06-17T15:04:42.771Z,342.07
6288853716425504,2024-06-17T15:06:12.771Z,-406.59
6472592460352496,2024-06-17T15:38:38.771Z,138.91
6288853716425504,2024-06-17T15:57:32.771Z,636.17
3690769043359511,2024-06-17T17:16:55.771Z,647.14
5581253985313232,2024-06-17T18:49:10.771Z,-884.85
3328090600295181,2024-06-17T19:57:15.771Z,988.81
6472592460352496,2024-06-17T20:24:15.771Z,-201.05
3171948530096903,2024-06-17T20:30:50.771Z,-814.45
5092446914149764,2024-06-17T23:04:11.771Z,-716.72
6218748060041639,2024-06-18T02:03:02.771Z,-867.00
3618845513520900,2024-06-18T04:44:58.771Z,204.61
6575315976430295,2024-06-18T05:57:45.771Z,874.69
6833412122497701,2024-06-18T08:16:44.771Z,-28.04
3037393026661280,2024-06-18T08:25:12.771Z,386.81
3578813208959317,2024-06-18T08:29:14.771Z,188.64
6575315976430295,2024-06-18T09:31:53.771Z,-982.26
5581253985313232,2024-06-18T10:32:28.771Z,-109.35
6419514998974763,2024-06-18T11:40:24.771Z,-891.44
3578813208959317,2024-06-18T11:42:03.771Z,-506.46
6734576552114648,2024-06-18T12:19:48.771Z,-3.35
6564109388484184,2024-06-18T14:14:28.771Z,335.57
6657327299602346,2024-06-18T15:30:26.771Z,498.95
6564109388484184,2024-06-18T15:40:57.771Z,-426.97
4235973154283559,2024-06-18T15:51:13.771Z,-803.00
5581253985313232,2024-06-18T16:44:30.771Z,480.66
3369832681865051,2024-06-18T16:52:48.771Z,53.30
3663297678172224,2024-06-18T18:13:02.771Z,702.68
6564109388484184,2024-06-18T18:13:28.771Z,27.06
6564109388484184,2024-06-18T18:37:34.771Z,-113.79
5216484446506263,2024-06-18T18:51:49.771Z,-660.62
3404349486560448,2024-06-18T19:50:40.771Z,-830.96
6472592460352496,2024-06-18T19:57:24.771Z,615.52
3618845513520900,2024-06-18T20:07:40.771Z,-544.63
6575315976430295,2024-06-18T20:11:51.771Z,540.99
3328090600295181,2024-06-18T20:54:02.771Z,-742.70
6288853716425504,2024-06-18T21:23:39.771Z,-889.12
6437219155436606,2024-06-18T21:41:13.771Z,649.23
6419514998974763,2024-06-18T22:13:29.771Z,771.63
6018480886031697,2024-06-18T22:36:01.771Z,-84.73
3219459079118226,2024-06-18T22:42:04.771Z,66.62
6288853716425504,2024-06-18T23:04:42.771Z,-569.87
5609879353687978,2024-06-18T23:41:16.771Z,-817.95
3369832681865051,2024-06-19T00:33:58.771Z,-447.48
4235973154283559,2024-06-19T00:50:39.771Z,-633.79
6006325963724299,2024-06-19T03:15:55.771Z,-850.70
3171948530096903,2024-06-19T03:48:52.771Z,167.78
5926759033070471,2024-06-19T04:53:39.771Z,-170.08
3742992852195954,2024-06-19T04:59:02.771Z,-485.66
5216484446506263,2024-06-19T05:02:05.771Z,733.68
5995696966070264,2024-06-19T05:42:51.771Z,-50.68
3171948530096903,2024-06-19T09:06:54.771Z,-169.38
3690769043359511,2024-06-19T10:35:51.771Z,701.89
6575315976430295,2024-06-19T13:56:05.771Z,-519.29
6288853716425504,2024-06-19T14:01:36.771Z,929.12
6288853716425504,2024-06-19T14:15:27.771Z,-475.82
6419514998974763,2024-06-19T15:49:18.771Z,470.01
5609879353687978,2024-06-19T16:26:56.771Z,-55.74
3690769043359511,2024-06-19T17:05:40.771Z,246.84
4210013133081688,2024-06-19T17:07:26.771Z,130.35
4235973154283559,2024-06-19T18:53:23.771Z,625.62
6419514998974763,2024-06-19T19:04:59.771Z,-190.63
3618845513520900,2024-06-19T19:21:34.771Z,271.96
3369832681865051,2024-06-19T20:17:26.771Z,-815.08
5581253985313232,2024-06-19T20:23:41.771Z,-696.23
3618845513520900,2024-06-19T20:42:55.771Z,35.78
5816050191711854,2024-06-19T20:47:33.771Z,183.23
5926759033070471,2024-06-19T21:04:50.771Z,-523.50
3663297678172224,2024-06-20T01:05:12.771Z,-657.77
5581253985313232,2024-06-20T01:28:43.771Z,-440.94
6734576552114648,2024-06-20T01:40:04.771Z,-342.57
6361000177795595,2024-06-20T04:20:36.771Z,-329.57
6564109388484184,2024-06-20T04:20:41.771Z,-824.18
3618845513520900,2024-06-20T05:23:22.771Z,139.95
6419514998974763,2024-06-20T08:04:09.771Z,-149.53
5816050191711854,2024-06-20T09:25:01.771Z,23.34
4024012623842318,2024-06-20T09:52:12.771Z,-555.10
6564109388484184,2024-06-20T11:00:20.771Z,-321.33
5705851002586967,2024-06-20T12:25:01.771Z,542.76
3589249568754350,2024-06-20T12:31:59.771Z,-685.34
3589249568754350,2024-06-20T12:40:56.771Z,-764.88
6218748060041639,2024-06-20T14:00:59.771Z,692.01
4024012623842318,2024-06-20T14:07:35.771Z,-995.37
3219459079118226,2024-06-20T14:15:04.771Z,-393.79
3336208249795480,2024-06-20T16:08:21.759Z,-181.27
3336208249795480,2024-06-20T16:08:21.759Z,-181.27
3336208249795480,2024-06-20T16:08:21.759Z,-181.27
6437219155436606,2024-06-20T17:49:29.771Z,-724.83
4234709814496996,2024-06-20T17:59:04.771Z,362.55
4024012623842318,2024-06-20T18:27:00.771Z,-666.31
5092446914149764,2024-06-20T18:41:45.771Z,675.20
3328090600295181,2024-06-20T19:30:31.771Z,204.69
5995696966070264,2024-06-20T19:58:29.771Z,594.10
5705851002586967,2024-06-20T20:00:01.771Z,-925.76
4234709814496996,2024-06-20T20:10:29.771Z,613.73
3742992852195954,2024-06-20T21:37:26.771Z,-449.84
4024012623842318,2024-06-20T22:32:12.771Z,-617.35
5581253985313232,2024-06-21T04:39:02.771Z,-348.61
3690769043359511,2024-06-21T05:20:14.771Z,-944.44
5092446914149764,2024-06-21T05:24:03.771Z,-430.70
3690769043359511,2024-06-21T07:19:09.771Z,-245.49
5997179980717501,2024-06-21T07:47:30.771Z,848.79
3171948530096903,2024-06-21T08:24:18.771Z,811.37
6218748060041639,2024-06-21T09:09:08.771Z,817.50
4024012623842318,2024-06-21T12:05:36.771Z,-171.54
3404349486560448,2024-06-21T12:58:31.771Z,-412.57
6575315976430295,2024-06-21T14:11:02.771Z,-266.31
5091360375658474,2024-06-21T14:30:37.771Z,58.45
5816050191711854,2024-06-21T14:33:12.771Z,663.28
5581253985313232,2024-06-21T14:46:04.771Z,-833.44
5216484446506263,2024-06-21T15:37:43.771Z,-213.59
3745155717279673,2024-06-21T16:57:19.771Z,-923.40
3089689896090797,2024-06-21T18:20:05.771Z,-104.56
5816050191711854,2024-06-21T18:24:03.771Z,-727.30
3589249568754350,2024-06-21T19:08:03.771Z,492.32
4378233413863490,2024-06-21T19:13:21.771Z,994.78
6734576552114648,2024-06-21T20:42:09.771Z,-376.11
3369832681865051,2024-06-21T21:25:40.771Z,-144.01
5581253985313232,2024-06-21T21:34:02.771Z,-832.50
3037393026661280,2024-06-21T22:19:02.771Z,-581.37
6657327299602346,2024-06-21T22:40:57.771Z,-412.66
4210013133081688,2024-06-21T23:54:27.771Z,-668.45
6018480886031697,2024-06-22T00:14:37.771Z,479.73
5581253985313232,2024-06-22T02:13:52.771Z,956.22
6288853716425504,2024-06-22T02:35:40.771Z,106.23
6734576552114648,2024-06-22T07:14:39.771Z,-765.88
6419514998974763,2024-06-22T08:08:49.771Z,905.29
3171948530096903,2024-06-22T08:15:18.771Z,264.46
6006325963724299,2024-06-22T08:15:59.771Z,418.57
5997179980717501,2024-06-22T08:31:14.771Z,465.41
6734576552114648,2024-06-22T10:00:41.771Z,414.53
6329931100465627,2024-06-22T10:12:42.771Z,-656.41
5995696966070264,2024-06-22T10:44:37.771Z,-256.30
4932629994846233,2024-06-22T10:54:46.771Z,-366.86
5091360375658474,2024-06-22T11:53:41.771Z,-714.52
3219459079118226,2024-06-22T12:27:23.771Z,-527.07
3328090600295181,2024-06-22T15:55:50.771Z,585.56
5581253985313232,2024-06-22T16:22:20.771Z,-867.92
6833412122497701,2024-06-22T17:34:37.771Z,975.48
3589249568754350,2024-06-22T18:01:30.771Z,-758.67
5926759033070471,2024-06-22T18:02:54.771Z,-462.99
6437219155436606,2024-06-22T19:22:43.771Z,-256.90
3578813208959317,2024-06-22T19:31:53.771Z,23.73
4932629994846233,2024-06-22T20:00:40.771Z,-0.44
3578813208959317,2024-06-22T20:36:48.771Z,-631.51
6006325963724299,2024-06-22T22:22:11.771Z,-674.98
4235973154283559,2024-06-22T22:32:03.771Z,-459.38
5618401722389028,2024-06-22T22:57:16.771Z,-843.80
3404349486560448,2024-06-23T00:43:50.771Z,-432.44
5091360375658474,2024-06-23T00:58:39.771Z,808.19
3537349596978716,2024-06-23T01:17:54.771Z,-267.91
5816050191711854,2024-06-23T01:22:01.771Z,-79.11
3089689896090797,2024-06-23T01:22:44.771Z,-284.10
3339801217806434,2024-06-23T01:30:10.771Z,-66.50
6218748060041639,2024-06-23T01:30:32.771Z,-418.67
5995696966070264,2024-06-23T01:55:11.771Z,481.84
6564109388484184,2024-06-23T02:46:02.771Z,636.92
6361000177795595,2024-06-23T03:04:50.771Z,42.06
6218748060041639,2024-06-23T04:30:17.771Z,-584.04
4726556059561949,2024-06-23T08:15:15.771Z,-277.85
3369832681865051,2024-06-23T09:26:43.771Z,-807.94
4210013133081688,2024-06-23T10:10:37.771Z,40.04
3618845513520900,2024-06-23T12:17:35.771Z,282.22
3745155717279673,2024-06-23T14:13:53.771Z,327.76
6419514998974763,2024-06-23T14:55:53.771Z,906.74
3339801217806434,2024-06-23T16:59:58.771Z,55.59
5618401722389028,2024-06-23T17:26:45.771Z,139.79
4378233413863490,2024-06-23T17:45:47.771Z,-941.92
4932629994846233,2024-06-23T20:05:43.771Z,-324.37
6472592460352496,2024-06-23T20:31:11.771Z,-282.09
3745155717279673,2024-06-23T21:19:39.771Z,-930.91
3339801217806434,2024-06-23T22:29:59.771Z,-90.02
3219459079118226,2024-06-24T01:45:58.771Z,-607.47
6706534013288847,2024-06-24T03:07:56.771Z,952.27
3578813208959317,2024-06-24T04:47:48.771Z,-478.63
3618845513520900,2024-06-24T05:07:18.771Z,531.68
5091360375658474,2024-06-24T05:57:24.771Z,-963.70
6288853716425504,2024-06-24T06:26:26.771Z,620.08
3589249568754350,2024-06-24T06:33:17.771Z,-540.29
5092446914149764,2024-06-24T07:56:52.771Z,-861.42
5618401722389028,2024-06-24T08:31:56.771Z,709.39
4932629994846233,2024-06-24T10:32:28.771Z,283.46
5997179980717501,2024-06-24T12:42:35.771Z,195.64
5609879353687978,2024-06-24T13:58:10.771Z,-730.84
3219459079118226,2024-06-24T14:46:37.771Z,-290.68
6564109388484184,2024-06-24T15:00:32.771Z,-576.54
6706534013288847,2024-06-24T16:12:23.771Z,-68.97
5705851002586967,2024-06-24T16:29:33.771Z,-229.31
6218748060041639,2024-06-24T16:30:19.771Z,-268.93
3171948530096903,2024-06-24T17:48:56.771Z,-827.31
3745155717279673,2024-06-24T18:10:01.771Z,71.86
6218748060041639,2024-06-24T19:24:49.771Z,920.70
6419514998974763,2024-06-24T19:51:58.771Z,209.80
3089689896090797,2024-06-24T20:04:24.771Z,-91.11
6329931100465627,2024-06-24T20:11:27.771Z,366.12
3339801217806434,2024-06-24T20:59:37.771Z,445.09
5705851002586967,2024-06-24T21:08:26.771Z,581.43
3537349596978716,2024-06-24T21:39:37.771Z,94.43
3404349486560448,2024-06-24T22:51:34.771Z,-46.98
6657327299602346,2024-06-24T22:53:34.771Z,-714.38
4024012623842318,2024-06-24T23:13:34.771Z,744.41
6288853716425504,2024-06-25T00:11:10.771Z,-286.82
3328090600295181,2024-06-25T00:43:03.771Z,-828.32
4024012623842318,2024-06-25T00:51:22.771Z,-134.29
5618401722389028,2024-06-25T01:05:41.771Z,-45.36
5926759033070471,2024-06-25T01:51:46.771Z,241.89
6218748060041639,2024-06-25T02:34:22.771Z,-351.68
3820307659851859,2024-06-25T03:18:50.771Z,741.70
3589249568754350,2024-06-25T03:40:05.771Z,-450.06
6564109388484184,2024-06-25T03:58:12.771Z,421.19
3663297678172224,2024-06-25T05:00:45.771Z,583.17
3537349596978716,2024-06-25T06:15:57.771Z,149.98
4235973154283559,2024-06-25T08:13:24.771Z,295.20
3037393026661280,2024-06-25T08:49:17.771Z,-736.17
5092446914149764,2024-06-25T08:54:33.771Z,-101.12
5816050191711854,2024-06-25T09:35:35.771Z,712.99
3339801217806434,2024-06-25T10:25:51.771Z,707.44
4932629994846233,2024-06-25T10:50:27.771Z,281.47
3404349486560448,2024-06-25T11:01:06.771Z,67.41
5995696966070264,2024-06-25T12:11:59.771Z,831.43
6419514998974763,2024-06-25T13:50:07.771Z,793.67
3578813208959317,2024-06-25T14:45:59.771Z,-153.48
6575315976430295,2024-06-25T15:02:46.771Z,-394.82
6564109388484184,2024-06-25T15:19:34.771Z,-111.76
6833412122497701,2024-06-25T16:09:45.771Z,449.87
6714744990978278,2024-06-25T18:59:37.759Z,-334.75
6714744990978278,2024-06-25T18:59:37.759Z,-334.75
6714744990978278,2024-06-25T18:59:37.759Z,-334.75
5618401722389028,2024-06-25T19:34:06.771Z,-436.93
4932629994846233,2024-06-25T22:06:00.771Z,580.34
4235973154283559,2024-06-25T23:00:59.771Z,333.27
5816050191711854,2024-06-25T23:24:45.771Z,74.91
3328090600295181,2024-06-25T23:54:13.771Z,818.57
6706534013288847,2024-06-26T00:00:54.771Z,-200.82
3742992852195954,2024-06-26T02:56:23.771Z,867.08
5705851002586967,2024-06-26T03:04:08.771Z,-679.94
6361000177795595,2024-06-26T03:52:20.771Z,-889.97
3820307659851859,2024-06-26T04:16:46.771Z,-351.35
4234709814496996,2024-06-26T05:14:44.771Z,316.34
3690769043359511,2024-06-26T06:07:45.771Z,-490.24
6218748060041639,2024-06-26T06:47:47.771Z,446.33
3037393026661280,2024-06-26T09:06:54.771Z,117.97
3328090600295181,2024-06-26T11:45:19.771Z,851.90
6657327299602346,2024-06-26T11:58:34.771Z,88.16
4726556059561949,2024-06-26T13:08:36.771Z,953.45
3690769043359511,2024-06-26T14:00:29.771Z,-109.80
5997179980717501,2024-06-26T15:08:25.771Z,615.56
6288853716425504,2024-06-26T15:11:52.771Z,-136.22
5091360375658474,2024-06-26T15:27:23.771Z,427.86
6437219155436606,2024-06-26T15:28:31.771Z,819.82
5091360375658474,2024-06-26T15:42:05.771Z,776.77
6472592460352496,2024-06-26T15:42:41.771Z,455.55
6419514998974763,2024-06-26T15:51:35.771Z,891.30
4235973154283559,2024-06-26T15:54:15.771Z,-347.56
6706534013288847,2024-06-26T16:12:17.771Z,774.55
3369832681865051,2024-06-26T16:35:12.771Z,-827.98
6419514998974763,2024-06-26T16:44:58.771Z,-515.10
6564109388484184,2024-06-26T17:29:53.771Z,-634.86
6361000177795595,2024-06-26T19:18:47.771Z,408.38
5997179980717501,2024-06-26T22:35:50.771Z,-393.26
4932629994846233,2024-06-27T00:44:31.771Z,139.31
5816050191711854,2024-06-27T01:30:45.771Z,191.35
3339801217806434,2024-06-27T01:34:02.771Z,557.34
5216484446506263,2024-06-27T01:58:54.771Z,848.60
3663297678172224,2024-06-27T03:10:55.771Z,-710.51
6006325963724299,2024-06-27T05:14:17.771Z,-819.31
6361000177795595,2024-06-27T05:32:09.771Z,378.71
5092446914149764,2024-06-27T05:34:33.771Z,-225.19
6833412122497701,2024-06-27T08:08:22.771Z,-346.57
4234709814496996,2024-06-27T10:29:01.771Z,-703.39
5926759033070471,2024-06-27T10:44:46.771Z,768.22
6734576552114648,2024-06-27T13:12:50.771Z,-191.87
5609879353687978,2024-06-27T13:35:18.771Z,466.29
5609879353687978,2024-06-27T13:56:46.771Z,-241.17
3663297678172224,2024-06-27T14:03:55.771Z,170.72
4210013133081688,2024-06-27T14:53:48.771Z,782.56
6288853716425504,2024-06-27T15:33:55.771Z,-357.86
6657327299602346,2024-06-27T15:39:42.771Z,-36.38
3742992852195954,2024-06-27T15:48:22.771Z,539.61
5618401722389028,2024-06-27T16:30:02.771Z,266.10
6361000177795595,2024-06-27T16:38:00.771Z,-261.41
3089689896090797,2024-06-27T17:11:03.771Z,-552.99
3589249568754350,2024-06-27T18:35:04.771Z,657.18
5092446914149764,2024-06-27T19:23:18.771Z,-954.08
3589249568754350,2024-06-27T20:39:47.771Z,-580.40
6018480886031697,2024-06-27T20:54:39.771Z,32.35
3663297678172224,2024-06-27T22:08:38.771Z,220.12
6361000177795595,2024-06-27T22:13:09.771Z,618.95
5997179980717501,2024-06-27T23:00:14.771Z,-423.19
6006325963724299,2024-06-27T23:26:16.771Z,-717.81
3820307659851859,2024-06-28T00:35:35.771Z,-622.13
5705851002586967,2024-06-28T01:24:02.771Z,468.62
5091360375658474,2024-06-28T01:43:01.771Z,-875.44
5705851002586967,2024-06-28T02:54:55.771Z,-915.31
6437219155436606,2024-06-28T03:50:51.771Z,-581.98
3219459079118226,2024-06-28T04:25:37.771Z,-718.68
4235973154283559,2024-06-28T04:31:58.771Z,-895.48
3578813208959317,2024-06-28T04:50:05.771Z,-67.75
4024012623842318,2024-06-28T05:10:49.771Z,-122.09
6575315976430295,2024-06-28T05:32:20.771Z,-513.60
3537349596978716,2024-06-28T06:54:08.771Z,-639.89
6329931100465627,2024-06-28T08:23:42.771Z,-951.23
6288853716425504,2024-06-28T09:10:17.771Z,-287.93
6657327299602346,2024-06-28T09:33:23.771Z,-987.59
3089689896090797,2024-06-28T11:04:27.771Z,-998.38
6288853716425504,2024-06-28T11:04:38.771Z,612.23
3339801217806434,2024-06-28T13:04:22.771Z,-335.76
5581253985313232,2024-06-28T15:22:31.771Z,-566.37
6564109388484184,2024-06-28T15:39:20.771Z,102.40
3742992852195954,2024-06-28T18:56:59.771Z,820.34
3537349596978716,2024-06-28T19:59:31.771Z,273.33
5997179980717501,2024-06-28T20:33:38.771Z,-383.91
5995696966070264,2024-06-28T21:07:17.771Z,-630.51
5618401722389028,2024-06-28T22:13:52.771Z,-260.46
3324679021275326,2024-06-28T22:58:09.759Z,591.73
3324679021275326,2024-06-28T22:58:09.759Z,591.73
3324679021275326,2024-06-28T22:58:09.759Z,591.73
5995696966070264,2024-06-28T23:13:52.771Z,649.87
5091360375658474,2024-06-29T02:00:38.771Z,64.53
6419514998974763,2024-06-29T03:25:01.771Z,694.96
6419514998974763,2024-06-29T09:48:57.771Z,220.47
6288853716425504,2024-06-29T10:01:03.771Z,-538.33
5926759033070471,2024-06-29T10:18:03.771Z,-296.97
4932629994846233,2024-06-29T10:24:08.771Z,-144.36
5581253985313232,2024-06-29T10:58:18.771Z,724.69
6006325963724299,2024-06-29T11:30:13.771Z,793.24
4378233413863490,2024-06-29T12:58:41.771Z,-301.22
3820307659851859,2024-06-29T14:32:58.771Z,99.46
6419514998974763,2024-06-29T15:07:03.771Z,738.59
6734576552114648,2024-06-29T15:36:32.771Z,-293.11
6833412122497701,2024-06-29T16:51:45.771Z,132.22
3578813208959317,2024-06-29T17:29:04.771Z,815.30
6575315976430295,2024-06-29T17:45:20.771Z,-468.94
6361000177795595,2024-06-29T17:59:04.771Z,175.61
6288853716425504,2024-06-29T18:33:49.771Z,-537.68
6018480886031697,2024-06-29T19:06:24.771Z,647.59
6575315976430295,2024-06-29T20:40:44.771Z,939.37
3745155717279673,2024-06-29T21:38:10.771Z,-505.68
6833412122497701,2024-06-30T00:54:13.771Z,-144.49
5618401722389028,2024-06-30T03:47:12.771Z,348.14
5091360375658474,2024-06-30T04:34:09.771Z,214.30
5816050191711854,2024-06-30T05:05:04.771Z,421.20
6218748060041639,2024-06-30T05:39:21.771Z,-435.85
3171948530096903,2024-06-30T05:58:26.771Z,-112.25
3589249568754350,2024-06-30T08:22:25.771Z,308.94
4024012623842318,2024-06-30T09:19:09.771Z,639.04
3618845513520900,2024-06-30T10:24:49.771Z,-844.43
3618845513520900,2024-06-30T10:34:11.771Z,832.70
4378233413863490,2024-06-30T11:33:43.771Z,940.72
3589249568754350,2024-06-30T12:34:55.771Z,532.06
6575315976430295,2024-06-30T14:44:48.771Z,350.19
5609879353687978,2024-06-30T15:48:35.771Z,-59.49
5926759033070471,2024-06-30T17:16:09.771Z,118.67
3618845513520900,2024-06-30T18:02:26.771Z,-602.72
5618401722389028,2024-06-30T18:13:43.771Z,133.65
4726556059561949,2024-06-30T18:55:33.771Z,-855.32
5092446914149764,2024-06-30T20:20:42.771Z,-736.14
4726556059561949,2024-06-30T20:23:58.771Z,504.43
5997179980717501,2024-06-30T20:26:48.771Z,884.20
3171948530096903,2024-06-30T21:57:21.771Z,-499.50
6437219155436606,2024-06-30T23:37:27.771Z,619.49
5926759033070471,2024-07-01T00:21:16.771Z,-574.66
4234709814496996,2024-07-01T02:04:46.771Z,109.96
6006325963724299,2024-07-01T03:19:49.771Z,899.50
3578813208959317,2024-07-01T03:33:50.771Z,-828.41
3589249568754350,2024-07-01T05:06:14.771Z,706.61
5705851002586967,2024-07-01T06:22:52.771Z,471.27
6437219155436606,2024-07-01T06:38:53.771Z,-444.93
5997179980717501,2024-07-01T06:43:45.771Z,913.17
4932629994846233,2024-07-01T07:10:14.771Z,-666.47
6018480886031697,2024-07-01T08:29:47.771Z,-903.29
5609879353687978,2024-07-01T10:09:49.771Z,886.30
5609879353687978,2024-07-01T10:42:51.771Z,514.10
4024012623842318,2024-07-01T12:12:11.771Z,347.69
6734576552114648,2024-07-01T12:55:47.771Z,-790.80
5581253985313232,2024-07-01T13:37:21.771Z,-844.79
3339801217806434,2024-07-01T16:01:15.771Z,-834.86
6734576552114648,2024-07-01T16:02:32.771Z,-657.93
5581253985313232,2024-07-01T17:01:56.771Z,-199.51
3328090600295181,2024-07-01T17:04:38.771Z,-148.17
5609879353687978,2024-07-01T17:06:39.771Z,247.26
4024012623842318,2024-07-01T17:19:29.771Z,145.63
3404349486560448,2024-07-01T17:35:54.771Z,924.21
5997179980717501,2024-07-01T19:25:23.771Z,321.41
6472592460352496,2024-07-01T20:53:49.771Z,-824.73
5816050191711854,2024-07-01T20:55:54.771Z,-282.64
3037393026661280,2024-07-01T21:22:36.771Z,-419.68
5705851002586967,2024-07-01T21:23:00.771Z,-879.64
4210013133081688,2024-07-01T23:05:13.771Z,-360.97
5092446914149764,2024-07-01T23:28:21.771Z,-58.42
3690769043359511,2024-07-02T00:38:37.771Z,-755.37
5705851002586967,2024-07-02T01:31:19.771Z,724.40
5995696966070264,2024-07-02T02:34:03.771Z,203.43
4932629994846233,2024-07-02T03:01:04.771Z,81.47
3537349596978716,2024-07-02T03:54:37.771Z,-401.29
5092446914149764,2024-07-02T08:18:37.771Z,-437.75
5618401722389028,2024-07-02T10:36:58.771Z,35.41
3369832681865051,2024-07-02T14:25:28.771Z,386.73
3742992852195954,2024-07-02T14:38:36.771Z,-206.28
6437219155436606,2024-07-02T15:32:50.771Z,644.54
4024012623842318,2024-07-02T15:37:01.771Z,177.36
3589249568754350,2024-07-02T15:53:40.771Z,984.06
6218748060041639,2024-07-02T18:48:00.771Z,912.14
4210013133081688,2024-07-02T19:53:04.771Z,-230.39
5216484446506263,2024-07-02T20:22:04.771Z,-110.05
6564109388484184,2024-07-02T20:42:42.771Z,14.57
6472592460352496,2024-07-02T20:45:40.771Z,516.07
3578813208959317,2024-07-02T21:51:40.771Z,211.63
4024012623842318,2024-07-03T00:44:41.771Z,-521.85
3578813208959317,2024-07-03T02:46:48.771Z,330.18
3404349486560448,2024-07-03T03:45:41.771Z,-931.76
3820307659851859,2024-07-03T04:17:00.771Z,621.16
6472592460352496,2024-07-03T04:41:27.771Z,309.18
6018480886031697,2024-07-03T05:00:58.771Z,357.86
3589249568754350,2024-07-03T05:07:58.771Z,261.96
4234709814496996,2024-07-03T06:24:37.771Z,46.55
3369832681865051,2024-07-03T07:36:01.771Z,742.69
3745155717279673,2024-07-03T09:36:03.771Z,-524.02
6833412122497701,2024-07-03T09:52:31.771Z,-99.35
3328090600295181,2024-07-03T10:44:55.771Z,871.52
3618845513520900,2024-07-03T11:23:58.771Z,-585.08
3328090600295181,2024-07-03T11:59:00.771Z,-607.89
6833412122497701,2024-07-03T12:42:25.771Z,-867.41
3537349596978716,2024-07-03T13:02:59.771Z,603.54
3404349486560448,2024-07-03T16:36:17.771Z,-732.80
3089689896090797,2024-07-03T17:19:23.771Z,980.35
4234709814496996,2024-07-03T18:17:05.771Z,793.40
6288853716425504,2024-07-03T18:34:49.771Z,-645.27
4378233413863490,2024-07-03T20:01:24.771Z,432.35
4726556059561949,2024-07-03T20:57:51.771Z,-966.74
3339801217806434,2024-07-03T21:05:22.771Z,-758.80
3537349596978716,2024-07-03T22:19:57.771Z,350.68
3589249568754350,2024-07-03T23:11:00.771Z,-695.05
6657327299602346,2024-07-04T00:48:30.771Z,-681.64
3589249568754350,2024-07-04T01:02:35.771Z,-266.32
3339801217806434,2024-07-04T01:06:03.771Z,188.28
3171948530096903,2024-07-04T01:21:38.771Z,-671.52
6472592460352496,2024-07-04T02:44:11.771Z,-110.71
3089689896090797,2024-07-04T03:20:37.771Z,436.02
3578813208959317,2024-07-04T04:53:00.771Z,99.94
5216484446506263,2024-07-04T05:11:25.771Z,573.03
4024012623842318,2024-07-04T05:30:42.771Z,110.48
3369832681865051,2024-07-04T07:20:01.771Z,924.23
5926759033070471,2024-07-04T07:25:58.771Z,-500.32
6437219155436606,2024-07-04T08:09:07.771Z,-596.73
6575315976430295,2024-07-04T08:10:16.771Z,251.83
3578813208959317,2024-07-04T08:58:49.771Z,-415.90
3171948530096903,2024-07-04T10:16:39.771Z,944.08
3618845513520900,2024-07-04T11:29:15.771Z,507.84
3589249568754350,2024-07-04T11:34:03.771Z,511.84
6833412122497701,2024-07-04T11:45:50.771Z,776.93
3089689896090797,2024-07-04T13:39:51.771Z,-685.77
3328090600295181,2024-07-04T13:44:25.771Z,291.25
6329931100465627,2024-07-04T13:47:38.771Z,-707.98
3820307659851859,2024-07-04T14:54:53.771Z,479.46
4210013133081688,2024-07-04T16:24:20.771Z,650.36
5618401722389028,2024-07-04T17:12:27.771Z,-683.58
5216484446506263,2024-07-04T18:22:11.771Z,611.28
4726556059561949,2024-07-04T18:37:38.771Z,156.68
5092446914149764,2024-07-04T19:47:13.771Z,-749.16
5995696966070264,2024-07-04T22:04:13.771Z,743.30
4235973154283559,2024-07-04T22:48:18.771Z,708.97
3589249568754350,2024-07-04T22:52:41.771Z,824.75
4932629994846233,2024-07-04T23:13:30.771Z,710.21
5609879353687978,2024-07-04T23:59:14.771Z,-268.29
3037393026661280,2024-07-05T01:26:23.771Z,-639.48
3690769043359511,2024-07-05T01:31:20.771Z,946.49
4726556059561949,2024-07-05T01:46:30.771Z,-796.46
5609879353687978,2024-07-05T02:56:54.771Z,525.04
6437219155436606,2024-07-05T04:18:53.771Z,386.55
5091360375658474,2024-07-05T06:02:00.771Z,-919.80
5581253985313232,2024-07-05T07:49:42.771Z,-892.15
6437219155436606,2024-07-05T08:24:20.771Z,848.33
3089689896090797,2024-07-05T09:18:20.771Z,-568.31
4932629994846233,2024-07-05T11:31:45.771Z,980.36
3618845513520900,2024-07-05T13:08:37.771Z,879.41
5581253985313232,2024-07-05T13:13:14.771Z,660.18
4378233413863490,2024-07-05T14:42:52.771Z,-585.10
3369832681865051,2024-07-05T15:13:46.771Z,775.15
3663297678172224,2024-07-05T16:09:56.771Z,-621.44
6833412122497701,2024-07-05T16:52:00.771Z,379.17
6218748060041639,2024-07-05T20:12:33.771Z,351.17
6329931100465627,2024-07-05T20:20:22.771Z,-887.15
3328090600295181,2024-07-05T20:34:20.771Z,-17.59
5609879353687978,2024-07-05T20:46:51.771Z,-817.26
6833412122497701,2024-07-05T20:47:17.771Z,-328.34
5816050191711854,2024-07-05T20:53:21.771Z,808.76
6419514998974763,2024-07-05T21:48:43.771Z,40.24
3037393026661280,2024-07-05T22:40:07.771Z,587.08
4726556059561949,2024-07-05T22:53:36.771Z,908.98
5926759033070471,2024-07-05T23:31:59.771Z,134.85
5581253985313232,2024-07-05T23:59:31.771Z,-79.57
5705851002586967,2024-07-06T00:07:21.771Z,-212.62
5995696966070264,2024-07-06T00:54:02.771Z,-466.73
6575315976430295,2024-07-06T01:02:53.771Z,406.92
3618845513520900,2024-07-06T02:31:44.771Z,-778.70
6472592460352496,2024-07-06T02:46:47.771Z,173.18
5926759033070471,2024-07-06T04:37:00.771Z,-129.13
5705851002586967,2024-07-06T04:56:28.771Z,589.47
6218748060041639,2024-07-06T05:27:02.771Z,262.47
3742992852195954,2024-07-06T06:22:40.771Z,86.77
6329931100465627,2024-07-06T06:32:28.771Z,-380.92
6657327299602346,2024-07-06T08:08:18.771Z,-203.07
3219459079118226,2024-07-06T09:33:11.771Z,-406.48
3618845513520900,2024-07-06T09:38:41.771Z,-391.46
4932629994846233,2024-07-06T10:57:45.771Z,-434.90
3037393026661280,2024-07-06T11:08:53.771Z,-792.70
3339801217806434,2024-07-06T11:24:36.771Z,662.94
5091360375658474,2024-07-06T17:29:01.771Z,-88.32
3037393026661280,2024-07-06T17:47:32.771Z,-667.11
6329931100465627,2024-07-06T19:34:03.771Z,-503.06
3745155717279673,2024-07-06T20:08:39.771Z,129.46
6329931100465627,2024-07-06T21:26:20.771Z,592.09
5997179980717501,2024-07-06T22:02:37.771Z,-449.26
4234709814496996,2024-07-06T23:42:44.771Z,-271.73
3219459079118226,2024-07-06T23:52:49.771Z,293.66
3578813208959317,2024-07-07T01:39:07.771Z,524.67
4024012623842318,2024-07-07T02:07:13.771Z,-827.54
5816050191711854,2024-07-07T03:01:39.771Z,562.65
3690769043359511,2024-07-07T03:12:19.771Z,-590.15
3369832681865051,2024-07-07T04:37:02.771Z,146.26
6657327299602346,2024-07-07T05:14:03.771Z,110.74
3089689896090797,2024-07-07T05:31:35.771Z,251.00
5997179980717501,2024-07-07T06:28:31.771Z,-875.72
5092446914149764,2024-07-07T06:30:00.771Z,-244.78
6575315976430295,2024-07-07T06:58:25.771Z,963.83
3663297678172224,2024-07-07T07:51:44.771Z,-997.30
3618845513520900,2024-07-07T07:56:25.771Z,497.10
3089689896090797,2024-07-07T08:53:12.771Z,-625.48
4378233413863490,2024-07-07T09:34:52.771Z,-163.91
3404349486560448,2024-07-07T09:39:54.771Z,206.42
6833412122497701,2024-07-07T10:40:20.771Z,-554.66
5092446914149764,2024-07-07T12:05:20.771Z,-839.62
5092446914149764,2024-07-07T12:15:13.771Z,-745.46
3171948530096903,2024-07-07T12:42:36.771Z,-263.21
3037393026661280,2024-07-07T13:37:18.771Z,25.90
4234709814496996,2024-07-07T14:25:08.771Z,-293.05
4210013133081688,2024-07-07T16:01:34.771Z,-964.74
4726556059561949,2024-07-07T16:05:39.771Z,-963.51
3328090600295181,2024-07-07T18:01:13.771Z,-117.25
6006325963724299,2024-07-07T18:38:36.771Z,159.10
3369832681865051,2024-07-07T19:01:20.771Z,485.38
3219459079118226,2024-07-07T19:10:49.771Z,779.20
3663297678172224,2024-07-07T19:40:07.771Z,-498.93
3339801217806434,2024-07-07T19:52:13.771Z,-405.66
5553959204036891,2024-07-07T21:26:54.759Z,-309.34
5553959204036891,2024-07-07T21:26:54.759Z,-309.34
5553959204036891,2024-07-07T21:26:54.759Z,-309.34
3171948530096903,2024-07-07T21:41:05.771Z,-699.59
5705851002586967,2024-07-07T21:55:30.771Z,267.21
3037393026661280,2024-07-07T21:58:16.771Z,912.96
3037393026661280,2024-07-07T22:23:25.771Z,-427.81
6706534013288847,2024-07-08T01:11:03.771Z,-702.40
3745155717279673,2024-07-08T01:26:47.771Z,-231.99
4378233413863490,2024-07-08T03:05:51.771Z,698.06
3171948530096903,2024-07-08T03:52:42.771Z,160.96
5926759033070471,2024-07-08T04:45:49.771Z,-532.57
4234709814496996,2024-07-08T05:07:04.771Z,520.14
3219459079118226,2024-07-08T06:53:55.771Z,-484.05
6018480886031697,2024-07-08T08:27:42.771Z,-184.59
3690769043359511,2024-07-08T08:45:01.771Z,790.04
3663297678172224,2024-07-08T10:03:22.771Z,-413.42
3742992852195954,2024-07-08T10:48:59.771Z,-791.78
6706534013288847,2024-07-08T11:15:24.771Z,-218.94
4210013133081688,2024-07-08T11:40:32.771Z,-142.13
6006325963724299,2024-07-08T13:24:59.771Z,-90.43
3328090600295181,2024-07-08T13:39:04.771Z,479.27
6006325963724299,2024-07-08T16:23:55.771Z,-86.97
5618401722389028,2024-07-08T16:32:53.771Z,138.53
3328090600295181,2024-07-08T17:17:59.771Z,133.40
4235973154283559,2024-07-08T19:32:33.771Z,42.09
6329931100465627,2024-07-08T19:40:26.771Z,695.38
6657327299602346,2024-07-08T21:07:31.771Z,265.71
4234709814496996,2024-07-09T00:44:59.771Z,246.51
4726556059561949,2024-07-09T00:54:17.771Z,9.14
6472592460352496,2024-07-09T01:51:29.771Z,130.84
6218748060041639,2024-07-09T02:50:27.771Z,519.71
6437219155436606,2024-07-09T04:20:39.771Z,107.44
5816050191711854,2024-07-09T04:35:23.771Z,-819.35
5995696966070264,2024-07-09T04:56:28.771Z,-9.66
6288853716425504,2024-07-09T05:29:06.771Z,-565.17
5581253985313232,2024-07-09T08:01:20.771Z,-305.02
3537349596978716,2024-07-09T08:32:32.771Z,-179.36
3037393026661280,2024-07-09T11:08:03.771Z,-55.09
6833412122497701,2024-07-09T11:29:17.771Z,-315.89
6833412122497701,2024-07-09T12:35:40.771Z,595.36
4024012623842318,2024-07-09T14:02:22.771Z,316.04
5618401722389028,2024-07-09T14:59:23.771Z,-725.62
5816050191711854,2024-07-09T15:26:03.771Z,-790.47
3037393026661280,2024-07-09T15:47:13.771Z,446.55
6657327299602346,2024-07-09T16:28:11.771Z,304.09
4024012623842318,2024-07-09T16:56:48.771Z,-425.79
3404349486560448,2024-07-09T17:09:00.771Z,-479.59
3618845513520900,2024-07-09T18:01:14.771Z,254.74
6018480886031697,2024-07-09T20:05:19.771Z,120.22
4024012623842318,2024-07-09T20:08:54.771Z,-618.15
6833412122497701,2024-07-09T21:51:02.771Z,-5.75
3745155717279673,2024-07-09T22:33:14.771Z,999.95
5092446914149764,2024-07-09T23:19:37.771Z,102.32
5609879353687978,2024-07-10T00:02:37.771Z,-69.69
3578813208959317,2024-07-10T00:43:20.771Z,-920.77
3369832681865051,2024-07-10T01:03:34.771Z,678.69
6006325963724299,2024-07-10T01:51:55.771Z,-370.99
6734576552114648,2024-07-10T03:19:41.771Z,-871.61
6564109388484184,2024-07-10T03:37:27.771Z,148.24
3404349486560448,2024-07-10T03:38:23.771Z,61.39
3589249568754350,2024-07-10T03:54:28.771Z,162.73
5092446914149764,2024-07-10T04:49:31.771Z,-147.26
3745155717279673,2024-07-10T08:03:23.771Z,513.73
3037393026661280,2024-07-10T09:04:49.771Z,468.31
6833412122497701,2024-07-10T09:49:33.771Z,-371.96
5581253985313232,2024-07-10T10:09:26.771Z,637.72
3690769043359511,2024-07-10T10:15:18.771Z,253.43
6833412122497701,2024-07-10T11:35:47.771Z,-67.10
6472592460352496,2024-07-10T14:24:08.771Z,-786.23
6564109388484184,2024-07-10T15:06:12.771Z,300.04
6472592460352496,2024-07-10T16:12:51.771Z,-638.56
5092446914149764,2024-07-10T17:28:28.771Z,-799.26
4378233413863490,2024-07-10T17:46:54.771Z,-298.96
4726556059561949,2024-07-10T18:52:11.771Z,824.20
5581253985313232,2024-07-10T20:00:05.771Z,-639.78
3219459079118226,2024-07-10T22:06:08.771Z,-623.83
4234709814496996,2024-07-10T22:56:43.771Z,-822.44
3742992852195954,2024-07-10T23:43:21.771Z,822.32
4235973154283559,2024-07-11T01:12:56.771Z,731.19
5581253985313232,2024-07-11T04:09:13.771Z,-426.89
6706534013288847,2024-07-11T04:33:59.771Z,788.14
6288853716425504,2024-07-11T05:47:06.771Z,272.63
3578813208959317,2024-07-11T05:59:31.771Z,-103.62
3328090600295181,2024-07-11T06:46:16.771Z,739.30
6437219155436606,2024-07-11T06:55:27.771Z,-871.68
5816050191711854,2024-07-11T07:24:09.771Z,558.28
3171948530096903,2024-07-11T07:46:52.771Z,-588.79
6018480886031697,2024-07-11T07:51:18.771Z,485.61
3369832681865051,2024-07-11T08:05:59.771Z,854.03
3328090600295181,2024-07-11T08:26:56.771Z,783.87
6833412122497701,2024-07-11T09:17:06.771Z,-736.81
6437219155436606,2024-07-11T09:34:01.771Z,-111.84
6564109388484184,2024-07-11T10:18:01.771Z,419.60
3339801217806434,2024-07-11T11:25:58.771Z,737.19
3618845513520900,2024-07-11T11:30:18.771Z,844.43
3219459079118226,2024-07-11T12:36:18.771Z,-4.45
3745155717279673,2024-07-11T13:01:49.771Z,177.24
5997179980717501,2024-07-11T14:12:34.771Z,-602.72
5997179980717501,2024-07-11T14:54:47.771Z,-201.10
5705851002586967,2024-07-11T15:29:38.771Z,-849.59
3369832681865051,2024-07-11T15:59:07.771Z,-865.23
5995696966070264,2024-07-11T16:13:01.771Z,867.50
3820307659851859,2024-07-11T16:46:51.771Z,-185.63
5705851002586967,2024-07-11T17:51:14.771Z,-717.37
3537349596978716,2024-07-11T19:15:03.771Z,-25.21
5816050191711854,2024-07-11T19:59:19.771Z,-964.53
3037393026661280,2024-07-11T21:19:17.771Z,356.91
5216484446506263,2024-07-11T22:29:09.771Z,-585.58
3690769043359511,2024-07-11T23:23:57.771Z,126.97
3089689896090797,2024-07-11T23:42:39.771Z,171.12
6419514998974763,2024-07-12T00:07:01.771Z,644.33
4024012623842318,2024-07-12T00:51:48.771Z,732.47
4932629994846233,2024-07-12T01:56:12.771Z,20.98
4726556059561949,2024-07-12T02:06:14.771Z,504.58
3663297678172224,2024-07-12T03:02:25.771Z,834.45
6018480886031697,2024-07-12T03:06:52.771Z,-212.41
5581253985313232,2024-07-12T04:37:31.771Z,-161.08
3690769043359511,2024-07-12T05:04:36.771Z,607.26
6419514998974763,2024-07-12T05:35:43.771Z,-948.23
5618401722389028,2024-07-12T06:13:05.771Z,482.21
4932629994846233,2024-07-12T08:07:49.771Z,747.52
6734576552114648,2024-07-12T11:22:24.771Z,299.33
6218748060041639,2024-07-12T12:08:40.771Z,540.56
3537349596978716,2024-07-12T12:24:35.771Z,-945.18
3663297678172224,2024-07-12T12:59:07.771Z,-868.18
3171948530096903,2024-07-12T13:18:32.771Z,-803.95
6218748060041639,2024-07-12T13:29:37.771Z,-301.31
4932629994846233,2024-07-12T17:19:58.771Z,479.88
5092446914149764,2024-07-12T18:15:52.771Z,-313.40
5997179980717501,2024-07-12T18:15:56.771Z,-470.97
3369832681865051,2024-07-12T18:47:40.771Z,-330.75
3339801217806434,2024-07-12T21:04:24.771Z,-401.50
4210013133081688,2024-07-12T21:16:02.771Z,127.73
6472592460352496,2024-07-12T21:39:53.771Z,915.62
5581253985313232,2024-07-13T02:38:02.771Z,-68.49
3328090600295181,2024-07-13T02:52:25.771Z,-227.66
3219459079118226,2024-07-13T03:24:38.771Z,-511.23
3324679021275326,2024-07-13T04:36:10.759Z,-219.31
3324679021275326,2024-07-13T04:36:10.759Z,-219.31
3324679021275326,2024-07-13T04:36:10.759Z,-219.31
5997179980717501,2024-07-13T04:49:48.771Z,-77.43
4378233413863490,2024-07-13T06:31:37.771Z,787.59
5926759033070471,2024-07-13T07:42:43.771Z,-913.16
5816050191711854,2024-07-13T08:50:14.771Z,-621.39
5995696966070264,2024-07-13T09:25:06.771Z,454.79
3339801217806434,2024-07-13T10:15:37.771Z,-901.49
5705851002586967,2024-07-13T12:17:36.771Z,-981.02
6419514998974763,2024-07-13T12:24:55.771Z,-496.98
3742992852195954,2024-07-13T12:25:52.771Z,725.78
5609879353687978,2024-07-13T14:32:11.771Z,902.64
4932629994846233,2024-07-13T14:39:14.771Z,-254.37
3742992852195954,2024-07-13T15:15:47.771Z,472.89
6006325963724299,2024-07-13T15:44:00.771Z,-140.75
4024012623842318,2024-07-13T15:56:12.771Z,668.47
4726556059561949,2024-07-13T16:23:51.771Z,555.13
6218748060041639,2024-07-13T19:07:15.771Z,153.40
4235973154283559,2024-07-13T19:18:46.771Z,265.29
6218748060041639,2024-07-13T20:01:21.771Z,-666.06
6437219155436606,2024-07-13T20:58:16.771Z,-553.59
5092446914149764,2024-07-13T22:40:05.771Z,-822.71
6575315976430295,2024-07-13T23:12:50.771Z,-730.19
6018480886031697,2024-07-14T00:07:15.771Z,862.18
3663297678172224,2024-07-14T00:19:15.771Z,158.62
3339801217806434,2024-07-14T01:00:58.771Z,-250.07
6734576552114648,2024-07-14T01:02:22.771Z,448.76
4234709814496996,2024-07-14T01:30:22.771Z,197.22
3589249568754350,2024-07-14T02:46:53.771Z,-869.55
4234709814496996,2024-07-14T06:20:56.771Z,789.37
6564109388484184,2024-07-14T07:06:09.771Z,-721.57
5581253985313232,2024-07-14T07:06:59.771Z,797.98
4378233413863490,2024-07-14T07:27:47.771Z,-308.93
5091360375658474,2024-07-14T10:16:03.771Z,-873.78
5092446914149764,2024-07-14T10:30:32.771Z,-848.86
6472592460352496,2024-07-14T10:33:09.771Z,-845.85
3690769043359511,2024-07-14T12:05:03.771Z,14.54
5705851002586967,2024-07-14T12:30:31.771Z,-574.48
4932629994846233,2024-07-14T13:15:12.771Z,-864.39
3171948530096903,2024-07-14T13:53:17.771Z,-953.49
5618401722389028,2024-07-14T13:58:11.771Z,645.04
5705851002586967,2024-07-14T14:36:27.771Z,978.94
5926759033070471,2024-07-14T16:13:44.771Z,-762.79
3690769043359511,2024-07-14T16:25:04.771Z,-66.06
6419514998974763,2024-07-14T17:09:13.771Z,531.91
6218748060041639,2024-07-14T17:16:02.771Z,-983.11
6564109388484184,2024-07-14T17:37:55.771Z,197.89
4234709814496996,2024-07-14T17:42:31.771Z,398.55
4378233413863490,2024-07-14T18:56:31.771Z,-901.32
6472592460352496,2024-07-14T19:00:38.771Z,70.37
3663297678172224,2024-07-14T19:15:13.771Z,519.93
6472592460352496,2024-07-14T19:24:16.771Z,-723.58
5618401722389028,2024-07-14T20:59:18.771Z,-72.86
5609879353687978,2024-07-14T22:06:44.771Z,315.13
5618401722389028,2024-07-14T23:02:30.771Z,-238.82
4024012623842318,2024-07-14T23:16:05.771Z,496.48
3537349596978716,2024-07-14T23:47:15.771Z,-886.36
3537349596978716,2024-07-15T00:27:02.771Z,-684.16
5705851002586967,2024-07-15T00:52:27.771Z,-404.99
4210013133081688,2024-07-15T01:16:41.771Z,352.76
4378233413863490,2024-07-15T01:25:17.771Z,-530.43
6288853716425504,2024-07-15T02:30:20.771Z,218.79
4210013133081688,2024-07-15T02:30:35.771Z,-370.95
3339801217806434,2024-07-15T02:34:06.771Z,269.83
3578813208959317,2024-07-15T03:18:56.771Z,812.87
5618401722389028,2024-07-15T03:48:59.771Z,112.85
3618845513520900,2024-07-15T04:45:47.771Z,110.71
4932629994846233,2024-07-15T06:15:46.771Z,154.77
3369832681865051,2024-07-15T06:50:27.771Z,711.82
4234709814496996,2024-07-15T06:50:27.771Z,496.74
6361000177795595,2024-07-15T11:17:55.771Z,-163.32
6329931100465627,2024-07-15T11:26:27.771Z,393.71
3339801217806434,2024-07-15T12:00:12.771Z,912.25
3404349486560448,2024-07-15T15:35:43.771Z,-861.91
3618845513520900,2024-07-15T16:10:08.771Z,-403.29
6006325963724299,2024-07-15T17:31:35.771Z,427.66
5581253985313232,2024-07-15T17:34:37.771Z,-582.03
6437219155436606,2024-07-15T18:31:21.771Z,-107.60
4932629994846233,2024-07-15T18:42:23.771Z,804.51
4024012623842318,2024-07-15T19:22:51.771Z,-21.78
6734576552114648,2024-07-15T19:41:26.771Z,205.17
3663297678172224,2024-07-15T20:14:17.771Z,-680.48
6657327299602346,2024-07-15T21:20:05.771Z,892.61
6006325963724299,2024-07-15T22:18:10.771Z,439.29
5926759033070471,2024-07-15T22:34:08.771Z,-358.12
3037393026661280,2024-07-15T23:02:18.771Z,882.27
6006325963724299,2024-07-16T02:17:41.771Z,-780.58
4726556059561949,2024-07-16T03:50:59.771Z,853.99
6329931100465627,2024-07-16T05:01:21.771Z,155.32
6833412122497701,2024-07-16T06:08:56.771Z,815.27
5091360375658474,2024-07-16T07:25:27.771Z,-601.21
4210013133081688,2024-07-16T08:13:44.771Z,-332.52
6564109388484184,2024-07-16T08:14:05.771Z,201.20
3037393026661280,2024-07-16T08:33:17.771Z,819.61
3089689896090797,2024-07-16T09:06:47.771Z,574.73
3339801217806434,2024-07-16T11:34:08.771Z,-505.00
6329931100465627,2024-07-16T11:50:36.771Z,-983.95
6006325963724299,2024-07-16T12:35:28.771Z,-204.25
3089689896090797,2024-07-16T13:09:52.771Z,-527.48
3037393026661280,2024-07-16T13:26:39.771Z,-506.30
6329931100465627,2024-07-16T14:07:13.771Z,797.41
3745155717279673,2024-07-16T14:16:43.771Z,9.69
4234709814496996,2024-07-16T16:05:43.771Z,210.32
5926759033070471,2024-07-16T16:19:46.771Z,-547.91
4024012623842318,2024-07-16T16:54:38.771Z,194.16
4726556059561949,2024-07-16T16:54:56.771Z,-63.95
4235973154283559,2024-07-16T20:26:11.771Z,-269.05
3339801217806434,2024-07-16T21:46:20.771Z,-582.30
5995696966070264,2024-07-16T21:59:43.771Z,-836.59
4235973154283559,2024-07-16T23:02:47.771Z,979.74
6218748060041639,2024-07-16T23:35:50.771Z,485.03
5581253985313232,2024-07-17T01:04:43.771Z,-990.54
6575315976430295,2024-07-17T01:20:49.771Z,-911.42
4024012623842318,2024-07-17T01:54:48.771Z,687.12
4378233413863490,2024-07-17T02:26:16.771Z,-50.77
5705851002586967,2024-07-17T02:59:48.771Z,-8.82
5091360375658474,2024-07-17T03:45:34.771Z,-631.58
4234709814496996,2024-07-17T08:51:19.771Z,866.54
6437219155436606,2024-07-17T11:33:21.771Z,272.62
6288853716425504,2024-07-17T12:03:50.771Z,-846.43
4235973154283559,2024-07-17T12:43:42.771Z,-312.40
3578813208959317,2024-07-17T12:45:54.771Z,-35.18
4378233413863490,2024-07-17T13:42:53.771Z,-771.33
3589249568754350,2024-07-17T13:56:37.771Z,-136.70
6564109388484184,2024-07-17T15:15:37.771Z,-971.55
6437219155436606,2024-07-17T15:35:16.771Z,653.54
4726556059561949,2024-07-17T16:52:43.771Z,-839.88
5997179980717501,2024-07-17T19:04:13.771Z,714.18
3339801217806434,2024-07-17T19:30:56.771Z,-428.97
3171948530096903,2024-07-17T19:53:14.771Z,-172.70
5995696966070264,2024-07-17T21:24:41.771Z,181.15
4235973154283559,2024-07-17T21:50:20.771Z,-598.82
4235973154283559,2024-07-17T22:07:07.771Z,-678.05
3219459079118226,2024-07-17T22:48:29.771Z,931.91
3537349596978716,2024-07-18T00:02:29.771Z,494.40
3089689896090797,2024-07-18T01:42:03.771Z,-484.40
3820307659851859,2024-07-18T02:02:19.771Z,481.59
6419514998974763,2024-07-18T02:36:11.771Z,793.87
6437219155436606,2024-07-18T02:46:39.771Z,-984.22
5816050191711854,2024-07-18T03:17:58.771Z,580.84
5581253985313232,2024-07-18T04:09:33.771Z,767.00
5926759033070471,2024-07-18T04:45:51.771Z,981.58
6361000177795595,2024-07-18T04:56:56.771Z,35.38
3369832681865051,2024-07-18T06:05:30.771Z,-236.92
6706534013288847,2024-07-18T06:36:52.771Z,-28.95
4932629994846233,2024-07-18T06:58:09.771Z,-317.09
6564109388484184,2024-07-18T07:15:02.771Z,904.42
6437219155436606,2024-07-18T07:40:11.771Z,-903.82
4024012623842318,2024-07-18T07:49:41.771Z,-923.17
6361000177795595,2024-07-18T09:07:31.771Z,594.28
5092446914149764,2024-07-18T10:19:21.771Z,639.65
5618401722389028,2024-07-18T12:13:23.771Z,-392.94
3578813208959317,2024-07-18T12:27:13.771Z,-562.73
4235973154283559,2024-07-18T13:22:40.771Z,216.75
3618845513520900,2024-07-18T15:20:56.771Z,-950.69
3369832681865051,2024-07-18T15:26:07.771Z,-827.36
5997179980717501,2024-07-18T15:26:42.771Z,920.51
4234709814496996,2024-07-18T17:11:10.771Z,202.73
3742992852195954,2024-07-18T17:12:31.771Z,498.20
4234709814496996,2024-07-18T17:23:13.771Z,153.52
4932629994846233,2024-07-18T17:40:54.771Z,-762.29
3537349596978716,2024-07-18T19:13:58.771Z,111.87
3690769043359511,2024-07-18T19:34:03.771Z,842.73
6329931100465627,2024-07-18T19:34:28.771Z,593.06
3171948530096903,2024-07-18T20:02:28.771Z,-635.33
5609879353687978,2024-07-18T22:05:37.771Z,-665.61
5816050191711854,2024-07-19T04:50:26.771Z,788.64
6706534013288847,2024-07-19T06:08:27.771Z,996.61
5609879353687978,2024-07-19T06:43:06.771Z,161.50
6419514998974763,2024-07-19T07:00:14.771Z,-337.97
6018480886031697,2024-07-19T08:53:26.771Z,317.68
3219459079118226,2024-07-19T08:57:19.771Z,978.64
4932629994846233,2024-07-19T09:08:13.771Z,555.27
6361000177795595,2024-07-19T09:44:26.771Z,-669.10
4234709814496996,2024-07-19T11:23:24.771Z,-735.12
3339801217806434,2024-07-19T12:03:50.771Z,103.47
6361000177795595,2024-07-19T12:39:49.771Z,-296.26
6657327299602346,2024-07-19T13:25:21.771Z,-761.97
3404349486560448,2024-07-19T14:30:07.771Z,271.16
3745155717279673,2024-07-19T15:38:33.771Z,-631.15
5581253985313232,2024-07-19T15:52:15.771Z,-844.13
6006325963724299,2024-07-19T16:21:07.771Z,5.69
6833412122497701,2024-07-19T18:08:25.771Z,409.17
3089689896090797,2024-07-19T18:12:02.771Z,862.97
6833412122497701,2024-07-19T18:51:43.771Z,658.32
3820307659851859,2024-07-19T18:54:00.771Z,-654.03
5997179980717501,2024-07-19T20:46:29.771Z,30.48
3690769043359511,2024-07-19T20:49:30.771Z,413.17
6472592460352496,2024-07-19T21:40:37.771Z,213.96
5926759033070471,2024-07-19T21:49:38.771Z,998.33
6575315976430295,2024-07-19T22:16:46.771Z,640.65
6706534013288847,2024-07-19T22:22:58.771Z,-57.94
3171948530096903,2024-07-19T22:37:46.771Z,247.34
3328090600295181,2024-07-20T00:23:45.771Z,451.06
4024012623842318,2024-07-20T00:49:51.771Z,-48.24
3369832681865051,2024-07-20T02:31:42.771Z,-197.56
4726556059561949,2024-07-20T05:31:55.771Z,463.10
5091360375658474,2024-07-20T06:01:23.771Z,47.68
4932629994846233,2024-07-20T07:05:38.771Z,278.15
3589249568754350,2024-07-20T07:48:10.771Z,854.14
5816050191711854,2024-07-20T08:54:20.771Z,389.61
3089689896090797,2024-07-20T09:31:26.771Z,367.50
5995696966070264,2024-07-20T09:41:29.771Z,-938.59
4024012623842318,2024-07-20T09:47:15.771Z,-84.28
6472592460352496,2024-07-20T10:31:00.771Z,380.54
3328090600295181,2024-07-20T11:24:23.771Z,240.85
3328090600295181,2024-07-20T12:00:20.771Z,99.83
6419514998974763,2024-07-20T13:10:13.771Z,810.53
3219459079118226,2024-07-20T15:20:25.771Z,802.49
3339801217806434,2024-07-20T15:24:55.771Z,-544.34
6734576552114648,2024-07-20T16:43:19.771Z,-136.48
6288853716425504,2024-07-20T17:50:02.771Z,942.92
5609879353687978,2024-07-20T18:54:36.771Z,-372.09
5216484446506263,2024-07-20T19:49:08.771Z,-704.53
5618401722389028,2024-07-20T20:20:57.771Z,-506.34
6564109388484184,2024-07-20T20:23:17.771Z,421.25
3404349486560448,2024-07-20T20:45:22.771Z,-510.38
6018480886031697,2024-07-20T20:52:17.771Z,582.48
5609879353687978,2024-07-20T21:20:22.771Z,163.87
6833412122497701,2024-07-20T21:42:00.771Z,-757.05
5705851002586967,2024-07-20T21:54:51.771Z,-853.24
5997179980717501,2024-07-20T22:04:22.771Z,-319.57
6657327299602346,2024-07-20T22:31:48.771Z,268.43
5216484446506263,2024-07-21T01:03:29.771Z,879.43
3589249568754350,2024-07-21T01:21:34.771Z,365.95
6006325963724299,2024-07-21T05:56:22.771Z,-852.05
6006325963724299,2024-07-21T06:01:32.771Z,-662.33
6734576552114648,2024-07-21T06:43:43.771Z,566.38
4210013133081688,2024-07-21T07:24:53.771Z,-418.41
3339801217806434,2024-07-21T11:08:05.771Z,-137.44
3537349596978716,2024-07-21T13:09:13.771Z,124.48
6706534013288847,2024-07-21T13:46:44.771Z,-105.37
3089689896090797,2024-07-21T14:10:26.771Z,-347.68
6361000177795595,2024-07-21T14:14:07.771Z,-270.74
6472592460352496,2024-07-21T14:37:43.771Z,-561.16
5997179980717501,2024-07-21T15:13:13.771Z,-345.04
3089689896090797,2024-07-21T15:13:30.771Z,726.25
3663297678172224,2024-07-21T15:23:45.771Z,-547.54
4234709814496996,2024-07-21T17:30:51.771Z,-175.32
6564109388484184,2024-07-21T17:53:14.771Z,884.24
6437219155436606,2024-07-21T17:53:43.771Z,-116.22
3589249568754350,2024-07-21T20:08:13.771Z,908.77
3820307659851859,2024-07-21T20:47:31.771Z,19.50
5618401722389028,2024-07-22T00:09:42.771Z,185.63
6437219155436606,2024-07-22T00:27:54.771Z,991.77
3820307659851859,2024-07-22T01:03:22.771Z,315.55
6218748060041639,2024-07-22T01:44:52.771Z,396.85
5092446914149764,2024-07-22T06:19:19.771Z,-267.46
4726556059561949,2024-07-22T06:21:26.771Z,376.04
6706534013288847,2024-07-22T06:46:23.771Z,809.82
3404349486560448,2024-07-22T07:04:43.771Z,-313.63
5091360375658474,2024-07-22T08:18:27.771Z,386.44
6472592460352496,2024-07-22T08:47:12.771Z,-950.53
3089689896090797,2024-07-22T09:35:37.771Z,-262.42
4726556059561949,2024-07-22T11:35:43.771Z,885.83
5091360375658474,2024-07-22T12:44:16.771Z,-246.66
6706534013288847,2024-07-22T13:01:48.771Z,448.34
3820307659851859,2024-07-22T13:23:19.771Z,-143.29
5581253985313232,2024-07-22T13:25:01.771Z,644.44
6734576552114648,2024-07-22T14:52:12.771Z,-567.49
5618401722389028,2024-07-22T16:04:55.771Z,607.28
3219459079118226,2024-07-22T19:04:47.771Z,-72.44
5092446914149764,2024-07-22T21:01:23.771Z,-997.64
5092446914149764,2024-07-22T21:06:43.771Z,-721.27
6218748060041639,2024-07-22T21:26:16.771Z,-357.33
3589249568754350,2024-07-22T21:27:19.771Z,-363.13
3742992852195954,2024-07-22T22:25:39.771Z,859.41
6657327299602346,2024-07-22T22:46:02.771Z,-856.09
5995696966070264,2024-07-22T22:52:29.771Z,594.55
4210013133081688,2024-07-22T23:42:38.771Z,-640.07
4235973154283559,2024-07-23T01:03:16.771Z,584.93
4378233413863490,2024-07-23T01:06:03.771Z,-268.45
6006325963724299,2024-07-23T01:42:25.771Z,722.67
5216484446506263,2024-07-23T02:07:49.771Z,-440.20
3404349486560448,2024-07-23T05:17:28.771Z,-230.07
6361000177795595,2024-07-23T05:17:35.771Z,-84.29
4024012623842318,2024-07-23T06:36:19.771Z,-924.19
3690769043359511,2024-07-23T06:44:40.771Z,-84.01
4932629994846233,2024-07-23T07:02:51.771Z,644.25
3219459079118226,2024-07-23T08:35:01.771Z,-339.88
5816050191711854,2024-07-23T09:06:10.771Z,671.06
6006325963724299,2024-07-23T09:17:26.771Z,188.26
3171948530096903,2024-07-23T10:33:34.771Z,-974.18
3219459079118226,2024-07-23T11:23:30.771Z,-61.96
3589249568754350,2024-07-23T12:03:59.771Z,230.78
6419514998974763,2024-07-23T12:14:01.771Z,681.91
6288853716425504,2024-07-23T13:13:25.771Z,239.27
5216484446506263,2024-07-23T18:19:29.771Z,502.26
6018480886031697,2024-07-23T19:45:28.771Z,915.40
3690769043359511,2024-07-23T19:47:09.771Z,-471.61
3171948530096903,2024-07-23T21:22:51.771Z,15.46
3171948530096903,2024-07-24T03:53:21.771Z,-176.75
5216484446506263,2024-07-24T05:34:25.771Z,-890.46
3663297678172224,2024-07-24T07:15:23.771Z,-145.76
3537349596978716,2024-07-24T07:56:45.771Z,-716.50
6833412122497701,2024-07-24T08:08:45.771Z,-639.27
4024012623842318,2024-07-24T09:26:46.771Z,266.82
6437219155436606,2024-07-24T11:39:54.771Z,550.12
5618401722389028,2024-07-24T11:42:22.771Z,936.74
4378233413863490,2024-07-24T11:52:33.771Z,8.15
5995696966070264,2024-07-24T12:01:58.771Z,924.88
4024012623842318,2024-07-24T12:11:01.771Z,-632.13
3328090600295181,2024-07-24T13:56:29.771Z,735.86
5581253985313232,2024-07-24T14:04:13.771Z,-95.21
4932629994846233,2024-07-24T14:33:05.771Z,601.84
6564109388484184,2024-07-24T14:52:02.771Z,839.57
3339801217806434,2024-07-24T15:33:57.771Z,-246.65
6288853716425504,2024-07-24T16:55:35.771Z,-975.40
6472592460352496,2024-07-24T17:19:28.771Z,389.67
4210013133081688,2024-07-24T17:32:48.771Z,635.67
3336208249795480,2024-07-24T17:41:58.759Z,36.97
3336208249795480,2024-07-24T17:41:58.759Z,36.97
3336208249795480,2024-07-24T17:41:58.759Z,36.97
3820307659851859,2024-07-24T17:41:58.771Z,147.99
5926759033070471,2024-07-24T17:47:05.771Z,-379.95
5216484446506263,2024-07-24T18:33:21.771Z,-686.61
3820307659851859,2024-07-24T18:48:32.771Z,297.10
5705851002586967,2024-07-24T20:20:06.771Z,-114.33
6657327299602346,2024-07-24T21:57:10.771Z,-597.29
4235973154283559,2024-07-24T22:25:24.771Z,-80.57
5609879353687978,2024-07-24T23:17:25.771Z,-520.33
3219459079118226,2024-07-25T00:13:12.771Z,709.36
3089689896090797,2024-07-25T00:29:27.771Z,364.24
3820307659851859,2024-07-25T00:47:26.771Z,-632.13
3404349486560448,2024-07-25T02:42:16.771Z,-718.03
3663297678172224,2024-07-25T03:25:46.771Z,639.30
6706534013288847,2024-07-25T03:37:50.771Z,-721.19
3339801217806434,2024-07-25T04:39:04.771Z,49.20
6472592460352496,2024-07-25T05:04:05.771Z,-740.30
5816050191711854,2024-07-25T05:34:35.771Z,25.74
6006325963724299,2024-07-25T06:41:04.771Z,468.54
3820307659851859,2024-07-25T07:20:46.771Z,540.28
6419514998974763,2024-07-25T08:32:06.771Z,381.75
4234709814496996,2024-07-25T10:11:34.771Z,-156.09
4024012623842318,2024-07-25T10:54:29.771Z,-898.34
6833412122497701,2024-07-25T11:22:22.771Z,418.16
3578813208959317,2024-07-25T11:29:16.771Z,472.12
3618845513520900,2024-07-25T12:21:42.771Z,724.98
3219459079118226,2024-07-25T12:42:29.771Z,-958.79
3618845513520900,2024-07-25T13:07:42.771Z,-810.18
3537349596978716,2024-07-25T13:35:19.771Z,400.21
6575315976430295,2024-07-25T13:45:47.771Z,-553.53
5216484446506263,2024-07-25T14:59:16.771Z,-427.52
3219459079118226,2024-07-25T18:30:16.771Z,405.24
5091360375658474,2024-07-25T20:52:32.771Z,-287.63
5926759033070471,2024-07-25T21:09:41.771Z,-334.13
3578813208959317,2024-07-25T22:21:54.771Z,59.11
6361000177795595,2024-07-25T23:42:07.771Z,-972.36
6018480886031697,2024-07-26T00:00:01.771Z,-795.17
3745155717279673,2024-07-26T00:11:40.771Z,285.98
3037393026661280,2024-07-26T02:32:26.771Z,576.91
6419514998974763,2024-07-26T03:33:46.771Z,-700.64
6006325963724299,2024-07-26T04:02:07.771Z,-414.89
4210013133081688,2024-07-26T04:25:55.771Z,485.26
5618401722389028,2024-07-26T06:23:51.771Z,77.02
5997179980717501,2024-07-26T08:40:31.771Z,151.43
6575315976430295,2024-07-26T09:59:11.771Z,70.28
5092446914149764,2024-07-26T10:35:59.771Z,977.31
4378233413863490,2024-07-26T10:56:09.771Z,827.82
5092446914149764,2024-07-26T12:14:26.771Z,-496.12
6734576552114648,2024-07-26T13:26:34.771Z,233.70
6657327299602346,2024-07-26T15:59:11.771Z,49.87
5092446914149764,2024-07-26T16:29:14.771Z,-400.54
3339801217806434,2024-07-26T16:41:39.771Z,-740.85
3690769043359511,2024-07-26T18:07:39.771Z,-950.23
4210013133081688,2024-07-26T18:25:07.771Z,591.91
6472592460352496,2024-07-26T18:52:28.771Z,-715.21
3618845513520900,2024-07-26T19:38:04.771Z,527.48
6734576552114648,2024-07-26T20:47:45.771Z,-716.97
3745155717279673,2024-07-26T21:01:28.771Z,-93.29
6706534013288847,2024-07-26T22:27:29.771Z,403.87
6833412122497701,2024-07-26T22:49:53.771Z,155.94
5926759033070471,2024-07-26T22:52:34.771Z,-634.48
4726556059561949,2024-07-26T23:25:05.771Z,-677.68
6564109388484184,2024-07-26T23:27:54.771Z,-141.49
3589249568754350,2024-07-27T00:26:41.771Z,745.93
6657327299602346,2024-07-27T00:47:48.771Z,-359.59
3037393026661280,2024-07-27T01:19:51.771Z,587.33
4024012623842318,2024-07-27T01:57:59.771Z,481.58
6437219155436606,2024-07-27T03:03:07.771Z,925.32
3745155717279673,2024-07-27T03:10:14.771Z,595.94
4024012623842318,2024-07-27T04:03:10.771Z,-735.31
3404349486560448,2024-07-27T04:49:19.771Z,-687.68
6575315976430295,2024-07-27T05:59:11.771Z,-240.87
6575315976430295,2024-07-27T06:20:23.771Z,201.79
5995696966070264,2024-07-27T06:31:46.771Z,-528.30
3089689896090797,2024-07-27T06:45:31.771Z,-853.83
5705851002586967,2024-07-27T07:18:25.771Z,-335.30
6218748060041639,2024-07-27T07:21:56.771Z,-527.41
4024012623842318,2024-07-27T08:06:22.771Z,203.05
6734576552114648,2024-07-27T08:40:53.771Z,139.91
3745155717279673,2024-07-27T10:59:51.771Z,-451.54
3589249568754350,2024-07-27T11:41:57.771Z,-415.65
3745155717279673,2024-07-27T11:44:49.771Z,-895.22
6419514998974763,2024-07-27T11:49:45.771Z,37.18
6288853716425504,2024-07-27T11:59:52.771Z,358.28
4235973154283559,2024-07-27T14:50:49.771Z,-11.17
6706534013288847,2024-07-27T14:58:14.771Z,737.97
6437219155436606,2024-07-27T16:08:18.771Z,295.93
3690769043359511,2024-07-27T16:26:43.771Z,204.57
4378233413863490,2024-07-27T16:38:51.771Z,-60.14
3328090600295181,2024-07-27T17:12:59.771Z,-693.35
6329931100465627,2024-07-27T18:26:22.771Z,-508.72
4024012623842318,2024-07-27T18:48:47.771Z,932.73
3037393026661280,2024-07-27T19:07:30.771Z,-328.10
6706534013288847,2024-07-27T20:26:30.771Z,127.52
3663297678172224,2024-07-27T21:40:17.771Z,736.27
5609879353687978,2024-07-27T22:48:14.771Z,-759.19
3690769043359511,2024-07-27T23:23:39.771Z,-630.02
3663297678172224,2024-07-27T23:33:11.771Z,59.03
3037393026661280,2024-07-28T02:11:09.771Z,-648.95
6218748060041639,2024-07-28T06:35:02.771Z,605.57
6564109388484184,2024-07-28T06:52:20.771Z,46.71
5618401722389028,2024-07-28T07:01:37.771Z,110.61
6657327299602346,2024-07-28T08:40:10.771Z,862.54
3339801217806434,2024-07-28T08:45:56.771Z,-351.36
3537349596978716,2024-07-28T08:57:59.771Z,393.96
3037393026661280,2024-07-28T09:33:51.771Z,-919.34
5216484446506263,2024-07-28T09:53:55.771Z,-4.59
4378233413863490,2024-07-28T10:24:53.771Z,-932.94
5581253985313232,2024-07-28T12:15:37.771Z,-214.00
6706534013288847,2024-07-28T12:29:15.771Z,708.60
3742992852195954,2024-07-28T14:10:53.771Z,-619.42
5997179980717501,2024-07-28T15:25:38.771Z,432.31
6657327299602346,2024-07-28T16:49:15.771Z,826.01
6018480886031697,2024-07-28T17:24:44.771Z,389.12
6706534013288847,2024-07-28T17:35:03.771Z,645.62
5926759033070471,2024-07-28T19:14:40.771Z,-436.03
6833412122497701,2024-07-28T19:34:22.771Z,769.67
4726556059561949,2024-07-28T19:40:50.771Z,57.24
6361000177795595,2024-07-28T19:54:57.771Z,-986.99
4210013133081688,2024-07-28T21:26:49.771Z,-541.79
3328090600295181,2024-07-28T21:29:23.771Z,-671.98
6575315976430295,2024-07-28T22:05:17.771Z,-532.88
4726556059561949,2024-07-28T23:47:09.771Z,-924.12
6018480886031697,2024-07-29T00:03:26.771Z,27.87
3589249568754350,2024-07-29T00:03:41.771Z,826.87
5705851002586967,2024-07-29T00:04:28.771Z,-351.38
4932629994846233,2024-07-29T01:05:35.771Z,471.32
3578813208959317,2024-07-29T01:20:26.771Z,579.12
3171948530096903,2024-07-29T01:36:18.771Z,-817.85
6575315976430295,2024-07-29T03:27:16.771Z,-921.10
3742992852195954,2024-07-29T04:08:07.771Z,465.69
5092446914149764,2024-07-29T04:09:39.771Z,-539.66
5618401722389028,2024-07-29T04:21:59.771Z,822.46
4024012623842318,2024-07-29T06:25:55.771Z,294.58
5091360375658474,2024-07-29T07:08:03.771Z,-424.81
6218748060041639,2024-07-29T07:19:05.771Z,620.20
6018480886031697,2024-07-29T08:05:18.771Z,-551.34
6006325963724299,2024-07-29T09:27:24.771Z,-829.84
5926759033070471,2024-07-29T09:30:36.771Z,148.21
3404349486560448,2024-07-29T10:31:59.771Z,-253.16
3369832681865051,2024-07-29T12:09:53.771Z,282.14
5609879353687978,2024-07-29T13:12:14.771Z,-182.33
3219459079118226,2024-07-29T13:35:02.771Z,-451.99
5816050191711854,2024-07-29T14:15:23.771Z,663.47
3089689896090797,2024-07-29T16:54:37.771Z,-251.52
3589249568754350,2024-07-29T17:50:39.771Z,-766.94
4726556059561949,2024-07-29T17:50:56.771Z,102.73
6437219155436606,2024-07-29T19:51:12.771Z,657.15
5092446914149764,2024-07-29T21:38:41.771Z,850.45
3690769043359511,2024-07-29T21:56:33.771Z,678.02
6419514998974763,2024-07-29T22:08:52.771Z,-127.89
4726556059561949,2024-07-29T22:24:33.771Z,-682.71
5581253985313232,2024-07-30T00:15:20.771Z,615.09
6006325963724299,2024-07-30T00:23:12.771Z,801.24
3369832681865051,2024-07-30T00:32:51.771Z,-833.83
6419514998974763,2024-07-30T02:33:21.771Z,-496.50
3690769043359511,2024-07-30T02:38:37.771Z,-928.61
3589249568754350,2024-07-30T04:15:17.771Z,513.08
5997179980717501,2024-07-30T04:33:50.771Z,-52.01
3404349486560448,2024-07-30T06:29:32.771Z,-744.60
5216484446506263,2024-07-30T07:59:30.771Z,-703.56
5816050191711854,2024-07-30T08:26:04.771Z,344.89
6288853716425504,2024-07-30T08:32:40.771Z,400.92
3537349596978716,2024-07-30T08:59:01.771Z,482.85
6437219155436606,2024-07-30T09:02:24.771Z,-150.68
5091360375658474,2024-07-30T09:11:31.771Z,-976.45
6006325963724299,2024-07-30T09:40:29.771Z,466.04
5926759033070471,2024-07-30T10:07:17.771Z,437.23
6575315976430295,2024-07-30T10:10:01.771Z,-91.43
3328090600295181,2024-07-30T11:38:17.771Z,77.58
6575315976430295,2024-07-30T14:10:58.771Z,-605.54
5995696966070264,2024-07-30T15:44:09.771Z,-326.09
3690769043359511,2024-07-30T15:50:55.771Z,290.56
5618401722389028,2024-07-30T15:52:59.771Z,-662.46
3578813208959317,2024-07-30T15:58:03.771Z,766.88
3089689896090797,2024-07-30T16:10:28.771Z,-14.12
3618845513520900,2024-07-30T17:10:59.771Z,892.53
3037393026661280,2024-07-30T17:24:01.771Z,220.52
6018480886031697,2024-07-30T18:50:59.771Z,13.30
3690769043359511,2024-07-30T18:55:11.771Z,680.31
6833412122497701,2024-07-30T18:56:27.771Z,253.35
4235973154283559,2024-07-30T19:53:30.771Z,950.43
3339801217806434,2024-07-30T20:10:47.771Z,844.52
6734576552114648,2024-07-30T21:54:02.771Z,-28.32
6734576552114648,2024-07-30T21:56:52.771Z,-829.26
4235973154283559,2024-07-30T23:30:33.771Z,-960.05
3171948530096903,2024-07-30T23:59:10.771Z,335.11
3742992852195954,2024-07-31T00:00:06.771Z,49.85
3089689896090797,2024-07-31T00:02:31.771Z,-181.53
6564109388484184,2024-07-31T00:19:49.771Z,460.77
5091360375658474,2024-07-31T02:09:21.771Z,-309.69
6575315976430295,2024-07-31T02:24:41.771Z,-875.59
6657327299602346,2024-07-31T04:41:14.771Z,883.99
6329931100465627,2024-07-31T06:18:35.771Z,-848.13
6419514998974763,2024-07-31T06:46:25.771Z,670.47
3404349486560448,2024-07-31T06:55:10.771Z,-878.62
3369832681865051,2024-07-31T06:55:50.771Z,-877.42
6288853716425504,2024-07-31T07:28:38.771Z,-884.61
4234709814496996,2024-07-31T09:11:21.771Z,-316.09
6564109388484184,2024-07-31T10:28:03.771Z,-0.59
6472592460352496,2024-07-31T11:34:47.771Z,-722.40
4235973154283559,2024-07-31T11:56:25.771Z,-605.80
4267628872390355,2024-07-31T13:24:32.759Z,-398.95
4267628872390355,2024-07-31T13:24:32.759Z,-398.95
4267628872390355,2024-07-31T13:24:32.759Z,-398.95
3589249568754350,2024-07-31T15:03:45.771Z,-609.74
5705851002586967,2024-07-31T17:07:04.771Z,549.89
6657327299602346,2024-07-31T18:19:25.771Z,-255.34
6564109388484184,2024-07-31T20:28:10.771Z,-919.13
6472592460352496,2024-07-31T20:32:17.771Z,614.35
3690769043359511,2024-07-31T22:33:34.771Z,303.18
5997179980717501,2024-07-31T22:43:14.771Z,-336.04
6218748060041639,2024-07-31T22:45:15.771Z,-875.62
3404349486560448,2024-07-31T23:45:28.771Z,969.53
5092446914149764,2024-08-01T00:12:53.771Z,-562.41
6734576552114648,2024-08-01T00:29:09.771Z,6.23
5092446914149764,2024-08-01T01:24:25.771Z,55.75
3037393026661280,2024-08-01T01:31:21.771Z,-25.99
3537349596978716,2024-08-01T02:13:48.771Z,584.60
3745155717279673,2024-08-01T02:40:01.771Z,-21.14
4210013133081688,2024-08-01T02:50:45.771Z,-662.46
6472592460352496,2024-08-01T04:02:28.771Z,-836.11
3578813208959317,2024-08-01T04:19:05.771Z,-333.32
6361000177795595,2024-08-01T04:24:01.771Z,-260.48
6419514998974763,2024-08-01T04:34:33.771Z,720.02
6018480886031697,2024-08-01T04:40:02.771Z,-517.64
5581253985313232,2024-08-01T04:41:22.771Z,-427.89
3171948530096903,2024-08-01T05:03:09.771Z,-104.22
3589249568754350,2024-08-01T06:03:06.771Z,563.58
3339801217806434,2024-08-01T06:17:08.771Z,-765.55
3089689896090797,2024-08-01T06:23:49.771Z,-527.88
3742992852195954,2024-08-01T06:56:13.771Z,883.24
5091360375658474,2024-08-01T08:07:39.771Z,413.36
5091360375658474,2024-08-01T09:27:30.771Z,790.61
6706534013288847,2024-08-01T09:58:21.771Z,964.52
3589249568754350,2024-08-01T11:15:53.771Z,-427.01
3663297678172224,2024-08-01T11:30:57.771Z,-649.47
5609879353687978,2024-08-01T12:03:13.771Z,542.96
5216484446506263,2024-08-01T13:08:43.771Z,719.46
3578813208959317,2024-08-01T13:28:27.771Z,556.04
3339801217806434,2024-08-01T13:36:21.771Z,405.18
3219459079118226,2024-08-01T14:11:25.771Z,57.01
5609879353687978,2024-08-01T15:45:17.771Z,-803.28
3820307659851859,2024-08-01T16:38:23.771Z,-863.17
3690769043359511,2024-08-01T18:36:18.771Z,-75.18
3171948530096903,2024-08-01T18:42:49.771Z,-906.47
5705851002586967,2024-08-01T19:57:28.771Z,-361.51
6006325963724299,2024-08-01T20:16:43.771Z,266.49
3745155717279673,2024-08-01T20:25:42.771Z,819.84
4024012623842318,2024-08-01T21:05:39.771Z,-49.82
3328090600295181,2024-08-01T23:22:41.771Z,111.66
3171948530096903,2024-08-01T23:55:52.771Z,-486.79
6833412122497701,2024-08-02T00:15:28.771Z,184.69
3820307659851859,2024-08-02T01:43:53.771Z,875.43
4378233413863490,2024-08-02T02:52:33.771Z,572.49
3618845513520900,2024-08-02T04:06:37.771Z,926.26
3404349486560448,2024-08-02T04:12:21.771Z,-792.15
3820307659851859,2024-08-02T04:20:01.771Z,482.50
3369832681865051,2024-08-02T05:31:09.771Z,877.16
3171948530096903,2024-08-02T06:23:51.771Z,114.34
3618845513520900,2024-08-02T08:32:03.771Z,120.29
5995696966070264,2024-08-02T08:42:30.771Z,-523.50
3328090600295181,2024-08-02T08:44:08.771Z,480.96
6419514998974763,2024-08-02T10:44:05.771Z,804.48
4210013133081688,2024-08-02T11:13:44.771Z,677.75
4378233413863490,2024-08-02T11:24:16.771Z,-323.50
6018480886031697,2024-08-02T13:24:53.771Z,427.89
6575315976430295,2024-08-02T15:03:36.771Z,-897.40
3171948530096903,2024-08-02T15:54:36.771Z,-379.88
3745155717279673,2024-08-02T16:43:42.771Z,-940.09
3219459079118226,2024-08-02T16:55:26.771Z,-232.87
6419514998974763,2024-08-02T17:41:31.771Z,-310.96
3578813208959317,2024-08-02T17:45:56.771Z,-672.50
6706534013288847,2024-08-02T18:51:05.771Z,-846.70
6006325963724299,2024-08-02T18:56:18.771Z,477.33
6006325963724299,2024-08-02T18:57:10.771Z,692.99
5997179980717501,2024-08-02T19:05:31.771Z,-576.12
4210013133081688,2024-08-02T21:40:17.771Z,208.92
6472592460352496,2024-08-03T01:07:35.771Z,-630.05
5997179980717501,2024-08-03T02:33:05.771Z,-879.56
3745155717279673,2024-08-03T03:06:09.771Z,803.05
6657327299602346,2024-08-03T03:14:40.771Z,827.60
4932629994846233,2024-08-03T03:39:46.771Z,-735.31
4210013133081688,2024-08-03T03:47:01.771Z,-820.69
4932629994846233,2024-08-03T04:25:48.771Z,-11.74
6329931100465627,2024-08-03T05:26:34.771Z,620.20
5092446914149764,2024-08-03T06:20:47.771Z,518.73
5553959204036891,2024-08-03T07:57:20.759Z,-979.41
5553959204036891,2024-08-03T07:57:20.759Z,-979.41
5553959204036891,2024-08-03T07:57:20.759Z,-979.41
5995696966070264,2024-08-03T08:04:27.771Z,879.32
6437219155436606,2024-08-03T08:48:46.771Z,92.35
3589249568754350,2024-08-03T08:59:58.771Z,514.20
4378233413863490,2024-08-03T09:44:35.771Z,836.24
5091360375658474,2024-08-03T09:55:27.771Z,-884.23
6218748060041639,2024-08-03T13:04:55.771Z,881.30
6833412122497701,2024-08-03T13:15:49.771Z,524.49
6575315976430295,2024-08-03T13:25:08.771Z,-273.46
6734576552114648,2024-08-03T13:46:39.771Z,-814.01
3537349596978716,2024-08-03T14:29:15.771Z,842.97
6437219155436606,2024-08-03T14:58:49.771Z,618.51
6361000177795595,2024-08-03T15:08:44.771Z,101.76
5581253985313232,2024-08-03T15:38:14.771Z,-253.15
3745155717279673,2024-08-03T15:39:12.771Z,750.33
4378233413863490,2024-08-03T18:26:35.771Z,-853.49
6018480886031697,2024-08-03T18:31:28.771Z,101.58
3537349596978716,2024-08-03T18:33:59.771Z,416.84
4932629994846233,2024-08-03T19:00:09.771Z,372.28
6018480886031697,2024-08-03T19:14:36.771Z,733.66
3589249568754350,2024-08-03T19:33:59.771Z,736.01
4932629994846233,2024-08-03T21:04:13.771Z,-883.18
5816050191711854,2024-08-03T22:19:59.771Z,-392.73
6575315976430295,2024-08-04T00:16:09.771Z,-111.49
5995696966070264,2024-08-04T00:43:47.771Z,-475.81
3404349486560448,2024-08-04T04:30:40.771Z,458.28
6288853716425504,2024-08-04T04:48:52.771Z,-836.35
4210013133081688,2024-08-04T04:58:59.771Z,-82.92
3618845513520900,2024-08-04T06:40:57.771Z,780.05
5609879353687978,2024-08-04T07:20:50.771Z,-609.94
3328090600295181,2024-08-04T07:40:29.771Z,-438.07
3745155717279673,2024-08-04T07:47:35.771Z,982.58
6419514998974763,2024-08-04T08:26:24.771Z,-28.99
5581253985313232,2024-08-04T08:42:35.771Z,221.46
3404349486560448,2024-08-04T09:29:45.771Z,391.41
6564109388484184,2024-08-04T10:02:14.771Z,163.82
6361000177795595,2024-08-04T13:08:23.771Z,506.48
6419514998974763,2024-08-04T14:34:33.771Z,464.52
6329931100465627,2024-08-04T17:12:09.771Z,571.88
3745155717279673,2024-08-04T17:20:08.771Z,892.22
3219459079118226,2024-08-04T17:39:46.771Z,528.40
3369832681865051,2024-08-04T17:42:48.771Z,151.22
4932629994846233,2024-08-04T18:42:04.771Z,-432.12
5092446914149764,2024-08-04T18:58:03.771Z,-378.22
4024012623842318,2024-08-04T19:29:29.771Z,744.84
3171948530096903,2024-08-04T21:20:39.771Z,345.18
3578813208959317,2024-08-04T21:46:16.771Z,-614.41
5926759033070471,2024-08-04T22:37:03.771Z,998.85
6657327299602346,2024-08-04T23:07:09.771Z,4.87
6006325963724299,2024-08-04T23:53:14.771Z,-936.39
5997179980717501,2024-08-05T00:01:55.771Z,494.89
3690769043359511,2024-08-05T01:11:12.771Z,-309.38
6361000177795595,2024-08-05T04:13:12.771Z,169.09
6361000177795595,2024-08-05T04:40:58.771Z,183.90
4726556059561949,2024-08-05T06:34:56.771Z,780.31
3404349486560448,2024-08-05T07:35:49.771Z,-361.31
3219459079118226,2024-08-05T09:54:38.771Z,956.69
5995696966070264,2024-08-05T10:29:51.771Z,-879.32
6833412122497701,2024-08-05T10:47:15.771Z,-506.28
5816050191711854,2024-08-05T12:40:54.771Z,-798.77
5816050191711854,2024-08-05T14:00:43.771Z,536.73
5609879353687978,2024-08-05T15:09:58.771Z,389.88
5618401722389028,2024-08-05T15:51:02.771Z,-985.45
3328090600295181,2024-08-05T16:11:38.771Z,266.97
3663297678172224,2024-08-05T17:42:49.771Z,-473.25
4234709814496996,2024-08-05T21:10:55.771Z,-753.99
6218748060041639,2024-08-06T00:17:52.771Z,650.78
6706534013288847,2024-08-06T00:30:34.771Z,-854.61
3171948530096903,2024-08-06T00:35:23.771Z,949.41
6218748060041639,2024-08-06T01:19:08.771Z,504.10
6288853716425504,2024-08-06T01:19:16.771Z,-87.25
3742992852195954,2024-08-06T01:39:08.771Z,-754.60
4210013133081688,2024-08-06T03:18:57.771Z,156.49
5092446914149764,2024-08-06T03:38:22.771Z,902.26
3219459079118226,2024-08-06T04:15:41.771Z,-988.62
4234709814496996,2024-08-06T06:14:30.771Z,-610.52
6361000177795595,2024-08-06T06:37:12.771Z,-814.86
6006325963724299,2024-08-06T07:07:58.771Z,-454.52
6706534013288847,2024-08-06T09:06:12.771Z,-11.90
6706534013288847,2024-08-06T10:13:50.771Z,560.70
5997179980717501,2024-08-06T12:20:41.771Z,552.14
4024012623842318,2024-08-06T12:37:04.771Z,-1.95
3589249568754350,2024-08-06T12:43:20.771Z,757.21
5581253985313232,2024-08-06T14:03:26.771Z,922.52
5581253985313232,2024-08-06T14:46:04.771Z,335.64
6329931100465627,2024-08-06T15:01:39.771Z,30.67
3328090600295181,2024-08-06T15:10:55.771Z,917.64
5995696966070264,2024-08-06T15:37:20.771Z,-237.22
5581253985313232,2024-08-06T15:54:17.771Z,24.11
6329931100465627,2024-08-06T16:37:31.771Z,-507.92
6218748060041639,2024-08-06T16:42:00.771Z,467.29
6833412122497701,2024-08-06T17:11:11.771Z,271.99
3578813208959317,2024-08-06T18:11:21.771Z,870.03
3404349486560448,2024-08-06T19:24:50.771Z,404.34
3369832681865051,2024-08-06T20:57:19.771Z,-496.58
6564109388484184,2024-08-06T22:34:45.771Z,193.66
3328090600295181,2024-08-06T23:07:55.771Z,306.76
6657327299602346,2024-08-06T23:18:41.771Z,932.09
3742992852195954,2024-08-06T23:55:56.771Z,258.23
6657327299602346,2024-08-07T00:53:57.771Z,-476.78
3328090600295181,2024-08-07T02:42:13.771Z,-865.75
6218748060041639,2024-08-07T03:53:33.771Z,736.98
5618401722389028,2024-08-07T04:19:49.771Z,-713.07
4024012623842318,2024-08-07T05:53:15.771Z,417.30
3328090600295181,2024-08-07T06:49:29.771Z,-847.63
5705851002586967,2024-08-07T06:49:46.771Z,309.90
4378233413863490,2024-08-07T07:34:34.771Z,538.70
4235973154283559,2024-08-07T07:46:53.771Z,679.82
3589249568754350,2024-08-07T08:11:19.771Z,338.84
5995696966070264,2024-08-07T10:48:11.771Z,469.91
6419514998974763,2024-08-07T13:03:52.771Z,177.03
3037393026661280,2024-08-07T13:15:49.771Z,-440.83
5926759033070471,2024-08-07T13:20:59.771Z,3.45
6329931100465627,2024-08-07T14:20:33.771Z,-76.80
3404349486560448,2024-08-07T14:51:34.771Z,-394.27
3171948530096903,2024-08-07T14:55:17.771Z,370.40
6361000177795595,2024-08-07T15:42:07.771Z,-91.21
6419514998974763,2024-08-07T16:38:19.771Z,-520.36
3663297678172224,2024-08-07T16:44:12.771Z,-599.16
5216484446506263,2024-08-07T16:47:02.771Z,-125.51
6575315976430295,2024-08-07T18:05:50.771Z,-161.16
6361000177795595,2024-08-07T18:12:10.771Z,-570.54
6329931100465627,2024-08-07T20:59:26.771Z,-291.27
6657327299602346,2024-08-07T22:47:15.771Z,530.95
3820307659851859,2024-08-08T00:12:51.771Z,-156.41
3369832681865051,2024-08-08T01:41:34.771Z,282.03
5618401722389028,2024-08-08T02:24:20.771Z,954.07
4235973154283559,2024-08-08T03:57:01.771Z,676.77
4932629994846233,2024-08-08T04:53:33.771Z,438.09
4024012623842318,2024-08-08T05:53:57.771Z,602.07
5092446914149764,2024-08-08T08:29:36.771Z,-120.19
3404349486560448,2024-08-08T09:13:09.771Z,133.94
4210013133081688,2024-08-08T10:45:55.771Z,945.37
5995696966070264,2024-08-08T10:54:20.771Z,732.61
6437219155436606,2024-08-08T11:08:30.771Z,305.69
3578813208959317,2024-08-08T11:38:51.771Z,-136.93
3369832681865051,2024-08-08T12:22:30.771Z,-676.81
3171948530096903,2024-08-08T12:42:05.771Z,-51.43
3037393026661280,2024-08-08T12:52:01.771Z,-684.87
3171948530096903,2024-08-08T12:52:56.771Z,686.51
4932629994846233,2024-08-08T13:17:54.771Z,-412.69
3745155717279673,2024-08-08T13:42:23.771Z,605.62
6329931100465627,2024-08-08T13:52:26.771Z,-243.44
3219459079118226,2024-08-08T13:59:11.771Z,-892.35
5581253985313232,2024-08-08T15:36:27.771Z,390.73
6657327299602346,2024-08-08T15:54:56.771Z,-103.02
5926759033070471,2024-08-08T16:23:50.771Z,494.79
3589249568754350,2024-08-08T16:45:10.771Z,252.95
3618845513520900,2024-08-08T17:35:32.771Z,-687.67
5997179980717501,2024-08-08T18:01:30.771Z,-839.37
5816050191711854,2024-08-08T18:52:38.771Z,-828.45
6734576552114648,2024-08-08T21:49:40.771Z,923.76
6706534013288847,2024-08-08T23:57:36.771Z,676.38
5609879353687978,2024-08-09T00:02:40.771Z,-810.11
6833412122497701,2024-08-09T02:08:19.771Z,-380.15
4932629994846233,2024-08-09T02:42:10.771Z,-510.75
3339801217806434,2024-08-09T02:54:29.771Z,-746.35
4378233413863490,2024-08-09T07:16:32.771Z,237.30
5609879353687978,2024-08-09T07:18:33.771Z,681.43
6734576552114648,2024-08-09T07:40:10.771Z,577.07
3537349596978716,2024-08-09T08:30:52.771Z,115.73
6472592460352496,2024-08-09T10:18:10.771Z,24.34
3618845513520900,2024-08-09T10:19:49.771Z,-865.71
4932629994846233,2024-08-09T11:24:27.771Z,-827.71
3369832681865051,2024-08-09T11:46:07.771Z,-972.52
5091360375658474,2024-08-09T12:05:14.771Z,-487.71
5216484446506263,2024-08-09T12:12:16.771Z,-244.30
3820307659851859,2024-08-09T12:18:50.771Z,969.28
5092446914149764,2024-08-09T12:27:10.771Z,-300.76
3820307659851859,2024-08-09T12:52:57.771Z,644.06
3663297678172224,2024-08-09T13:21:29.771Z,-374.74
3537349596978716,2024-08-09T13:43:13.771Z,454.24
5609879353687978,2024-08-09T13:44:19.771Z,-36.52
6419514998974763,2024-08-09T14:19:22.771Z,-959.20
5816050191711854,2024-08-09T14:30:06.771Z,-729.81
6329931100465627,2024-08-09T20:10:47.771Z,-926.17
4378233413863490,2024-08-09T23:29:23.771Z,-679.40
3328090600295181,2024-08-09T23:45:39.771Z,798.13
4932629994846233,2024-08-09T23:47:14.771Z,182.70
6564109388484184,2024-08-10T00:09:04.771Z,467.06
5092446914149764,2024-08-10T00:31:21.771Z,-207.47
5091360375658474,2024-08-10T02:03:15.771Z,-209.72
3537349596978716,2024-08-10T03:38:16.771Z,320.53
3219459079118226,2024-08-10T04:03:57.771Z,672.65
3537349596978716,2024-08-10T04:12:47.771Z,-3.68
3742992852195954,2024-08-10T06:15:16.771Z,-224.12
3745155717279673,2024-08-10T07:12:15.771Z,-309.58
3219459079118226,2024-08-10T07:24:50.771Z,-758.08
6472592460352496,2024-08-10T08:03:39.771Z,-727.45
6472592460352496,2024-08-10T09:04:39.771Z,276.96
6218748060041639,2024-08-10T09:23:47.771Z,488.33
6419514998974763,2024-08-10T09:47:09.771Z,627.14
4210013133081688,2024-08-10T09:53:34.771Z,-940.43
5816050191711854,2024-08-10T10:04:36.771Z,620.45
3820307659851859,2024-08-10T12:26:39.771Z,-483.50
6706534013288847,2024-08-10T13:23:19.771Z,372.36
3339801217806434,2024-08-10T13:56:24.771Z,651.46
6564109388484184,2024-08-10T14:11:22.771Z,-993.09
4234709814496996,2024-08-10T14:14:48.771Z,-586.48
6288853716425504,2024-08-10T15:23:33.771Z,-233.22
5092446914149764,2024-08-10T15:53:56.771Z,155.44
3339801217806434,2024-08-10T16:13:45.771Z,370.68
6564109388484184,2024-08-10T17:00:36.771Z,-232.02
3618845513520900,2024-08-10T17:45:08.771Z,-816.89
3537349596978716,2024-08-10T20:13:10.771Z,953.21
3745155717279673,2024-08-10T21:29:59.771Z,46.80
5995696966070264,2024-08-10T21:44:49.771Z,-273.16
5816050191711854,2024-08-10T22:11:05.771Z,-950.39
3742992852195954,2024-08-10T23:42:54.771Z,-230.78
3171948530096903,2024-08-11T03:41:38.771Z,-177.91
5091360375658474,2024-08-11T05:57:36.771Z,42.61
4932629994846233,2024-08-11T08:02:53.771Z,-644.28
4235973154283559,2024-08-11T08:16:15.771Z,-458.01
4210013133081688,2024-08-11T08:19:28.771Z,535.65
4932629994846233,2024-08-11T09:00:17.771Z,881.36
3037393026661280,2024-08-11T09:00:56.771Z,-748.67
3663297678172224,2024-08-11T09:57:54.771Z,-214.75
6657327299602346,2024-08-11T11:52:45.771Z,8.59
4210013133081688,2024-08-11T12:03:12.771Z,-695.71
3369832681865051,2024-08-11T12:18:25.771Z,-529.24
3219459079118226,2024-08-11T12:40:03.771Z,-46.90
6734576552114648,2024-08-11T13:09:08.771Z,184.01
5216484446506263,2024-08-11T14:04:36.771Z,827.76
3618845513520900,2024-08-11T15:29:46.771Z,183.51
6288853716425504,2024-08-11T16:04:39.771Z,669.85
4235973154283559,2024-08-11T16:22:39.771Z,697.72
6734576552114648,2024-08-11T16:33:41.771Z,-114.75
3339801217806434,2024-08-11T17:12:16.771Z,-389.21
5997179980717501,2024-08-11T17:27:15.771Z,-650.85
4932629994846233,2024-08-11T17:46:00.771Z,-144.11
3745155717279673,2024-08-11T17:59:31.771Z,-51.72
6472592460352496,2024-08-11T18:28:49.771Z,-157.23
5816050191711854,2024-08-11T18:40:50.771Z,-842.55
6657327299602346,2024-08-11T18:44:07.771Z,-742.26
3404349486560448,2024-08-11T20:27:45.771Z,-633.68
5216484446506263,2024-08-11T20:45:22.771Z,515.30
6329931100465627,2024-08-11T21:53:29.771Z,511.68
6472592460352496,2024-08-11T23:17:53.771Z,-663.58
6288853716425504,2024-08-11T23:22:19.771Z,171.80
5216484446506263,2024-08-12T00:11:34.771Z,-234.59
6218748060041639,2024-08-12T00:39:44.771Z,372.40
5581253985313232,2024-08-12T00:57:37.771Z,790.07
3537349596978716,2024-08-12T01:42:21.771Z,-531.02
5997179980717501,2024-08-12T02:10:17.771Z,-258.62
3404349486560448,2024-08-12T02:28:16.771Z,-673.32
3328090600295181,2024-08-12T02:53:20.771Z,983.64
5581253985313232,2024-08-12T02:54:49.771Z,-204.71
4234709814496996,2024-08-12T03:04:07.771Z,25.72
5216484446506263,2024-08-12T03:43:32.771Z,-125.94
4932629994846233,2024-08-12T04:02:26.771Z,-162.12
3339801217806434,2024-08-12T04:03:42.771Z,475.34
5705851002586967,2024-08-12T04:30:02.771Z,214.13
5609879353687978,2024-08-12T04:44:29.771Z,-822.27
6472592460352496,2024-08-12T05:22:43.771Z,689.54
4726556059561949,2024-08-12T06:47:21.771Z,-999.20
3663297678172224,2024-08-12T08:29:36.771Z,490.24
4024012623842318,2024-08-12T08:55:48.771Z,-3.41
3820307659851859,2024-08-12T09:18:30.771Z,79.65
3404349486560448,2024-08-12T10:07:49.771Z,211.51
3663297678172224,2024-08-12T12:52:03.771Z,665.03
6218748060041639,2024-08-12T13:31:17.771Z,760.48
3537349596978716,2024-08-12T13:40:57.771Z,144.53
6361000177795595,2024-08-12T13:42:17.771Z,737.61
4726556059561949,2024-08-12T14:11:36.771Z,-2.91
5609879353687978,2024-08-12T14:34:53.771Z,-87.67
5995696966070264,2024-08-12T15:18:03.771Z,-254.16
6218748060041639,2024-08-12T16:27:38.771Z,440.74
3618845513520900,2024-08-12T17:11:03.771Z,-830.50
5705851002586967,2024-08-12T17:30:16.771Z,-814.37
6288853716425504,2024-08-12T19:48:23.771Z,-184.84
6575315976430295,2024-08-12T19:59:23.771Z,-840.61
6657327299602346,2024-08-12T23:11:21.771Z,643.55
5216484446506263,2024-08-12T23:16:25.771Z,358.41
6018480886031697,2024-08-13T00:17:48.771Z,482.13
6288853716425504,2024-08-13T00:30:48.771Z,146.39
3820307659851859,2024-08-13T00:58:12.771Z,768.96
6419514998974763,2024-08-13T03:38:46.771Z,-964.33
3219459079118226,2024-08-13T03:44:21.771Z,716.51
4210013133081688,2024-08-13T03:59:50.771Z,-763.76
3618845513520900,2024-08-13T05:04:23.771Z,347.07
3324679021275326,2024-08-13T07:31:23.759Z,-951.32
3324679021275326,2024-08-13T07:31:23.759Z,-951.32
3324679021275326,2024-08-13T07:31:23.759Z,-951.32
6419514998974763,2024-08-13T07:31:40.771Z,990.04
3171948530096903,2024-08-13T09:11:14.771Z,850.56
6734576552114648,2024-08-13T09:48:10.771Z,157.08
3339801217806434,2024-08-13T10:36:06.771Z,842.14
6437219155436606,2024-08-13T10:37:27.771Z,-198.69
5216484446506263,2024-08-13T11:04:17.771Z,86.82
6218748060041639,2024-08-13T11:35:55.771Z,155.20
5618401722389028,2024-08-13T11:43:56.771Z,-881.53
3618845513520900,2024-08-13T12:58:28.771Z,-800.70
5997179980717501,2024-08-13T13:24:51.771Z,197.71
3171948530096903,2024-08-13T14:25:37.771Z,-912.44
6472592460352496,2024-08-13T14:26:37.771Z,-25.96
6419514998974763,2024-08-13T14:28:20.771Z,-193.48
6833412122497701,2024-08-13T15:25:28.771Z,658.61
3339801217806434,2024-08-13T17:00:07.771Z,-417.18
6472592460352496,2024-08-13T17:17:56.771Z,-297.87
5618401722389028,2024-08-13T19:00:03.771Z,-697.14
6833412122497701,2024-08-13T19:02:06.771Z,695.57
6419514998974763,2024-08-13T19:04:10.771Z,-377.35
3328090600295181,2024-08-13T19:24:55.771Z,659.13
3663297678172224,2024-08-13T19:27:55.771Z,617.27
6575315976430295,2024-08-13T20:16:01.771Z,-718.80
5926759033070471,2024-08-13T20:57:23.771Z,-964.97
6288853716425504,2024-08-13T21:09:14.771Z,-623.68
4932629994846233,2024-08-13T21:54:30.771Z,712.07
6361000177795595,2024-08-13T22:05:01.771Z,-509.38
5609879353687978,2024-08-13T23:17:55.771Z,-526.37
6734576552114648,2024-08-14T00:34:01.771Z,-619.18
6218748060041639,2024-08-14T01:28:07.771Z,-253.01
6437219155436606,2024-08-14T02:15:02.771Z,704.74
3404349486560448,2024-08-14T02:57:46.771Z,-565.79
3537349596978716,2024-08-14T03:27:18.771Z,-770.21
3820307659851859,2024-08-14T03:34:04.771Z,-665.61
6018480886031697,2024-08-14T04:00:29.771Z,495.66
4234709814496996,2024-08-14T04:06:51.771Z,81.78
3339801217806434,2024-08-14T04:35:43.771Z,542.87
3037393026661280,2024-08-14T05:11:29.771Z,-1.64
6437219155436606,2024-08-14T07:05:26.771Z,980.20
6564109388484184,2024-08-14T09:27:51.771Z,281.43
3663297678172224,2024-08-14T10:03:37.771Z,987.64
4210013133081688,2024-08-14T11:46:18.771Z,522.36
3618845513520900,2024-08-14T15:12:55.771Z,577.49
3328090600295181,2024-08-14T15:18:53.771Z,-505.96
5092446914149764,2024-08-14T17:45:59.771Z,603.78
6288853716425504,2024-08-14T18:17:50.771Z,624.64
3089689896090797,2024-08-14T18:39:21.771Z,-784.76
3219459079118226,2024-08-14T20:08:14.771Z,707.38
3089689896090797,2024-08-14T20:34:10.771Z,-338.77
4932629994846233,2024-08-14T20:49:27.771Z,355.78
3589249568754350,2024-08-14T22:37:48.771Z,936.49
6361000177795595,2024-08-14T23:41:56.771Z,67.87
4235973154283559,2024-08-15T00:10:40.771Z,-414.26
3745155717279673,2024-08-15T00:24:11.771Z,101.95
5091360375658474,2024-08-15T01:01:42.771Z,-135.03
5609879353687978,2024-08-15T01:13:22.771Z,479.04
5581253985313232,2024-08-15T01:25:37.771Z,-624.04
5816050191711854,2024-08-15T02:10:14.771Z,-244.49
3820307659851859,2024-08-15T02:56:35.771Z,552.15
5618401722389028,2024-08-15T04:09:23.771Z,-129.33
6437219155436606,2024-08-15T04:14:38.771Z,663.81
5609879353687978,2024-08-15T04:16:24.771Z,562.76
3328090600295181,2024-08-15T05:43:07.771Z,-147.97
6564109388484184,2024-08-15T06:21:28.771Z,245.29
3589249568754350,2024-08-15T06:30:56.771Z,-566.74
4932629994846233,2024-08-15T07:58:08.771Z,367.42
3328090600295181,2024-08-15T08:49:30.771Z,355.53
4235973154283559,2024-08-15T09:06:05.771Z,-798.10
5091360375658474,2024-08-15T09:21:55.771Z,576.52
3339801217806434,2024-08-15T10:01:50.771Z,65.85
6564109388484184,2024-08-15T11:04:58.771Z,591.16
3328090600295181,2024-08-15T14:34:46.771Z,-57.37
6575315976430295,2024-08-15T14:35:41.771Z,36.15
3690769043359511,2024-08-15T14:40:26.771Z,-957.41
5609879353687978,2024-08-15T15:15:23.771Z,543.21
3578813208959317,2024-08-15T15:29:33.771Z,-97.69
3171948530096903,2024-08-15T15:55:08.771Z,692.83
3578813208959317,2024-08-15T17:11:55.771Z,-6.56
3404349486560448,2024-08-15T17:14:50.771Z,559.45
5216484446506263,2024-08-15T18:45:22.771Z,320.46
6472592460352496,2024-08-15T18:59:26.771Z,802.66
3328090600295181,2024-08-15T19:06:46.771Z,994.20
6018480886031697,2024-08-15T19:14:31.771Z,-119.54
5926759033070471,2024-08-15T20:08:39.771Z,227.70
3339801217806434,2024-08-15T20:24:38.771Z,606.18
3219459079118226,2024-08-15T20:47:01.771Z,-945.35
6437219155436606,2024-08-15T22:18:53.771Z,-234.64
5705851002586967,2024-08-15T22:31:34.771Z,-406.25
6657327299602346,2024-08-15T22:33:48.771Z,-277.58
3745155717279673,2024-08-15T22:37:33.771Z,590.09
6734576552114648,2024-08-16T01:57:28.771Z,-707.44
3369832681865051,2024-08-16T02:10:14.771Z,-547.16
3663297678172224,2024-08-16T02:18:03.771Z,38.11
5926759033070471,2024-08-16T02:23:22.771Z,248.48
6472592460352496,2024-08-16T03:04:45.771Z,-25.16
3578813208959317,2024-08-16T03:17:49.771Z,-58.95
3618845513520900,2024-08-16T03:31:13.771Z,967.34
6006325963724299,2024-08-16T04:30:10.771Z,555.18
5997179980717501,2024-08-16T05:25:47.771Z,669.01
3690769043359511,2024-08-16T05:31:17.771Z,268.55
6734576552114648,2024-08-16T06:26:03.771Z,510.14
3089689896090797,2024-08-16T07:03:52.771Z,-896.11
5618401722389028,2024-08-16T07:39:49.771Z,155.64
6419514998974763,2024-08-16T08:52:38.771Z,-752.88
6657327299602346,2024-08-16T10:10:11.771Z,862.35
5705851002586967,2024-08-16T13:12:00.771Z,-37.07
6018480886031697,2024-08-16T13:39:55.771Z,-90.70
6329931100465627,2024-08-16T14:07:32.771Z,-415.98
3037393026661280,2024-08-16T14:52:29.771Z,556.95
3589249568754350,2024-08-16T15:24:22.771Z,-921.26
6437219155436606,2024-08-16T15:56:17.771Z,-910.35
6018480886031697,2024-08-16T18:04:37.771Z,862.98
6288853716425504,2024-08-16T19:19:31.771Z,-512.31
6734576552114648,2024-08-16T19:58:43.771Z,-851.66
6714744990978278,2024-08-16T21:04:01.759Z,253.04
6714744990978278,2024-08-16T21:04:01.759Z,253.04
6714744990978278,2024-08-16T21:04:01.759Z,253.04
4234709814496996,2024-08-16T22:11:53.771Z,-425.93
3663297678172224,2024-08-16T22:28:07.771Z,825.75
5995696966070264,2024-08-16T22:47:29.771Z,-886.15
3171948530096903,2024-08-17T00:50:30.771Z,717.04
4235973154283559,2024-08-17T02:20:33.771Z,-69.49
5581253985313232,2024-08-17T02:27:11.771Z,224.90
3663297678172224,2024-08-17T05:05:45.771Z,553.20
5705851002586967,2024-08-17T05:07:54.771Z,-594.56
5926759033070471,2024-08-17T05:26:08.771Z,-435.69
3037393026661280,2024-08-17T05:42:19.771Z,-886.24
4234709814496996,2024-08-17T06:08:50.771Z,-87.87
3171948530096903,2024-08-17T06:14:15.771Z,970.11
3339801217806434,2024-08-17T06:19:26.771Z,-247.51
6575315976430295,2024-08-17T06:27:07.771Z,300.41
4234709814496996,2024-08-17T07:22:08.771Z,-243.26
4235973154283559,2024-08-17T07:53:19.771Z,-59.15
5926759033070471,2024-08-17T08:18:12.771Z,-882.13
5618401722389028,2024-08-17T08:45:25.771Z,-261.75
6437219155436606,2024-08-17T09:27:26.771Z,882.95
6419514998974763,2024-08-17T11:19:48.771Z,-851.48
3404349486560448,2024-08-17T12:13:51.771Z,287.17
6018480886031697,2024-08-17T13:03:19.771Z,-646.11
4210013133081688,2024-08-17T13:15:59.771Z,-399.15
4234709814496996,2024-08-17T13:24:34.771Z,345.29
5618401722389028,2024-08-17T13:43:39.771Z,974.15
4235973154283559,2024-08-17T14:10:48.771Z,-793.89
5618401722389028,2024-08-17T14:42:15.771Z,858.49
5816050191711854,2024-08-17T16:25:56.771Z,-209.33
6657327299602346,2024-08-17T16:28:53.771Z,-354.37
4210013133081688,2024-08-17T16:41:20.771Z,-595.70
3328090600295181,2024-08-17T18:30:58.771Z,-553.68
4726556059561949,2024-08-17T18:53:57.771Z,-784.83
5816050191711854,2024-08-17T19:42:00.771Z,927.48
3742992852195954,2024-08-17T20:14:06.771Z,425.98
3037393026661280,2024-08-17T20:25:46.771Z,342.23
6734576552114648,2024-08-17T20:39:13.771Z,777.23
4932629994846233,2024-08-17T20:43:34.771Z,-119.93
3037393026661280,2024-08-17T21:55:57.771Z,543.08
5705851002586967,2024-08-17T23:41:07.771Z,585.28
3537349596978716,2024-08-17T23:44:10.771Z,426.25
3089689896090797,2024-08-18T01:15:51.771Z,737.38
6575315976430295,2024-08-18T01:24:44.771Z,-778.64
4378233413863490,2024-08-18T01:53:44.771Z,-351.98
5997179980717501,2024-08-18T02:20:03.771Z,-257.37
6437219155436606,2024-08-18T06:26:36.771Z,444.58
5705851002586967,2024-08-18T07:42:09.771Z,308.47
5705851002586967,2024-08-18T08:14:26.771Z,-799.15
6472592460352496,2024-08-18T08:17:16.771Z,-14.34
3578813208959317,2024-08-18T08:59:29.771Z,-676.81
5816050191711854,2024-08-18T10:03:30.771Z,455.21
3589249568754350,2024-08-18T11:44:55.771Z,828.79
3089689896090797,2024-08-18T12:03:07.771Z,756.78
3578813208959317,2024-08-18T12:20:26.771Z,-818.87
5926759033070471,2024-08-18T12:56:05.771Z,764.64
4024012623842318,2024-08-18T13:43:43.771Z,-248.82
5092446914149764,2024-08-18T14:17:59.771Z,619.25
3219459079118226,2024-08-18T14:53:16.771Z,-45.95
5705851002586967,2024-08-18T15:05:21.771Z,223.12
3578813208959317,2024-08-18T16:44:34.771Z,364.71
3037393026661280,2024-08-18T17:21:07.771Z,276.56
3404349486560448,2024-08-18T17:50:06.771Z,-583.77
6218748060041639,2024-08-18T18:48:42.771Z,774.03
3618845513520900,2024-08-18T19:09:56.771Z,783.35
5816050191711854,2024-08-18T19:44:39.771Z,795.25
4024012623842318,2024-08-18T21:31:21.771Z,-76.40
5091360375658474,2024-08-18T22:25:25.771Z,-716.00
3171948530096903,2024-08-19T00:32:56.771Z,80.71
3219459079118226,2024-08-19T01:09:43.771Z,446.73
5216484446506263,2024-08-19T02:10:23.771Z,-434.34
6018480886031697,2024-08-19T08:41:27.771Z,916.72
3537349596978716,2024-08-19T10:00:32.771Z,445.82
6472592460352496,2024-08-19T10:45:11.771Z,744.03
6006325963724299,2024-08-19T11:05:28.771Z,-631.74
5995696966070264,2024-08-19T11:28:50.771Z,-360.59
3171948530096903,2024-08-19T11:49:40.771Z,-364.12
4378233413863490,2024-08-19T12:59:56.771Z,-130.14
3618845513520900,2024-08-19T13:34:12.771Z,273.49
6472592460352496,2024-08-19T15:33:42.771Z,-419.56
3742992852195954,2024-08-19T16:52:23.771Z,-977.15
6419514998974763,2024-08-19T17:53:51.771Z,-625.26
6706534013288847,2024-08-19T18:27:00.771Z,-986.44
3690769043359511,2024-08-19T18:41:10.771Z,-738.15
6564109388484184,2024-08-19T19:49:37.771Z,610.20
3219459079118226,2024-08-19T20:31:42.771Z,757.06
5995696966070264,2024-08-19T21:37:03.771Z,654.23
5705851002586967,2024-08-19T22:04:20.771Z,174.83
4024012623842318,2024-08-19T22:20:36.771Z,107.68
6218748060041639,2024-08-19T22:23:43.771Z,-958.76
6006325963724299,2024-08-19T23:42:49.771Z,586.55
3404349486560448,2024-08-20T01:04:30.771Z,208.71
3369832681865051,2024-08-20T02:12:11.771Z,-832.76
6419514998974763,2024-08-20T03:35:59.771Z,607.57
3537349596978716,2024-08-20T03:36:54.771Z,462.40
6361000177795595,2024-08-20T03:58:21.771Z,-756.43
6329931100465627,2024-08-20T04:36:37.771Z,932.26
5926759033070471,2024-08-20T05:49:31.771Z,-763.90
4210013133081688,2024-08-20T05:54:11.771Z,-754.83
3663297678172224,2024-08-20T06:14:20.771Z,507.28
4378233413863490,2024-08-20T06:15:48.771Z,-717.57
6657327299602346,2024-08-20T06:22:59.771Z,499.39
6564109388484184,2024-08-20T06:49:04.771Z,-846.94
3589249568754350,2024-08-20T07:00:33.771Z,733.22
5609879353687978,2024-08-20T08:00:18.771Z,-561.28
6734576552114648,2024-08-20T09:32:13.771Z,-7.13
5816050191711854,2024-08-20T13:39:09.771Z,946.71
5581253985313232,2024-08-20T14:14:13.771Z,924.84
5926759033070471,2024-08-20T14:28:23.771Z,-946.97
6018480886031697,2024-08-20T15:08:50.771Z,-714.96
5581253985313232,2024-08-20T15:20:57.771Z,694.17
3171948530096903,2024-08-20T15:31:13.771Z,-462.19
6419514998974763,2024-08-20T17:49:10.771Z,-726.79
6361000177795595,2024-08-20T22:52:27.771Z,-902.83
6006325963724299,2024-08-20T23:08:30.771Z,-424.51
5581253985313232,2024-08-20T23:13:54.771Z,947.29
5581253985313232,2024-08-21T00:27:23.771Z,-459.38
5092446914149764,2024-08-21T00:31:41.771Z,146.94
5995696966070264,2024-08-21T01:15:34.771Z,-603.80
5609879353687978,2024-08-21T01:37:15.771Z,347.67
4726556059561949,2024-08-21T01:41:00.771Z,419.23
6575315976430295,2024-08-21T03:57:45.771Z,-214.97
6006325963724299,2024-08-21T04:41:27.771Z,321.61
6657327299602346,2024-08-21T04:57:24.771Z,-217.64
3219459079118226,2024-08-21T06:34:20.771Z,119.59
6657327299602346,2024-08-21T07:43:10.771Z,-355.25
3037393026661280,2024-08-21T09:08:19.771Z,471.88
3690769043359511,2024-08-21T10:34:29.771Z,425.32
3339801217806434,2024-08-21T10:51:24.771Z,974.90
5997179980717501,2024-08-21T11:13:46.771Z,233.98
3742992852195954,2024-08-21T13:19:54.771Z,-698.55
3589249568754350,2024-08-21T13:45:32.771Z,-259.07
5216484446506263,2024-08-21T14:01:43.771Z,-426.82
6218748060041639,2024-08-21T16:49:03.771Z,-286.53
6472592460352496,2024-08-21T17:27:17.771Z,-845.04
6833412122497701,2024-08-21T17:27:43.771Z,-397.07
6329931100465627,2024-08-21T17:51:55.771Z,-219.25
6564109388484184,2024-08-21T20:49:08.771Z,805.79
4234709814496996,2024-08-21T22:05:47.771Z,430.29
6575315976430295,2024-08-21T22:05:52.771Z,-179.97
5091360375658474,2024-08-21T23:09:59.771Z,-338.56
3589249568754350,2024-08-21T23:48:47.771Z,33.79
4235973154283559,2024-08-22T00:13:54.771Z,-891.86
3089689896090797,2024-08-22T01:00:55.771Z,892.34
4234709814496996,2024-08-22T02:20:17.771Z,929.35
5216484446506263,2024-08-22T02:30:21.771Z,348.20
4932629994846233,2024-08-22T04:06:44.771Z,-494.84
6006325963724299,2024-08-22T04:24:28.771Z,190.11
6706534013288847,2024-08-22T04:38:43.771Z,512.19
3742992852195954,2024-08-22T05:24:28.771Z,143.56
4726556059561949,2024-08-22T05:38:52.771Z,-338.81
4378233413863490,2024-08-22T06:08:58.771Z,-134.71
6575315976430295,2024-08-22T08:42:55.771Z,-262.29
4024012623842318,2024-08-22T09:56:20.771Z,804.78
3663297678172224,2024-08-22T11:08:53.771Z,514.65
3537349596978716,2024-08-22T11:12:19.771Z,102.08
4932629994846233,2024-08-22T12:21:06.771Z,-139.65
6575315976430295,2024-08-22T13:14:31.771Z,-727.18
3037393026661280,2024-08-22T13:29:21.771Z,476.27
6472592460352496,2024-08-22T14:40:44.771Z,541.50
6833412122497701,2024-08-22T15:12:24.771Z,334.84
3369832681865051,2024-08-22T15:45:19.771Z,-35.55
4932629994846233,2024-08-22T16:07:39.771Z,-221.83
4726556059561949,2024-08-22T17:10:42.771Z,947.01
6564109388484184,2024-08-22T20:13:01.771Z,-829.24
4932629994846233,2024-08-22T20:59:54.771Z,-82.85
6329931100465627,2024-08-22T21:09:04.771Z,-648.76
6833412122497701,2024-08-22T21:26:32.771Z,-143.02
4235973154283559,2024-08-22T21:37:16.771Z,67.44
6288853716425504,2024-08-22T22:02:30.771Z,-149.70
3089689896090797,2024-08-22T22:45:33.771Z,-994.38
3537349596978716,2024-08-22T22:48:45.771Z,-851.27
3663297678172224,2024-08-22T23:12:25.771Z,291.81
3820307659851859,2024-08-22T23:28:47.771Z,131.89
4378233413863490,2024-08-23T00:26:16.771Z,-893.84
3339801217806434,2024-08-23T00:54:48.771Z,-287.70
3339801217806434,2024-08-23T01:26:19.771Z,-984.22
5091360375658474,2024-08-23T01:51:01.771Z,386.86
6288853716425504,2024-08-23T03:15:01.771Z,119.70
5926759033070471,2024-08-23T04:36:17.771Z,632.19
5995696966070264,2024-08-23T04:54:54.771Z,520.09
4024012623842318,2024-08-23T04:59:53.771Z,-172.24
4726556059561949,2024-08-23T06:56:58.771Z,925.94
6018480886031697,2024-08-23T07:24:39.771Z,71.39
5091360375658474,2024-08-23T07:34:36.771Z,924.88
5995696966070264,2024-08-23T09:23:00.771Z,301.45
5705851002586967,2024-08-23T09:24:23.771Z,-379.28
5926759033070471,2024-08-23T13:48:10.771Z,-677.18
6419514998974763,2024-08-23T15:44:18.771Z,-20.41
3690769043359511,2024-08-23T15:51:29.771Z,558.03
3037393026661280,2024-08-23T17:11:17.771Z,-505.04
3742992852195954,2024-08-23T17:13:09.771Z,250.61
4726556059561949,2024-08-23T17:37:27.771Z,305.96
3171948530096903,2024-08-23T18:15:54.771Z,557.05
3089689896090797,2024-08-23T18:23:37.771Z,714.38
4210013133081688,2024-08-23T18:32:37.771Z,-253.84
4210013133081688,2024-08-23T18:42:07.771Z,-400.84
5092446914149764,2024-08-23T19:44:25.771Z,-834.78
6329931100465627,2024-08-23T20:39:44.771Z,11.30
4378233413863490,2024-08-23T21:16:22.771Z,296.00
5092446914149764,2024-08-23T22:30:25.771Z,389.03
6657327299602346,2024-08-23T23:17:26.771Z,-721.00
3537349596978716,2024-08-24T00:05:35.771Z,-839.94
4726556059561949,2024-08-24T00:11:59.771Z,834.77
6288853716425504,2024-08-24T00:52:27.771Z,249.51
6361000177795595,2024-08-24T01:17:25.771Z,271.78
3589249568754350,2024-08-24T02:56:07.771Z,-920.79
6419514998974763,2024-08-24T05:00:16.771Z,674.43
5581253985313232,2024-08-24T05:11:25.771Z,255.85
4235973154283559,2024-08-24T07:03:35.771Z,-128.25
5926759033070471,2024-08-24T07:34:26.771Z,-852.35
4726556059561949,2024-08-24T07:45:42.771Z,45.05
6575315976430295,2024-08-24T07:47:34.771Z,-597.50
4932629994846233,2024-08-24T08:24:08.771Z,-188.95
5618401722389028,2024-08-24T08:24:23.771Z,-399.17
3404349486560448,2024-08-24T10:24:41.771Z,-443.85
4235973154283559,2024-08-24T11:10:58.771Z,-577.47
6564109388484184,2024-08-24T12:54:18.771Z,35.10
3037393026661280,2024-08-24T12:57:36.771Z,-175.88
3578813208959317,2024-08-24T14:32:15.771Z,927.76
3690769043359511,2024-08-24T14:54:27.771Z,541.72
5995696966070264,2024-08-24T15:43:50.771Z,-85.64
5926759033070471,2024-08-24T16:02:53.771Z,-166.16
3404349486560448,2024-08-24T16:05:37.771Z,-441.42
5216484446506263,2024-08-24T16:32:59.771Z,253.74
3690769043359511,2024-08-24T16:53:15.771Z,-489.67
6437219155436606,2024-08-24T18:27:48.771Z,-854.44
5997179980717501,2024-08-24T23:37:57.771Z,854.12
3589249568754350,2024-08-25T00:50:38.771Z,640.91
3339801217806434,2024-08-25T02:15:13.771Z,840.91
3089689896090797,2024-08-25T02:46:34.771Z,-201.38
4378233413863490,2024-08-25T02:54:31.771Z,405.05
3663297678172224,2024-08-25T03:12:56.771Z,349.06
3339801217806434,2024-08-25T04:43:43.771Z,923.39
6575315976430295,2024-08-25T06:23:38.771Z,270.97
6437219155436606,2024-08-25T06:25:49.771Z,456.49
4378233413863490,2024-08-25T08:13:51.771Z,-763.57
3369832681865051,2024-08-25T08:45:12.771Z,22.88
6575315976430295,2024-08-25T08:49:13.771Z,383.21
3037393026661280,2024-08-25T09:12:20.771Z,778.75
6657327299602346,2024-08-25T09:47:37.771Z,-896.80
6734576552114648,2024-08-25T11:53:44.771Z,685.41
5705851002586967,2024-08-25T12:21:50.771Z,237.78
3369832681865051,2024-08-25T12:47:38.771Z,561.91
6218748060041639,2024-08-25T13:50:00.771Z,-813.19
5609879353687978,2024-08-25T18:00:41.771Z,-493.17
3742992852195954,2024-08-25T18:02:54.771Z,444.22
3339801217806434,2024-08-25T18:52:07.771Z,-866.48
5995696966070264,2024-08-25T21:29:16.771Z,-769.93
6564109388484184,2024-08-25T22:53:51.771Z,-703.39
5997179980717501,2024-08-26T00:30:33.771Z,671.47
5997179980717501,2024-08-26T02:46:40.771Z,912.36
3820307659851859,2024-08-26T04:20:43.771Z,902.84
5995696966070264,2024-08-26T04:32:12.771Z,-188.99
5816050191711854,2024-08-26T05:29:32.771Z,-733.08
5216484446506263,2024-08-26T07:55:32.771Z,-848.23
6218748060041639,2024-08-26T09:10:16.771Z,-743.21
3328090600295181,2024-08-26T09:28:01.771Z,-525.12
3589249568754350,2024-08-26T10:34:48.771Z,626.40
3089689896090797,2024-08-26T10:41:32.771Z,-866.53
5216484446506263,2024-08-26T12:25:15.771Z,263.64
3404349486560448,2024-08-26T13:21:54.771Z,486.83
4234709814496996,2024-08-26T13:32:17.771Z,100.91
6575315976430295,2024-08-26T14:14:09.771Z,-736.31
4378233413863490,2024-08-26T17:27:06.771Z,-101.19
5816050191711854,2024-08-26T19:52:07.771Z,960.90
3089689896090797,2024-08-26T21:06:45.771Z,-75.32
6018480886031697,2024-08-26T21:07:07.771Z,965.09
3690769043359511,2024-08-26T21:08:18.771Z,-584.06
3578813208959317,2024-08-26T21:28:50.771Z,-123.32
3663297678172224,2024-08-26T22:47:59.771Z,579.06
3745155717279673,2024-08-27T00:19:27.771Z,566.90
3369832681865051,2024-08-27T03:09:08.771Z,-86.63
3618845513520900,2024-08-27T04:01:30.771Z,920.00
6006325963724299,2024-08-27T04:58:56.771Z,459.83
6734576552114648,2024-08-27T06:42:50.771Z,416.24
6437219155436606,2024-08-27T06:52:46.771Z,998.97
4210013133081688,2024-08-27T08:09:54.771Z,-665.76
5997179980717501,2024-08-27T08:12:04.771Z,-324.16
4726556059561949,2024-08-27T09:18:39.771Z,926.84
6419514998974763,2024-08-27T09:28:34.771Z,921.79
3742992852195954,2024-08-27T09:59:53.771Z,-321.10
4235973154283559,2024-08-27T12:03:11.771Z,946.83
3690769043359511,2024-08-27T13:03:01.771Z,-230.29
4235973154283559,2024-08-27T13:11:36.771Z,-909.98
6706534013288847,2024-08-27T13:49:38.771Z,-936.42
3537349596978716,2024-08-27T14:17:58.771Z,-880.69
3328090600295181,2024-08-27T14:44:40.771Z,-23.28
4726556059561949,2024-08-27T15:39:50.771Z,64.04
6419514998974763,2024-08-27T16:19:10.771Z,477.91
5609879353687978,2024-08-27T16:54:52.771Z,-762.26
5995696966070264,2024-08-27T20:43:18.771Z,-162.45
3618845513520900,2024-08-27T20:47:53.771Z,958.71
5705851002586967,2024-08-27T21:15:43.771Z,165.82
4932629994846233,2024-08-27T22:35:58.771Z,606.96
6564109388484184,2024-08-27T23:25:52.771Z,719.51
3745155717279673,2024-08-27T23:55:12.771Z,-155.95
6657327299602346,2024-08-28T00:39:27.771Z,907.34
5581253985313232,2024-08-28T03:54:37.771Z,189.49
6833412122497701,2024-08-28T04:09:26.771Z,-263.40
6329931100465627,2024-08-28T04:35:36.771Z,992.58
4932629994846233,2024-08-28T06:35:52.771Z,28.99
3219459079118226,2024-08-28T07:13:50.771Z,-562.79
6575315976430295,2024-08-28T09:09:02.771Z,-319.93
6437219155436606,2024-08-28T09:22:14.771Z,915.43
4378233413863490,2024-08-28T09:56:14.771Z,-261.76
5997179980717501,2024-08-28T10:18:50.771Z,358.67
3663297678172224,2024-08-28T11:33:16.771Z,487.04
5816050191711854,2024-08-28T12:49:29.771Z,-216.11
6734576552114648,2024-08-28T13:58:29.771Z,-747.17
3537349596978716,2024-08-28T15:56:42.771Z,802.85
5995696966070264,2024-08-28T16:05:47.771Z,245.07
4235973154283559,2024-08-28T17:06:33.771Z,-583.17
3742992852195954,2024-08-28T18:22:58.771Z,-904.41
5581253985313232,2024-08-28T18:50:45.771Z,-21.29
3037393026661280,2024-08-28T20:04:19.771Z,892.71
4932629994846233,2024-08-28T20:21:58.771Z,-979.88
5926759033070471,2024-08-28T21:33:38.771Z,-800.47
4235973154283559,2024-08-28T21:44:10.771Z,885.36
6006325963724299,2024-08-28T23:47:05.771Z,461.58
5705851002586967,2024-08-29T00:14:21.771Z,459.65
6419514998974763,2024-08-29T00:23:38.771Z,-829.76
3690769043359511,2024-08-29T00:45:59.771Z,887.87
6329931100465627,2024-08-29T02:46:14.771Z,-725.64
3037393026661280,2024-08-29T03:16:47.771Z,765.51
5609879353687978,2024-08-29T03:21:53.771Z,492.81
6218748060041639,2024-08-29T03:46:57.771Z,777.48
6734576552114648,2024-08-29T04:30:57.771Z,529.54
3820307659851859,2024-08-29T04:31:27.771Z,-103.87
3089689896090797,2024-08-29T05:37:46.771Z,-993.94
3328090600295181,2024-08-29T08:13:06.771Z,-575.88
4378233413863490,2024-08-29T09:26:54.771Z,199.26
3404349486560448,2024-08-29T10:53:26.771Z,-174.36
6833412122497701,2024-08-29T11:01:33.771Z,-731.14
3690769043359511,2024-08-29T11:18:22.771Z,-48.14
5705851002586967,2024-08-29T14:45:01.771Z,292.29
4378233413863490,2024-08-29T15:19:10.771Z,-510.53
5091360375658474,2024-08-29T15:25:47.771Z,287.37
6657327299602346,2024-08-29T15:31:22.771Z,-766.53
4932629994846233,2024-08-29T16:53:17.771Z,6.29
5997179980717501,2024-08-29T17:06:48.771Z,240.05
4378233413863490,2024-08-29T17:14:48.771Z,-837.18
5618401722389028,2024-08-29T17:37:34.771Z,-235.30
3742992852195954,2024-08-29T18:56:19.771Z,345.97
3089689896090797,2024-08-29T19:34:18.771Z,-666.33
3745155717279673,2024-08-29T20:03:16.771Z,381.18
3328090600295181,2024-08-29T21:23:09.771Z,-239.47
6419514998974763,2024-08-29T21:33:58.771Z,-484.87
5092446914149764,2024-08-29T21:49:54.771Z,-617.13
3037393026661280,2024-08-29T23:03:14.771Z,157.68
6329931100465627,2024-08-30T00:22:12.771Z,-102.29
4378233413863490,2024-08-30T01:01:32.771Z,-325.57
5618401722389028,2024-08-30T01:19:09.771Z,659.17
4024012623842318,2024-08-30T01:20:46.771Z,-29.31
3404349486560448,2024-08-30T01:52:58.771Z,-760.78
3578813208959317,2024-08-30T02:27:12.771Z,138.29
5581253985313232,2024-08-30T03:37:52.771Z,-426.72
5216484446506263,2024-08-30T05:44:18.771Z,-279.89
3089689896090797,2024-08-30T06:04:25.771Z,409.37
3404349486560448,2024-08-30T08:23:46.771Z,352.79
5091360375658474,2024-08-30T08:26:51.771Z,-248.18
6361000177795595,2024-08-30T08:41:43.771Z,923.03
6734576552114648,2024-08-30T08:46:52.771Z,-580.15
5997179980717501,2024-08-30T10:32:39.771Z,-283.52
6706534013288847,2024-08-30T12:58:05.771Z,384.50
3690769043359511,2024-08-30T15:54:05.771Z,-295.22
5705851002586967,2024-08-30T16:20:51.771Z,-376.97
4932629994846233,2024-08-30T16:31:52.771Z,-731.75
5995696966070264,2024-08-30T17:53:17.771Z,969.87
4234709814496996,2024-08-30T18:29:37.771Z,103.70
6657327299602346,2024-08-30T20:00:41.771Z,-595.27
6218748060041639,2024-08-30T22:16:13.771Z,603.54
5092446914149764,2024-08-30T22:26:25.771Z,-217.75
5609879353687978,2024-08-30T23:00:25.771Z,-348.92
3742992852195954,2024-08-30T23:17:32.771Z,-711.12
5995696966070264,2024-08-30T23:29:21.771Z,213.14
6564109388484184,2024-08-31T00:46:50.771Z,-645.86
6361000177795595,2024-08-31T02:23:24.771Z,-507.41
3339801217806434,2024-08-31T02:48:26.771Z,545.87
3339801217806434,2024-08-31T03:38:40.771Z,-383.16
5092446914149764,2024-08-31T03:53:47.771Z,-476.29
5581253985313232,2024-08-31T06:44:42.771Z,-216.93
6361000177795595,2024-08-31T07:06:53.771Z,149.41
5609879353687978,2024-08-31T07:26:51.771Z,-947.61
5997179980717501,2024-08-31T08:39:27.771Z,163.75
4024012623842318,2024-08-31T08:53:01.771Z,814.03
5926759033070471,2024-08-31T08:57:39.771Z,734.38
6419514998974763,2024-08-31T08:58:45.771Z,-678.60
3578813208959317,2024-08-31T10:13:25.771Z,-803.06
6472592460352496,2024-08-31T10:15:06.771Z,-405.45
3037393026661280,2024-08-31T11:40:58.771Z,440.70
3037393026661280,2024-08-31T13:36:39.771Z,-456.97
5816050191711854,2024-08-31T13:51:30.771Z,-943.56
5618401722389028,2024-08-31T14:22:38.771Z,-286.46
5581253985313232,2024-08-31T15:00:55.771Z,115.22
5092446914149764,2024-08-31T15:26:47.771Z,-197.71
3404349486560448,2024-08-31T17:11:15.771Z,354.83
4932629994846233,2024-08-31T19:57:13.771Z,-700.67
4932629994846233,2024-08-31T20:05:52.771Z,-974.48
3339801217806434,2024-08-31T21:05:28.771Z,831.74
6734576552114648,2024-08-31T21:40:35.771Z,-423.76
6006325963724299,2024-08-31T22:43:02.771Z,6.63
4932629994846233,2024-08-31T23:14:51.771Z,518.88
6419514998974763,2024-08-31T23:38:39.771Z,769.78
3745155717279673,2024-09-01T01:31:01.771Z,528.83
3171948530096903,2024-09-01T03:40:30.771Z,-863.57
3578813208959317,2024-09-01T04:42:00.771Z,-363.13
6329931100465627,2024-09-01T04:49:43.771Z,231.79
6472592460352496,2024-09-01T04:58:09.771Z,-520.27
6657327299602346,2024-09-01T05:07:26.771Z,-738.27
6018480886031697,2024-09-01T05:50:38.771Z,530.72
3339801217806434,2024-09-01T06:22:28.771Z,-110.81
3745155717279673,2024-09-01T07:21:32.771Z,737.06
6288853716425504,2024-09-01T08:44:15.771Z,367.52
6361000177795595,2024-09-01T09:30:53.771Z,498.44
6734576552114648,2024-09-01T09:37:52.771Z,-262.97
6706534013288847,2024-09-01T09:42:44.771Z,840.74
4210013133081688,2024-09-01T09:44:04.771Z,302.22
6218748060041639,2024-09-01T11:24:51.771Z,-460.27
5995696966070264,2024-09-01T11:33:06.771Z,-144.83
6657327299602346,2024-09-01T12:51:08.771Z,-925.83
3089689896090797,2024-09-01T15:41:59.771Z,-927.90
6575315976430295,2024-09-01T16:08:05.771Z,585.02
4378233413863490,2024-09-01T16:15:44.771Z,-282.62
6734576552114648,2024-09-01T16:50:51.771Z,93.55
3037393026661280,2024-09-01T17:43:46.771Z,435.89
3339801217806434,2024-09-01T18:04:37.771Z,-952.44
3219459079118226,2024-09-01T18:43:55.771Z,-915.11
6329931100465627,2024-09-01T18:45:58.771Z,747.98
3820307659851859,2024-09-01T20:48:59.771Z,-718.85
3742992852195954,2024-09-01T23:57:46.771Z,719.26
5581253985313232,2024-09-02T00:34:53.771Z,354.82
6006325963724299,2024-09-02T01:05:55.771Z,-78.28
3820307659851859,2024-09-02T03:05:05.771Z,522.63
5816050191711854,2024-09-02T03:20:01.771Z,-446.18
6419514998974763,2024-09-02T03:21:40.771Z,222.33
3089689896090797,2024-09-02T04:10:00.771Z,693.83
4932629994846233,2024-09-02T06:09:42.771Z,-509.81
4210013133081688,2024-09-02T06:24:21.771Z,844.36
6018480886031697,2024-09-02T06:28:53.771Z,50.50
6833412122497701,2024-09-02T06:45:57.771Z,-533.06
5091360375658474,2024-09-02T08:30:12.771Z,428.21
3618845513520900,2024-09-02T10:02:49.771Z,-364.74
6472592460352496,2024-09-02T10:25:59.771Z,-743.98
3690769043359511,2024-09-02T11:22:22.771Z,672.07
6006325963724299,2024-09-02T12:04:43.771Z,683.84
4234709814496996,2024-09-02T13:39:26.771Z,-615.99
4234709814496996,2024-09-02T15:32:43.771Z,853.33
4932629994846233,2024-09-02T18:05:21.771Z,-123.30
4024012623842318,2024-09-02T18:45:01.771Z,885.56
3820307659851859,2024-09-02T20:57:12.771Z,-410.16
6006325963724299,2024-09-02T21:18:06.771Z,912.18
6472592460352496,2024-09-02T21:32:47.771Z,340.62
3219459079118226,2024-09-02T22:28:15.771Z,756.68
6218748060041639,2024-09-02T22:38:45.771Z,-377.53
3690769043359511,2024-09-03T00:06:32.771Z,288.61
6657327299602346,2024-09-03T02:38:44.771Z,105.22
6833412122497701,2024-09-03T02:43:33.771Z,-925.57
3742992852195954,2024-09-03T02:49:21.771Z,-161.75
3742992852195954,2024-09-03T03:08:40.771Z,-685.17
6361000177795595,2024-09-03T03:25:52.771Z,-620.77
4932629994846233,2024-09-03T03:55:08.771Z,922.28
3404349486560448,2024-09-03T04:31:49.771Z,-293.88
6361000177795595,2024-09-03T05:01:42.771Z,142.74
6575315976430295,2024-09-03T08:10:08.771Z,-802.52
3324679021275326,2024-09-03T09:31:10.759Z,570.35
3324679021275326,2024-09-03T09:31:10.759Z,570.35
3324679021275326,2024-09-03T09:31:10.759Z,570.35
5091360375658474,2024-09-03T09:42:55.771Z,-121.68
3404349486560448,2024-09-03T09:44:31.771Z,989.87
5581253985313232,2024-09-03T11:40:41.771Z,-468.18
4932629994846233,2024-09-03T13:23:29.771Z,171.95
5216484446506263,2024-09-03T13:38:44.771Z,492.49
6833412122497701,2024-09-03T14:30:39.771Z,-991.28
6419514998974763,2024-09-03T15:04:13.771Z,-683.85
4234709814496996,2024-09-03T15:25:36.771Z,275.39
3171948530096903,2024-09-03T15:44:53.771Z,-779.70
4024012623842318,2024-09-03T15:55:09.771Z,-928.30
6657327299602346,2024-09-03T17:44:28.771Z,-7.82
6437219155436606,2024-09-03T18:43:40.771Z,771.47
5997179980717501,2024-09-03T19:10:51.771Z,-270.95
3369832681865051,2024-09-03T21:26:28.771Z,-488.62
6218748060041639,2024-09-03T21:37:18.771Z,-954.64
6734576552114648,2024-09-03T21:46:32.771Z,120.64
6706534013288847,2024-09-04T01:07:57.771Z,896.57
3742992852195954,2024-09-04T07:32:01.771Z,-81.62
6218748060041639,2024-09-04T08:01:06.771Z,100.98
5092446914149764,2024-09-04T08:53:16.771Z,-365.95
6006325963724299,2024-09-04T08:53:22.771Z,800.58
3404349486560448,2024-09-04T09:30:27.771Z,-163.86
3618845513520900,2024-09-04T10:14:47.771Z,-85.94
6329931100465627,2024-09-04T10:23:09.771Z,736.42
4210013133081688,2024-09-04T10:36:12.771Z,-784.13
6218748060041639,2024-09-04T11:44:50.771Z,951.60
3171948530096903,2024-09-04T12:08:27.771Z,454.43
5609879353687978,2024-09-04T13:50:07.771Z,-929.40
4234709814496996,2024-09-04T14:48:57.771Z,-550.72
4234709814496996,2024-09-04T14:59:32.771Z,-134.94
6018480886031697,2024-09-04T15:19:37.771Z,-91.42
3618845513520900,2024-09-04T16:18:12.771Z,-642.60
5618401722389028,2024-09-04T19:33:59.771Z,469.02
3328090600295181,2024-09-04T19:46:34.771Z,-182.97
4378233413863490,2024-09-04T21:23:56.771Z,297.76
4234709814496996,2024-09-04T22:05:19.771Z,639.42
5092446914149764,2024-09-04T22:41:43.771Z,81.62
3742992852195954,2024-09-04T23:42:16.771Z,363.47
3578813208959317,2024-09-04T23:53:39.771Z,204.98
3663297678172224,2024-09-05T00:39:34.771Z,-162.49
3219459079118226,2024-09-05T00:47:49.771Z,-740.58
3089689896090797,2024-09-05T01:24:35.771Z,333.71
6437219155436606,2024-09-05T01:29:37.771Z,112.37
6437219155436606,2024-09-05T01:37:16.771Z,-389.98
5995696966070264,2024-09-05T01:40:56.771Z,9.46
4210013133081688,2024-09-05T02:42:59.771Z,-944.27
4210013133081688,2024-09-05T03:51:45.771Z,392.72
3820307659851859,2024-09-05T04:53:56.771Z,-131.43
3404349486560448,2024-09-05T05:40:49.771Z,-458.87
4234709814496996,2024-09-05T07:59:46.771Z,-525.06
5705851002586967,2024-09-05T09:53:27.771Z,738.36
6361000177795595,2024-09-05T10:54:49.771Z,-527.61
6734576552114648,2024-09-05T11:23:14.771Z,565.77
6706534013288847,2024-09-05T11:27:28.771Z,447.85
3369832681865051,2024-09-05T15:31:16.771Z,-907.45
3742992852195954,2024-09-05T15:48:19.771Z,-5.32
3404349486560448,2024-09-05T16:36:59.771Z,491.28
6472592460352496,2024-09-05T16:45:55.771Z,-277.90
4234709814496996,2024-09-05T17:55:29.771Z,-817.21
5705851002586967,2024-09-05T18:28:19.771Z,185.17
6472592460352496,2024-09-05T18:31:21.771Z,-151.11
4726556059561949,2024-09-05T19:25:07.771Z,-66.31
6006325963724299,2024-09-05T19:39:10.771Z,385.76
6833412122497701,2024-09-05T20:21:02.771Z,-961.70
6564109388484184,2024-09-05T20:48:12.771Z,1.72
5995696966070264,2024-09-05T20:59:22.771Z,439.47
4726556059561949,2024-09-05T23:34:53.771Z,561.34
3369832681865051,2024-09-06T00:01:51.771Z,608.98
3037393026661280,2024-09-06T00:10:26.771Z,-861.10
6734576552114648,2024-09-06T00:24:21.771Z,822.89
6218748060041639,2024-09-06T00:59:31.771Z,-941.71
3369832681865051,2024-09-06T01:34:35.771Z,-247.37
3618845513520900,2024-09-06T02:19:08.771Z,-27.55
6437219155436606,2024-09-06T02:27:30.771Z,-834.17
4726556059561949,2024-09-06T03:00:32.771Z,-490.97
3820307659851859,2024-09-06T03:00:52.771Z,844.29
5091360375658474,2024-09-06T04:00:38.771Z,496.88
5997179980717501,2024-09-06T04:23:33.771Z,382.24
5705851002586967,2024-09-06T05:06:28.771Z,-859.35
6575315976430295,2024-09-06T05:15:32.771Z,-844.69
3369832681865051,2024-09-06T05:36:26.771Z,-991.02
5581253985313232,2024-09-06T05:59:02.771Z,-324.23
3742992852195954,2024-09-06T06:20:44.771Z,360.99
6437219155436606,2024-09-06T07:02:36.771Z,-900.93
3404349486560448,2024-09-06T08:14:55.771Z,-112.40
4024012623842318,2024-09-06T09:55:05.771Z,11.77
3404349486560448,2024-09-06T10:42:11.771Z,773.48
4234709814496996,2024-09-06T11:05:34.771Z,-273.49
6564109388484184,2024-09-06T11:57:30.771Z,-64.98
3663297678172224,2024-09-06T12:33:53.771Z,-486.92
3037393026661280,2024-09-06T12:51:27.771Z,-343.28
6833412122497701,2024-09-06T14:16:25.771Z,705.73
3537349596978716,2024-09-06T15:19:43.771Z,-818.25
4024012623842318,2024-09-06T16:19:37.771Z,257.06
3369832681865051,2024-09-06T18:19:30.771Z,342.50
6564109388484184,2024-09-06T18:20:37.771Z,-650.45
6706534013288847,2024-09-06T18:44:22.771Z,780.02
3369832681865051,2024-09-06T18:52:33.771Z,18.22
6472592460352496,2024-09-06T20:06:21.771Z,-423.30
5091360375658474,2024-09-06T20:42:57.771Z,806.43
6706534013288847,2024-09-06T21:32:06.771Z,432.20
5705851002586967,2024-09-06T23:29:21.771Z,567.14
5091360375658474,2024-09-07T03:01:33.771Z,-929.50
3537349596978716,2024-09-07T03:15:08.771Z,-889.60
5705851002586967,2024-09-07T03:24:49.771Z,980.50
6575315976430295,2024-09-07T04:15:23.771Z,-7.84
6734576552114648,2024-09-07T05:02:35.771Z,-401.75
4235973154283559,2024-09-07T06:20:16.771Z,610.78
5216484446506263,2024-09-07T09:40:43.771Z,-356.88
5609879353687978,2024-09-07T11:57:02.771Z,-301.92
6472592460352496,2024-09-07T12:50:55.771Z,-763.79
6657327299602346,2024-09-07T13:44:54.771Z,-574.45
3328090600295181,2024-09-07T13:58:26.771Z,281.68
5816050191711854,2024-09-07T15:07:44.771Z,677.15
4726556059561949,2024-09-07T17:35:32.771Z,236.02
4210013133081688,2024-09-07T20:21:51.771Z,-153.87
6018480886031697,2024-09-07T20:25:02.771Z,-946.22
3820307659851859,2024-09-07T22:47:47.771Z,414.32
6734576552114648,2024-09-08T01:13:47.771Z,150.36
6361000177795595,2024-09-08T01:26:35.771Z,662.76
3663297678172224,2024-09-08T01:34:48.771Z,-654.89
5216484446506263,2024-09-08T01:46:57.771Z,77.74
6288853716425504,2024-09-08T02:22:26.771Z,-258.09
5995696966070264,2024-09-08T04:00:42.771Z,553.80
6006325963724299,2024-09-08T05:31:02.771Z,943.28
3742992852195954,2024-09-08T06:13:55.771Z,-942.41
5091360375658474,2024-09-08T06:48:58.771Z,122.44
6329931100465627,2024-09-08T10:46:04.771Z,848.66
5618401722389028,2024-09-08T11:10:39.771Z,-557.34
4024012623842318,2024-09-08T11:32:32.771Z,492.32
3328090600295181,2024-09-08T13:03:42.771Z,605.05
3663297678172224,2024-09-08T14:13:48.771Z,-902.11
3328090600295181,2024-09-08T14:27:11.771Z,807.41
3742992852195954,2024-09-08T14:28:34.771Z,592.81
4235973154283559,2024-09-08T14:49:08.771Z,360.19
3618845513520900,2024-09-08T14:58:49.771Z,801.87
5091360375658474,2024-09-08T19:28:27.771Z,24.87
4210013133081688,2024-09-08T19:29:54.771Z,169.06
3328090600295181,2024-09-08T20:06:20.771Z,796.74
3369832681865051,2024-09-08T20:55:32.771Z,853.37
3171948530096903,2024-09-08T21:30:51.771Z,517.73
6361000177795595,2024-09-09T01:19:44.771Z,764.51
6218748060041639,2024-09-09T04:45:03.771Z,-801.65
3537349596978716,2024-09-09T04:52:27.771Z,455.26
4024012623842318,2024-09-09T05:04:36.771Z,-217.33
5091360375658474,2024-09-09T08:35:23.771Z,-651.45
4932629994846233,2024-09-09T08:54:07.771Z,-216.72
6288853716425504,2024-09-09T09:14:40.771Z,445.40
6218748060041639,2024-09-09T09:35:30.771Z,310.63
6734576552114648,2024-09-09T10:42:55.771Z,619.45
6218748060041639,2024-09-09T10:45:42.771Z,135.35
3369832681865051,2024-09-09T12:28:33.771Z,-375.91
4378233413863490,2024-09-09T13:46:31.771Z,-784.00
6419514998974763,2024-09-09T14:42:57.771Z,121.32
6706534013288847,2024-09-09T15:07:51.771Z,-421.48
6734576552114648,2024-09-09T15:28:38.771Z,535.37
4726556059561949,2024-09-09T17:39:24.771Z,687.85
3589249568754350,2024-09-09T17:49:58.771Z,852.22
3369832681865051,2024-09-09T19:00:50.771Z,304.10
3742992852195954,2024-09-09T19:17:22.771Z,-875.39
5216484446506263,2024-09-09T19:28:19.771Z,298.60
6564109388484184,2024-09-09T20:59:39.771Z,-562.30
3742992852195954,2024-09-09T22:08:01.771Z,-403.14
4726556059561949,2024-09-09T22:44:21.771Z,289.28
6018480886031697,2024-09-09T23:58:12.771Z,-29.00
3219459079118226,2024-09-10T00:17:04.771Z,-697.88
6437219155436606,2024-09-10T05:07:26.771Z,-947.54
3663297678172224,2024-09-10T05:20:55.771Z,-385.19
4234709814496996,2024-09-10T05:31:34.771Z,606.64
6018480886031697,2024-09-10T05:56:08.771Z,528.45
6734576552114648,2024-09-10T07:44:57.771Z,666.59
3589249568754350,2024-09-10T08:10:57.771Z,695.68
4378233413863490,2024-09-10T08:57:19.771Z,703.39
5926759033070471,2024-09-10T09:46:18.771Z,51.65
3089689896090797,2024-09-10T10:01:30.771Z,386.23
4726556059561949,2024-09-10T10:09:22.771Z,-79.19
6734576552114648,2024-09-10T11:43:39.771Z,509.19
4378233413863490,2024-09-10T12:57:58.771Z,198.85
3328090600295181,2024-09-10T13:03:56.771Z,-753.43
4234709814496996,2024-09-10T13:54:24.771Z,-448.17
5216484446506263,2024-09-10T14:19:05.771Z,250.55
5705851002586967,2024-09-10T14:38:41.771Z,-369.02
5091360375658474,2024-09-10T15:24:43.771Z,344.72
5618401722389028,2024-09-10T15:44:08.771Z,822.36
3663297678172224,2024-09-10T16:03:28.771Z,518.19
4024012623842318,2024-09-10T16:50:22.771Z,-485.73
6006325963724299,2024-09-10T19:00:32.771Z,-974.32
6734576552114648,2024-09-10T19:49:12.771Z,184.97
6419514998974763,2024-09-10T22:16:15.771Z,-734.76
5216484446506263,2024-09-10T22:22:37.771Z,253.03
3328090600295181,2024-09-10T22:42:19.771Z,816.01
6706534013288847,2024-09-10T23:02:50.771Z,137.57
4210013133081688,2024-09-10T23:05:28.771Z,86.95
3663297678172224,2024-09-11T01:49:52.771Z,-277.09
5995696966070264,2024-09-11T02:50:02.771Z,932.50
3339801217806434,2024-09-11T03:44:29.771Z,-688.37
6833412122497701,2024-09-11T05:53:13.771Z,-682.00
6361000177795595,2024-09-11T06:51:04.771Z,626.57
6018480886031697,2024-09-11T08:38:30.771Z,-15.25
3089689896090797,2024-09-11T09:22:20.771Z,184.04
3578813208959317,2024-09-11T11:32:17.771Z,407.68
6706534013288847,2024-09-11T12:15:31.771Z,867.32
6734576552114648,2024-09-11T12:28:39.771Z,-810.71
6714744990978278,2024-09-11T14:58:53.759Z,-703.95
6714744990978278,2024-09-11T14:58:53.759Z,-703.95
6714744990978278,2024-09-11T14:58:53.759Z,-703.95
5581253985313232,2024-09-11T14:59:18.771Z,876.02
5618401722389028,2024-09-11T16:03:14.771Z,288.88
3589249568754350,2024-09-11T16:58:49.771Z,-115.05
6472592460352496,2024-09-11T17:58:47.771Z,-993.92
6657327299602346,2024-09-11T18:34:39.771Z,-243.11
5581253985313232,2024-09-11T20:19:25.771Z,-684.83
4378233413863490,2024-09-11T20:48:57.771Z,773.47
6437219155436606,2024-09-11T21:45:11.771Z,-401.37
5216484446506263,2024-09-11T22:34:45.771Z,891.04
6419514998974763,2024-09-11T23:57:31.771Z,-259.90
6657327299602346,2024-09-12T03:05:51.771Z,-26.97
6657327299602346,2024-09-12T03:49:24.771Z,59.93
6734576552114648,2024-09-12T04:04:33.771Z,843.79
3171948530096903,2024-09-12T05:28:56.771Z,-682.24
3578813208959317,2024-09-12T06:02:31.771Z,476.87
6419514998974763,2024-09-12T08:03:02.771Z,546.64
5609879353687978,2024-09-12T10:19:41.771Z,329.37
5618401722389028,2024-09-12T12:11:50.771Z,822.85
5705851002586967,2024-09-12T13:11:48.771Z,779.82
3089689896090797,2024-09-12T13:30:47.771Z,-54.85
6419514998974763,2024-09-12T13:45:43.771Z,-33.81
6288853716425504,2024-09-12T15:18:07.771Z,530.81
6564109388484184,2024-09-12T15:38:15.771Z,-783.57
6437219155436606,2024-09-12T16:13:18.771Z,-427.08
6734576552114648,2024-09-12T16:39:33.771Z,822.96
6329931100465627,2024-09-12T18:22:24.771Z,132.94
3618845513520900,2024-09-12T18:39:22.771Z,539.22
4234709814496996,2024-09-12T19:45:37.771Z,904.47
3404349486560448,2024-09-12T20:53:42.771Z,625.30
5995696966070264,2024-09-12T22:21:39.771Z,-367.75
6018480886031697,2024-09-13T00:19:02.771Z,683.34
5816050191711854,2024-09-13T00:45:39.771Z,508.31
3537349596978716,2024-09-13T01:49:36.771Z,-685.12
5705851002586967,2024-09-13T02:22:32.771Z,-180.83
5216484446506263,2024-09-13T02:28:12.771Z,-517.65
6361000177795595,2024-09-13T03:39:41.771Z,-938.26
3089689896090797,2024-09-13T04:09:07.771Z,-76.15
6006325963724299,2024-09-13T06:15:19.771Z,750.73
6018480886031697,2024-09-13T07:04:36.771Z,-824.10
3618845513520900,2024-09-13T07:06:57.771Z,-744.76
3663297678172224,2024-09-13T09:21:58.771Z,-989.60
5216484446506263,2024-09-13T09:39:28.771Z,-865.99
3404349486560448,2024-09-13T11:36:02.771Z,-405.48
4234709814496996,2024-09-13T12:04:31.771Z,301.88
3663297678172224,2024-09-13T13:18:40.771Z,576.36
6575315976430295,2024-09-13T14:09:49.771Z,574.29
6018480886031697,2024-09-13T14:14:32.771Z,155.58
5609879353687978,2024-09-13T14:16:01.771Z,-704.73
4210013133081688,2024-09-13T14:20:20.771Z,-595.48
3171948530096903,2024-09-13T15:36:35.771Z,855.06
3589249568754350,2024-09-13T15:48:22.771Z,811.20
6575315976430295,2024-09-13T18:23:06.771Z,-486.31
4234709814496996,2024-09-13T18:34:35.771Z,416.90
5092446914149764,2024-09-13T19:09:13.771Z,759.40
3618845513520900,2024-09-13T20:13:58.771Z,-283.18
3578813208959317,2024-09-13T20:24:42.771Z,-498.43
6018480886031697,2024-09-13T20:34:45.771Z,360.12
5609879353687978,2024-09-13T20:48:08.771Z,568.91
6575315976430295,2024-09-13T20:48:25.771Z,-585.93
3369832681865051,2024-09-13T21:45:10.771Z,-721.80
6329931100465627,2024-09-13T23:25:03.771Z,-424.43
3339801217806434,2024-09-13T23:49:17.771Z,496.05
3742992852195954,2024-09-13T23:54:15.771Z,495.49
3537349596978716,2024-09-14T00:23:10.771Z,-384.85
3037393026661280,2024-09-14T01:38:47.771Z,949.29
4235973154283559,2024-09-14T01:45:03.771Z,448.29
5216484446506263,2024-09-14T01:59:23.771Z,-81.31
4235973154283559,2024-09-14T02:35:44.771Z,-357.95
3089689896090797,2024-09-14T02:55:28.771Z,63.91
6657327299602346,2024-09-14T03:02:11.771Z,401.84
5091360375658474,2024-09-14T03:44:48.771Z,-292.17
6018480886031697,2024-09-14T05:28:06.771Z,-140.55
5581253985313232,2024-09-14T05:57:54.771Z,272.16
5581253985313232,2024-09-14T06:03:13.771Z,-700.00
6472592460352496,2024-09-14T06:04:46.771Z,323.58
6018480886031697,2024-09-14T06:21:02.771Z,-284.38
3369832681865051,2024-09-14T07:05:59.771Z,840.61
6437219155436606,2024-09-14T08:54:52.771Z,302.57
3219459079118226,2024-09-14T09:41:47.771Z,934.28
5216484446506263,2024-09-14T09:45:08.771Z,-547.37
6833412122497701,2024-09-14T10:45:28.771Z,285.29
5216484446506263,2024-09-14T11:32:09.771Z,374.05
3745155717279673,2024-09-14T11:42:15.771Z,-632.22
3537349596978716,2024-09-14T11:44:20.771Z,-320.45
5705851002586967,2024-09-14T12:37:20.771Z,-771.79
3339801217806434,2024-09-14T12:40:06.771Z,274.99
6218748060041639,2024-09-14T14:10:43.771Z,-567.78
3690769043359511,2024-09-14T14:42:00.771Z,-37.24
5091360375658474,2024-09-14T15:23:17.771Z,-217.94
3742992852195954,2024-09-14T16:29:07.771Z,626.11
5618401722389028,2024-09-14T17:00:54.771Z,815.74
3589249568754350,2024-09-14T17:17:45.771Z,546.88
6734576552114648,2024-09-14T17:22:45.771Z,-419.18
5995696966070264,2024-09-14T18:59:28.771Z,-895.26
5926759033070471,2024-09-14T22:17:03.771Z,187.09
4932629994846233,2024-09-14T22:50:22.771Z,-700.58
6006325963724299,2024-09-14T22:52:54.771Z,429.31
6288853716425504,2024-09-14T23:58:56.771Z,-156.29
4234709814496996,2024-09-15T01:13:44.771Z,267.68
6006325963724299,2024-09-15T03:14:46.771Z,-592.75
6833412122497701,2024-09-15T03:27:47.771Z,820.84
5581253985313232,2024-09-15T03:47:34.771Z,134.55
4234709814496996,2024-09-15T06:57:20.771Z,183.48
3219459079118226,2024-09-15T08:05:35.771Z,234.04
4234709814496996,2024-09-15T08:54:10.771Z,683.22
3742992852195954,2024-09-15T09:24:36.771Z,801.07
4024012623842318,2024-09-15T09:31:29.771Z,-570.46
6472592460352496,2024-09-15T11:55:12.771Z,332.34
6706534013288847,2024-09-15T12:10:28.771Z,868.88
6706534013288847,2024-09-15T13:17:10.771Z,252.59
6833412122497701,2024-09-15T13:36:27.771Z,-563.36
5092446914149764,2024-09-15T13:58:46.771Z,-273.95
6575315976430295,2024-09-15T14:05:11.771Z,-439.07
6329931100465627,2024-09-15T15:08:23.771Z,499.78
3745155717279673,2024-09-15T16:21:20.771Z,888.19
6437219155436606,2024-09-15T16:53:23.771Z,-597.06
4378233413863490,2024-09-15T20:01:19.771Z,-733.17
6218748060041639,2024-09-16T00:49:29.771Z,924.19
6018480886031697,2024-09-16T01:04:55.771Z,-503.20
5609879353687978,2024-09-16T01:34:39.771Z,45.69
6706534013288847,2024-09-16T02:23:26.771Z,549.58
5092446914149764,2024-09-16T02:32:23.771Z,29.45
5618401722389028,2024-09-16T03:13:07.771Z,-135.43
3663297678172224,2024-09-16T03:20:10.771Z,-338.65
6833412122497701,2024-09-16T03:59:36.771Z,-142.51
4932629994846233,2024-09-16T04:38:47.771Z,-842.84
5216484446506263,2024-09-16T05:13:22.771Z,-365.28
3618845513520900,2024-09-16T06:24:31.771Z,-5.45
3618845513520900,2024-09-16T06:36:30.771Z,-854.36
4024012623842318,2024-09-16T08:51:34.771Z,-379.85
5091360375658474,2024-09-16T09:19:08.771Z,365.68
6564109388484184,2024-09-16T09:36:47.771Z,-368.63
5618401722389028,2024-09-16T10:21:38.771Z,58.17
3171948530096903,2024-09-16T12:29:52.771Z,-97.55
3663297678172224,2024-09-16T12:35:59.771Z,-888.07
6288853716425504,2024-09-16T13:14:27.771Z,-33.87
6564109388484184,2024-09-16T15:06:24.771Z,-819.06
3404349486560448,2024-09-16T15:15:11.771Z,-718.17
6437219155436606,2024-09-16T16:06:13.771Z,-918.38
5997179980717501,2024-09-16T16:15:55.771Z,-540.17
3037393026661280,2024-09-16T16:19:00.771Z,-57.83
3745155717279673,2024-09-16T17:51:21.771Z,-251.56
6564109388484184,2024-09-16T19:16:45.771Z,-530.63
4726556059561949,2024-09-16T19:53:55.771Z,-705.87
6006325963724299,2024-09-16T20:42:29.771Z,-984.70
3537349596978716,2024-09-16T21:04:33.771Z,-301.78
5926759033070471,2024-09-16T23:48:48.771Z,-697.70
5092446914149764,2024-09-17T00:25:14.771Z,-258.42
3690769043359511,2024-09-17T01:47:11.771Z,-628.79
3745155717279673,2024-09-17T02:17:12.771Z,-568.64
5997179980717501,2024-09-17T03:23:50.771Z,-793.71
6329931100465627,2024-09-17T04:01:29.771Z,587.43
6472592460352496,2024-09-17T04:18:21.771Z,-503.88
6361000177795595,2024-09-17T05:15:05.771Z,30.58
3618845513520900,2024-09-17T05:59:43.771Z,197.51
5091360375658474,2024-09-17T06:07:47.771Z,-568.00
3171948530096903,2024-09-17T07:23:20.771Z,-345.30
3037393026661280,2024-09-17T08:07:46.771Z,127.20
3328090600295181,2024-09-17T08:53:18.771Z,432.62
3089689896090797,2024-09-17T09:31:49.771Z,341.41
4378233413863490,2024-09-17T10:52:29.771Z,-654.74
6006325963724299,2024-09-17T11:12:13.771Z,146.26
5816050191711854,2024-09-17T11:53:40.771Z,-951.53
3037393026661280,2024-09-17T12:13:36.771Z,-943.06
6575315976430295,2024-09-17T12:55:07.771Z,-302.95
6006325963724299,2024-09-17T16:11:47.771Z,-73.16
6706534013288847,2024-09-17T18:10:58.771Z,-498.06
3745155717279673,2024-09-17T18:12:00.771Z,-570.97
4235973154283559,2024-09-17T18:54:18.771Z,-291.47
5995696966070264,2024-09-17T19:38:08.771Z,981.34
5092446914149764,2024-09-17T20:00:55.771Z,-193.83
3171948530096903,2024-09-17T20:07:58.771Z,736.66
3328090600295181,2024-09-17T22:34:01.771Z,73.44
6218748060041639,2024-09-17T23:52:30.771Z,-714.60
3369832681865051,2024-09-18T01:48:13.771Z,819.38
6218748060041639,2024-09-18T01:53:18.771Z,-922.53
6833412122497701,2024-09-18T02:24:00.771Z,-778.35
3328090600295181,2024-09-18T02:24:04.771Z,-229.06
6419514998974763,2024-09-18T03:01:15.771Z,2.75
5926759033070471,2024-09-18T04:59:03.771Z,-682.90
3742992852195954,2024-09-18T05:36:41.771Z,-821.94
3404349486560448,2024-09-18T06:11:22.771Z,542.40
4932629994846233,2024-09-18T06:18:29.771Z,790.53
5997179980717501,2024-09-18T08:15:14.771Z,912.16
3037393026661280,2024-09-18T09:42:40.771Z,630.65
5997179980717501,2024-09-18T12:00:23.771Z,-66.27
6575315976430295,2024-09-18T13:05:22.771Z,909.94
6472592460352496,2024-09-18T13:06:55.771Z,535.66
3369832681865051,2024-09-18T13:12:24.771Z,-440.59
3219459079118226,2024-09-18T13:44:54.771Z,439.04
6419514998974763,2024-09-18T14:22:37.771Z,-735.08
3171948530096903,2024-09-18T14:45:29.771Z,691.34
5216484446506263,2024-09-18T16:34:10.771Z,-257.33
4235973154283559,2024-09-18T16:45:10.771Z,-224.05
5816050191711854,2024-09-18T17:48:33.771Z,-746.00
6575315976430295,2024-09-18T18:32:18.771Z,854.67
6288853716425504,2024-09-18T19:43:49.771Z,-745.68
4378233413863490,2024-09-18T21:00:00.771Z,230.06
3219459079118226,2024-09-19T00:23:01.771Z,-642.46
6361000177795595,2024-09-19T03:23:48.771Z,612.31
6833412122497701,2024-09-19T03:35:57.771Z,-373.54
3037393026661280,2024-09-19T04:34:27.771Z,78.98
5091360375658474,2024-09-19T06:30:26.771Z,286.15
5995696966070264,2024-09-19T06:33:37.771Z,-796.10
6734576552114648,2024-09-19T06:44:38.771Z,-282.81
5618401722389028,2024-09-19T07:34:28.771Z,100.70
3618845513520900,2024-09-19T08:01:19.771Z,494.13
3339801217806434,2024-09-19T08:31:29.771Z,94.65
6437219155436606,2024-09-19T10:32:30.771Z,429.50
6329931100465627,2024-09-19T10:56:21.771Z,867.54
5609879353687978,2024-09-19T11:05:35.771Z,-821.41
5609879353687978,2024-09-19T11:56:06.771Z,-521.99
3219459079118226,2024-09-19T11:58:53.771Z,340.11
5618401722389028,2024-09-19T13:23:03.771Z,770.68
6437219155436606,2024-09-19T17:48:35.771Z,-899.53
5618401722389028,2024-09-19T17:58:55.771Z,931.73
6437219155436606,2024-09-19T18:50:57.771Z,-665.03
5995696966070264,2024-09-19T19:23:15.771Z,58.88
6218748060041639,2024-09-19T19:49:41.771Z,-626.06
6218748060041639,2024-09-19T20:43:47.771Z,-111.60
6419514998974763,2024-09-19T21:49:15.771Z,-925.72
4234709814496996,2024-09-19T22:45:23.771Z,569.99
6018480886031697,2024-09-19T23:45:00.771Z,220.73
5618401722389028,2024-09-20T02:11:21.771Z,-638.11
3742992852195954,2024-09-20T02:35:53.771Z,776.41
4024012623842318,2024-09-20T03:00:25.771Z,562.44
6657327299602346,2024-09-20T03:27:58.771Z,-519.77
6575315976430295,2024-09-20T06:43:29.771Z,186.18
5091360375658474,2024-09-20T06:58:24.771Z,-165.13
3037393026661280,2024-09-20T07:05:31.771Z,484.46
4932629994846233,2024-09-20T10:19:11.771Z,763.10
3328090600295181,2024-09-20T10:29:14.771Z,524.42
5995696966070264,2024-09-20T14:01:31.771Z,601.15
6288853716425504,2024-09-20T15:22:34.771Z,-155.56
3089689896090797,2024-09-20T15:28:29.771Z,-50.18
5092446914149764,2024-09-20T17:30:12.771Z,-181.40
5091360375658474,2024-09-20T17:37:21.771Z,861.01
5618401722389028,2024-09-20T18:05:50.771Z,-207.44
5581253985313232,2024-09-20T18:16:12.771Z,969.28
4932629994846233,2024-09-20T18:16:13.771Z,-939.60
5216484446506263,2024-09-20T20:01:37.771Z,-338.89
3219459079118226,2024-09-20T21:57:56.771Z,-523.77
3537349596978716,2024-09-20T22:49:41.771Z,249.90
4210013133081688,2024-09-21T03:31:58.771Z,-852.45
4726556059561949,2024-09-21T06:54:52.771Z,-490.98
5705851002586967,2024-09-21T07:01:37.771Z,-758.92
6575315976430295,2024-09-21T07:22:20.771Z,-691.06
6564109388484184,2024-09-21T09:18:19.771Z,797.97
4726556059561949,2024-09-21T09:28:12.771Z,-572.20
3171948530096903,2024-09-21T09:36:06.771Z,625.80
6361000177795595,2024-09-21T11:04:51.771Z,406.69
6419514998974763,2024-09-21T13:12:12.771Z,-437.35
4210013133081688,2024-09-21T13:48:56.771Z,-988.77
6564109388484184,2024-09-21T14:02:54.771Z,-702.09
3328090600295181,2024-09-21T14:12:48.771Z,789.06
3171948530096903,2024-09-21T14:41:37.771Z,-289.25
3690769043359511,2024-09-21T16:49:15.771Z,362.28
5705851002586967,2024-09-21T16:51:00.771Z,83.81
3369832681865051,2024-09-21T18:58:02.771Z,416.71
3589249568754350,2024-09-21T20:50:54.771Z,-206.62
3690769043359511,2024-09-21T21:34:24.771Z,443.89
3578813208959317,2024-09-21T22:57:12.771Z,-721.57
3328090600295181,2024-09-21T23:17:38.771Z,-325.74
5997179980717501,2024-09-21T23:20:44.771Z,-211.87
6018480886031697,2024-09-22T00:01:59.771Z,734.94
6575315976430295,2024-09-22T00:03:46.771Z,954.40
6288853716425504,2024-09-22T00:54:24.771Z,956.63
5816050191711854,2024-09-22T01:04:38.771Z,164.15
6018480886031697,2024-09-22T01:09:31.771Z,-242.72
3369832681865051,2024-09-22T01:12:38.771Z,-316.22
6018480886031697,2024-09-22T01:53:07.771Z,120.77
5816050191711854,2024-09-22T02:04:32.771Z,-166.99
5618401722389028,2024-09-22T02:05:41.771Z,-269.41
5581253985313232,2024-09-22T02:46:33.771Z,-786.73
3404349486560448,2024-09-22T03:43:43.771Z,-647.18
3745155717279673,2024-09-22T03:51:35.771Z,-603.20
6734576552114648,2024-09-22T04:16:50.771Z,274.81
6564109388484184,2024-09-22T04:24:42.771Z,677.95
3037393026661280,2024-09-22T06:30:06.771Z,293.68
3219459079118226,2024-09-22T08:02:42.771Z,-704.69
6361000177795595,2024-09-22T10:07:30.771Z,861.83
5995696966070264,2024-09-22T10:13:31.771Z,747.47
5609879353687978,2024-09-22T10:13:36.771Z,778.56
6734576552114648,2024-09-22T10:30:08.771Z,-818.12
6329931100465627,2024-09-22T11:16:08.771Z,-786.20
4210013133081688,2024-09-22T11:55:33.771Z,-807.62
3742992852195954,2024-09-22T12:49:37.771Z,52.03
6018480886031697,2024-09-22T15:44:28.771Z,220.13
6218748060041639,2024-09-22T16:48:37.771Z,814.53
6706534013288847,2024-09-22T17:32:52.771Z,-154.73
5091360375658474,2024-09-22T17:36:45.771Z,-225.56
6657327299602346,2024-09-22T17:45:26.771Z,486.79
4726556059561949,2024-09-22T20:00:30.771Z,-704.39
6706534013288847,2024-09-22T20:09:24.771Z,507.85
5705851002586967,2024-09-22T20:15:58.771Z,113.45
6833412122497701,2024-09-22T22:13:23.771Z,971.49
5816050191711854,2024-09-22T22:24:37.771Z,448.13
4932629994846233,2024-09-22T22:39:32.771Z,737.41
6564109388484184,2024-09-22T22:56:05.771Z,-398.95
6575315976430295,2024-09-22T23:14:23.771Z,-898.14
5581253985313232,2024-09-22T23:56:20.771Z,-420.19
6575315976430295,2024-09-23T00:29:14.771Z,-50.82
3820307659851859,2024-09-23T02:16:45.771Z,324.79
6288853716425504,2024-09-23T03:04:34.771Z,-926.25
5581253985313232,2024-09-23T03:06:43.771Z,303.48
4234709814496996,2024-09-23T03:51:12.771Z,-862.75
6833412122497701,2024-09-23T03:53:40.771Z,-621.49
4235973154283559,2024-09-23T04:23:25.771Z,-646.29
3089689896090797,2024-09-23T04:35:53.771Z,-60.49
6288853716425504,2024-09-23T04:45:42.771Z,-800.25
5705851002586967,2024-09-23T04:57:15.771Z,115.30
5092446914149764,2024-09-23T06:44:12.771Z,555.28
5705851002586967,2024-09-23T06:53:59.771Z,-435.07
6472592460352496,2024-09-23T07:51:11.771Z,345.41
6437219155436606,2024-09-23T08:57:47.771Z,-873.12
6575315976430295,2024-09-23T09:29:22.771Z,-953.20
6329931100465627,2024-09-23T09:31:51.771Z,-226.92
5816050191711854,2024-09-23T09:47:19.771Z,541.89
3742992852195954,2024-09-23T09:56:14.771Z,640.27
3089689896090797,2024-09-23T10:44:42.771Z,56.74
3745155717279673,2024-09-23T11:10:54.771Z,-229.27
6833412122497701,2024-09-23T11:35:54.771Z,118.12
6218748060041639,2024-09-23T11:56:27.771Z,-541.70
3171948530096903,2024-09-23T12:24:24.771Z,-765.24
5926759033070471,2024-09-23T13:05:11.771Z,924.91
6018480886031697,2024-09-23T14:48:07.771Z,919.87
3690769043359511,2024-09-23T15:21:45.771Z,538.39
3369832681865051,2024-09-23T15:27:44.771Z,-648.95
5581253985313232,2024-09-23T17:04:05.771Z,-678.84
3745155717279673,2024-09-23T17:59:34.771Z,598.57
3537349596978716,2024-09-23T18:21:17.771Z,-780.14
3745155717279673,2024-09-23T19:19:28.771Z,-809.43
5091360375658474,2024-09-23T19:39:46.771Z,215.65
3171948530096903,2024-09-23T21:06:49.771Z,-336.88
4024012623842318,2024-09-23T22:52:27.771Z,-684.67
5997179980717501,2024-09-24T00:48:55.771Z,-715.70
3089689896090797,2024-09-24T01:15:59.771Z,-549.76
3089689896090797,2024-09-24T01:41:51.771Z,527.23
3404349486560448,2024-09-24T02:37:33.771Z,724.64
3037393026661280,2024-09-24T02:42:10.771Z,-418.77
6564109388484184,2024-09-24T04:21:27.771Z,539.78
3037393026661280,2024-09-24T05:09:52.771Z,107.52
6575315976430295,2024-09-24T05:16:29.771Z,101.44
6575315976430295,2024-09-24T06:07:57.771Z,63.20
3663297678172224,2024-09-24T07:00:57.771Z,-172.49
3589249568754350,2024-09-24T10:14:40.771Z,967.16
4024012623842318,2024-09-24T10:21:41.771Z,-410.64
3663297678172224,2024-09-24T10:38:51.771Z,175.75
6437219155436606,2024-09-24T12:22:43.771Z,-961.69
3663297678172224,2024-09-24T13:52:30.771Z,-123.77
6018480886031697,2024-09-24T14:53:51.771Z,-810.20
6361000177795595,2024-09-24T16:39:32.771Z,701.77
6734576552114648,2024-09-24T16:42:48.771Z,-246.99
6006325963724299,2024-09-24T19:05:28.771Z,934.21
3369832681865051,2024-09-24T19:44:56.771Z,-764.61
4234709814496996,2024-09-24T20:21:31.771Z,-874.46
6006325963724299,2024-09-24T21:56:34.771Z,-2.22
3219459079118226,2024-09-24T21:58:28.771Z,35.55
3089689896090797,2024-09-24T22:22:59.771Z,372.18
5216484446506263,2024-09-24T22:50:05.771Z,-570.97
6706534013288847,2024-09-24T22:53:54.771Z,909.67
6833412122497701,2024-09-25T00:09:07.771Z,-728.74
5926759033070471,2024-09-25T00:29:32.771Z,-782.55
6575315976430295,2024-09-25T02:33:21.771Z,-348.55
5926759033070471,2024-09-25T02:35:36.771Z,-321.35
5926759033070471,2024-09-25T02:51:18.771Z,-924.67
5705851002586967,2024-09-25T03:04:47.771Z,-70.55
3537349596978716,2024-09-25T03:16:28.771Z,774.58
6706534013288847,2024-09-25T03:18:43.771Z,95.61
3369832681865051,2024-09-25T03:31:48.771Z,526.79
3328090600295181,2024-09-25T03:50:26.771Z,241.49
6288853716425504,2024-09-25T04:03:45.771Z,920.50
6419514998974763,2024-09-25T07:30:44.771Z,640.28
6564109388484184,2024-09-25T07:46:46.771Z,193.50
6657327299602346,2024-09-25T08:30:55.771Z,183.95
6006325963724299,2024-09-25T08:38:09.771Z,931.74
3820307659851859,2024-09-25T08:57:47.771Z,609.60
4932629994846233,2024-09-25T09:02:49.771Z,239.53
3820307659851859,2024-09-25T10:27:17.771Z,589.76
6218748060041639,2024-09-25T11:33:30.771Z,-791.44
3690769043359511,2024-09-25T14:14:35.771Z,928.51
6706534013288847,2024-09-25T14:48:00.771Z,749.49
3690769043359511,2024-09-25T15:16:14.771Z,-461.93
6018480886031697,2024-09-25T16:20:46.771Z,167.71
3742992852195954,2024-09-25T16:54:51.771Z,-476.44
5926759033070471,2024-09-25T17:09:28.771Z,-612.55
6472592460352496,2024-09-25T18:31:29.771Z,903.97
3578813208959317,2024-09-25T21:09:40.771Z,-713.87
5816050191711854,2024-09-25T21:49:16.771Z,-248.96
3618845513520900,2024-09-25T22:17:08.771Z,-288.47
3618845513520900,2024-09-25T22:49:34.771Z,393.46
6006325963724299,2024-09-25T23:02:17.771Z,-915.42
5926759033070471,2024-09-26T00:18:36.771Z,-844.31
3589249568754350,2024-09-26T00:41:52.771Z,479.11
3742992852195954,2024-09-26T00:54:24.771Z,-703.51
4726556059561949,2024-09-26T01:51:17.771Z,-171.38
5995696966070264,2024-09-26T05:34:22.771Z,772.67
3089689896090797,2024-09-26T07:10:21.771Z,-890.33
6833412122497701,2024-09-26T08:00:36.771Z,-903.29
3745155717279673,2024-09-26T08:44:37.771Z,693.64
6564109388484184,2024-09-26T10:11:17.771Z,-498.04
3089689896090797,2024-09-26T10:38:03.771Z,784.83
5581253985313232,2024-09-26T12:33:52.771Z,-950.80
3171948530096903,2024-09-26T13:29:38.771Z,-468.18
3618845513520900,2024-09-26T14:00:35.771Z,227.87
3328090600295181,2024-09-26T14:07:38.771Z,679.36
5705851002586967,2024-09-26T16:12:37.771Z,626.65
6706534013288847,2024-09-26T16:21:20.771Z,-688.88
6706534013288847,2024-09-26T16:31:18.771Z,956.93
6437219155436606,2024-09-26T19:56:00.771Z,474.55
3745155717279673,2024-09-26T20:07:42.771Z,769.54
4024012623842318,2024-09-26T21:34:29.771Z,-856.81
3690769043359511,2024-09-26T22:09:55.771Z,-689.23
3089689896090797,2024-09-26T22:11:41.771Z,296.24
3339801217806434,2024-09-26T22:50:38.771Z,-361.70
3820307659851859,2024-09-26T23:09:17.771Z,238.40
6734576552114648,2024-09-26T23:20:00.771Z,-453.53
5618401722389028,2024-09-26T23:20:08.771Z,-668.72
6437219155436606,2024-09-27T00:37:26.771Z,-836.47
5618401722389028,2024-09-27T00:51:51.771Z,-876.17
6288853716425504,2024-09-27T03:10:32.771Z,936.01
3578813208959317,2024-09-27T03:47:34.771Z,833.36
5216484446506263,2024-09-27T03:54:19.771Z,-69.39
4234709814496996,2024-09-27T05:38:54.771Z,9.84
5091360375658474,2024-09-27T06:21:16.771Z,-241.65
3742992852195954,2024-09-27T06:33:35.771Z,-919.67
5618401722389028,2024-09-27T07:03:40.771Z,-963.51
3820307659851859,2024-09-27T07:29:22.771Z,454.19
3537349596978716,2024-09-27T08:36:12.771Z,453.53
6706534013288847,2024-09-27T08:56:54.771Z,-994.04
5705851002586967,2024-09-27T13:09:46.771Z,229.04
5705851002586967,2024-09-27T13:21:34.771Z,-294.92
6437219155436606,2024-09-27T15:46:00.771Z,902.73
4726556059561949,2024-09-27T16:09:37.771Z,6.59
5216484446506263,2024-09-27T16:21:02.771Z,-728.45
3328090600295181,2024-09-27T17:33:10.771Z,432.97
3745155717279673,2024-09-27T17:46:52.771Z,711.59
3171948530096903,2024-09-27T19:55:28.771Z,-812.02
6575315976430295,2024-09-27T20:14:27.771Z,-99.05
6472592460352496,2024-09-27T20:17:09.771Z,-235.39
3369832681865051,2024-09-27T20:32:50.771Z,236.54
3037393026661280,2024-09-27T20:33:28.771Z,867.55
6419514998974763,2024-09-27T22:30:27.771Z,-796.62
3618845513520900,2024-09-27T22:38:39.771Z,976.72
3663297678172224,2024-09-27T23:48:30.771Z,205.12
4234709814496996,2024-09-27T23:58:04.771Z,131.51
3589249568754350,2024-09-28T02:34:00.771Z,-557.59
3171948530096903,2024-09-28T02:52:51.771Z,375.20
3578813208959317,2024-09-28T03:13:38.771Z,-357.60
3618845513520900,2024-09-28T03:58:30.771Z,750.97
3537349596978716,2024-09-28T05:10:18.771Z,-421.24
5705851002586967,2024-09-28T05:43:54.771Z,788.92
3537349596978716,2024-09-28T06:35:54.771Z,651.67
3328090600295181,2024-09-28T07:34:52.771Z,922.33
6006325963724299,2024-09-28T09:16:07.771Z,209.14
5581253985313232,2024-09-28T09:32:58.771Z,532.44
3690769043359511,2024-09-28T10:32:51.771Z,-422.71
6218748060041639,2024-09-28T10:46:20.771Z,-919.94
6472592460352496,2024-09-28T14:03:19.771Z,-396.92
5581253985313232,2024-09-28T14:56:26.771Z,260.20
5092446914149764,2024-09-28T15:35:39.771Z,-817.95
5816050191711854,2024-09-28T16:08:18.771Z,-693.36
6564109388484184,2024-09-28T16:38:23.771Z,-909.10
5216484446506263,2024-09-28T17:12:44.771Z,-377.58
6706534013288847,2024-09-28T18:54:27.771Z,234.42
6218748060041639,2024-09-28T18:57:59.771Z,-469.25
6288853716425504,2024-09-28T20:58:46.771Z,130.57
3745155717279673,2024-09-28T21:01:50.771Z,979.04
5997179980717501,2024-09-28T23:07:26.771Z,-801.93
3537349596978716,2024-09-29T00:51:29.771Z,-895.99
6006325963724299,2024-09-29T00:58:54.771Z,927.40
3089689896090797,2024-09-29T01:45:50.771Z,968.04
5581253985313232,2024-09-29T01:49:35.771Z,-606.29
6006325963724299,2024-09-29T05:56:59.771Z,897.27
6329931100465627,2024-09-29T06:28:13.771Z,254.24
6575315976430295,2024-09-29T07:12:56.771Z,-952.45
5997179980717501,2024-09-29T08:19:43.771Z,-880.30
6288853716425504,2024-09-29T09:06:54.771Z,658.45
6437219155436606,2024-09-29T09:15:44.771Z,-879.38
6706534013288847,2024-09-29T09:38:35.771Z,466.42
6006325963724299,2024-09-29T09:57:47.771Z,900.19
6218748060041639,2024-09-29T10:04:40.771Z,534.53
3745155717279673,2024-09-29T10:42:36.771Z,-153.66
4210013133081688,2024-09-29T11:22:52.771Z,-663.50
6437219155436606,2024-09-29T12:52:06.771Z,84.64
3578813208959317,2024-09-29T14:45:03.771Z,-785.13
3578813208959317,2024-09-29T15:40:07.771Z,877.28
6657327299602346,2024-09-29T17:07:43.771Z,379.87
3328090600295181,2024-09-29T17:21:07.771Z,-757.13
3690769043359511,2024-09-29T19:02:26.771Z,-40.45
5216484446506263,2024-09-29T19:17:39.771Z,842.33
3820307659851859,2024-09-29T19:39:54.771Z,-612.57
5091360375658474,2024-09-29T19:48:37.771Z,-907.09
6329931100465627,2024-09-29T20:01:04.771Z,920.46
3328090600295181,2024-09-29T20:10:11.771Z,940.45
6329931100465627,2024-09-29T20:31:04.771Z,455.23
3219459079118226,2024-09-29T21:29:59.771Z,-608.22
3404349486560448,2024-09-29T21:31:51.771Z,-582.46
6437219155436606,2024-09-29T23:53:58.771Z,-614.04
3663297678172224,2024-09-30T00:27:28.771Z,-856.82
5926759033070471,2024-09-30T01:00:25.771Z,-996.90
6018480886031697,2024-09-30T02:45:55.771Z,-518.81
4726556059561949,2024-09-30T03:29:54.771Z,690.83
6472592460352496,2024-09-30T05:07:00.771Z,172.38
5092446914149764,2024-09-30T05:09:15.771Z,850.14
6833412122497701,2024-09-30T05:26:59.771Z,-381.63
5816050191711854,2024-09-30T05:40:27.771Z,715.82
3578813208959317,2024-09-30T05:50:08.771Z,625.68
3537349596978716,2024-09-30T05:51:30.771Z,-518.57
3171948530096903,2024-09-30T07:39:11.771Z,-542.82
6419514998974763,2024-09-30T09:09:03.771Z,656.15
3171948530096903,2024-09-30T09:58:56.771Z,-645.89
3171948530096903,2024-09-30T10:00:10.771Z,420.79
6361000177795595,2024-09-30T10:36:29.771Z,-345.19
4726556059561949,2024-09-30T11:59:21.771Z,101.58
3219459079118226,2024-09-30T12:09:05.771Z,-234.07
5705851002586967,2024-09-30T13:23:22.771Z,174.84
6564109388484184,2024-09-30T16:30:02.771Z,-811.71
5609879353687978,2024-09-30T16:40:49.771Z,-379.92
3404349486560448,2024-09-30T17:18:39.771Z,371.02
6734576552114648,2024-09-30T17:21:02.771Z,897.59
4210013133081688,2024-09-30T18:33:19.771Z,-854.81
4726556059561949,2024-09-30T20:42:16.771Z,-229.22
6833412122497701,2024-09-30T21:02:22.771Z,-685.65
4024012623842318,2024-09-30T23:57:02.771Z,-566.50
6329931100465627,2024-10-01T00:07:51.771Z,-739.66
3578813208959317,2024-10-01T00:50:26.771Z,-625.45
3745155717279673,2024-10-01T04:23:40.771Z,62.68
3745155717279673,2024-10-01T04:40:48.771Z,100.35
5997179980717501,2024-10-01T05:01:47.771Z,-164.96
3589249568754350,2024-10-01T06:09:41.771Z,463.89
4932629994846233,2024-10-01T07:50:42.771Z,418.58
5091360375658474,2024-10-01T08:53:51.771Z,-557.07
5816050191711854,2024-10-01T10:27:52.771Z,-169.11
6657327299602346,2024-10-01T11:00:20.771Z,-766.40
3663297678172224,2024-10-01T12:15:33.771Z,416.89
4234709814496996,2024-10-01T12:37:14.771Z,-424.10
4210013133081688,2024-10-01T13:08:20.771Z,-69.96
6657327299602346,2024-10-01T14:55:33.771Z,-766.05
3089689896090797,2024-10-01T15:02:34.771Z,531.34
5092446914149764,2024-10-01T16:50:06.771Z,-308.95
3742992852195954,2024-10-01T20:12:48.771Z,-435.89
6472592460352496,2024-10-01T20:40:05.771Z,-407.59
5926759033070471,2024-10-01T22:21:40.771Z,-730.76
5216484446506263,2024-10-01T22:36:46.771Z,-383.10
3745155717279673,2024-10-02T00:03:32.771Z,-701.47
6006325963724299,2024-10-02T00:23:36.771Z,827.60
4378233413863490,2024-10-02T00:25:12.771Z,420.79
5609879353687978,2024-10-02T00:46:22.771Z,-756.16
5609879353687978,2024-10-02T02:27:32.771Z,691.03
3618845513520900,2024-10-02T03:07:23.771Z,-795.60
5618401722389028,2024-10-02T03:13:47.771Z,453.09
6706534013288847,2024-10-02T03:17:18.771Z,974.13
6657327299602346,2024-10-02T03:27:18.771Z,-208.67
3820307659851859,2024-10-02T06:12:44.771Z,172.26
5609879353687978,2024-10-02T07:35:18.771Z,261.23
4932629994846233,2024-10-02T07:43:43.771Z,41.38
6018480886031697,2024-10-02T08:22:45.771Z,420.19
5816050191711854,2024-10-02T08:38:08.771Z,-994.63
6706534013288847,2024-10-02T10:21:31.771Z,-348.44
6288853716425504,2024-10-02T10:40:25.771Z,-314.55
3618845513520900,2024-10-02T11:43:59.771Z,148.76
3578813208959317,2024-10-02T12:17:44.771Z,-36.50
6437219155436606,2024-10-02T14:43:34.771Z,658.12
3089689896090797,2024-10-02T14:46:40.771Z,950.80
6657327299602346,2024-10-02T15:52:34.771Z,-200.78
3663297678172224,2024-10-02T16:04:03.771Z,521.10
6833412122497701,2024-10-02T16:17:48.771Z,989.36
3618845513520900,2024-10-02T17:05:42.771Z,-242.58
6575315976430295,2024-10-02T17:21:34.771Z,371.57
5609879353687978,2024-10-02T18:23:10.771Z,864.62
5926759033070471,2024-10-02T18:31:40.771Z,933.17
6706534013288847,2024-10-02T19:08:17.771Z,-41.31
6218748060041639,2024-10-02T19:34:17.771Z,230.81
6437219155436606,2024-10-02T20:02:45.771Z,-813.73
5609879353687978,2024-10-02T20:48:36.771Z,-340.18
3369832681865051,2024-10-02T20:53:31.771Z,915.86
3037393026661280,2024-10-02T21:09:14.771Z,810.91
6288853716425504,2024-10-02T21:41:17.771Z,94.60
6575315976430295,2024-10-03T00:02:11.771Z,561.28
6018480886031697,2024-10-03T08:12:06.771Z,769.70
6437219155436606,2024-10-03T08:19:23.771Z,897.53
5926759033070471,2024-10-03T10:02:09.771Z,-559.86
3820307659851859,2024-10-03T11:41:58.771Z,-757.29
6018480886031697,2024-10-03T12:31:28.771Z,986.44
6361000177795595,2024-10-03T13:22:35.771Z,112.35
4210013133081688,2024-10-03T14:54:43.771Z,452.08
3589249568754350,2024-10-03T15:24:49.771Z,-890.75
6575315976430295,2024-10-03T16:06:09.771Z,-170.86
3663297678172224,2024-10-03T16:52:19.771Z,126.57
6419514998974763,2024-10-03T17:09:23.771Z,676.21
6657327299602346,2024-10-03T17:35:49.771Z,573.49
6706534013288847,2024-10-03T17:56:18.771Z,770.21
5091360375658474,2024-10-03T18:01:46.771Z,3.62
5618401722389028,2024-10-03T18:27:18.771Z,-518.41
6288853716425504,2024-10-03T20:33:26.771Z,-308.75
6657327299602346,2024-10-03T21:31:57.771Z,-838.97
3690769043359511,2024-10-03T22:00:10.771Z,-865.15
4024012623842318,2024-10-03T23:36:54.771Z,-477.20
5816050191711854,2024-10-03T23:42:30.771Z,-185.90
3219459079118226,2024-10-04T00:31:57.771Z,906.08
3742992852195954,2024-10-04T01:00:32.771Z,732.23
3171948530096903,2024-10-04T02:36:02.771Z,-246.46
5816050191711854,2024-10-04T04:03:36.771Z,-256.66
6833412122497701,2024-10-04T04:19:28.771Z,26.58
5997179980717501,2024-10-04T04:54:58.771Z,-802.27
3578813208959317,2024-10-04T07:10:36.771Z,762.52
6833412122497701,2024-10-04T10:19:39.771Z,90.73
3171948530096903,2024-10-04T11:03:57.771Z,-417.87
3578813208959317,2024-10-04T11:57:36.771Z,992.63
3745155717279673,2024-10-04T13:26:17.771Z,-160.59
4024012623842318,2024-10-04T13:33:20.771Z,-484.41
6706534013288847,2024-10-04T13:50:31.771Z,-497.09
6218748060041639,2024-10-04T14:06:42.771Z,987.40
3690769043359511,2024-10-04T14:34:34.771Z,-866.30
5816050191711854,2024-10-04T14:59:14.771Z,-918.11
5618401722389028,2024-10-04T15:27:29.771Z,-203.05
4235973154283559,2024-10-04T15:39:16.771Z,581.09
3537349596978716,2024-10-04T17:17:14.771Z,-838.48
3328090600295181,2024-10-04T17:41:22.771Z,-233.06
5926759033070471,2024-10-04T19:12:28.771Z,985.01
5997179980717501,2024-10-04T20:42:32.771Z,374.87
6006325963724299,2024-10-04T23:13:01.771Z,691.01
3219459079118226,2024-10-04T23:21:54.771Z,742.72
6706534013288847,2024-10-05T01:57:43.771Z,-423.87
5091360375658474,2024-10-05T04:25:54.771Z,-161.69
4378233413863490,2024-10-05T04:45:47.771Z,-866.07
3171948530096903,2024-10-05T05:24:11.771Z,-178.15
6329931100465627,2024-10-05T05:43:39.771Z,-481.13
3219459079118226,2024-10-05T05:55:34.771Z,-280.22
3404349486560448,2024-10-05T06:11:22.771Z,301.50
3328090600295181,2024-10-05T06:11:39.771Z,-554.67
5995696966070264,2024-10-05T07:23:34.771Z,805.53
4235973154283559,2024-10-05T09:22:58.771Z,-196.43
6419514998974763,2024-10-05T09:57:30.771Z,-761.57
6218748060041639,2024-10-05T10:30:58.771Z,-878.03
3618845513520900,2024-10-05T10:42:05.771Z,108.79
3820307659851859,2024-10-05T11:43:04.771Z,463.17
3745155717279673,2024-10-05T11:56:35.771Z,-186.39
6218748060041639,2024-10-05T11:59:24.771Z,490.49
3742992852195954,2024-10-05T12:21:02.771Z,-518.17
5618401722389028,2024-10-05T12:39:24.771Z,-987.72
6833412122497701,2024-10-05T12:44:54.771Z,-315.85
6329931100465627,2024-10-05T13:11:07.771Z,47.46
6329931100465627,2024-10-05T13:17:46.771Z,-121.21
4726556059561949,2024-10-05T13:43:00.771Z,856.05
6472592460352496,2024-10-05T13:56:35.771Z,-659.32
6564109388484184,2024-10-05T14:06:17.771Z,536.71
3578813208959317,2024-10-05T15:46:56.771Z,-567.42
3328090600295181,2024-10-05T16:37:18.771Z,-431.44
3690769043359511,2024-10-05T17:13:33.771Z,360.71
5581253985313232,2024-10-05T18:06:28.771Z,-13.37
3089689896090797,2024-10-05T20:16:10.771Z,5.15
6706534013288847,2024-10-05T20:30:51.771Z,873.03
5216484446506263,2024-10-05T20:53:06.771Z,-545.64
6419514998974763,2024-10-05T22:25:31.771Z,-622.95
4024012623842318,2024-10-05T23:01:13.771Z,-534.10
5997179980717501,2024-10-05T23:58:17.771Z,-608.55
5997179980717501,2024-10-06T00:29:25.771Z,335.74
5816050191711854,2024-10-06T00:41:49.771Z,455.08
4234709814496996,2024-10-06T01:48:56.771Z,-256.38
6657327299602346,2024-10-06T01:53:49.771Z,-107.50
3537349596978716,2024-10-06T03:16:43.771Z,-681.21
5926759033070471,2024-10-06T03:18:46.771Z,-27.40
5705851002586967,2024-10-06T04:36:09.771Z,48.67
5618401722389028,2024-10-06T05:15:01.771Z,602.39
3089689896090797,2024-10-06T05:16:56.771Z,-394.37
3369832681865051,2024-10-06T05:54:49.771Z,231.39
6564109388484184,2024-10-06T08:05:04.771Z,-544.83
5618401722389028,2024-10-06T08:15:58.771Z,596.46
6575315976430295,2024-10-06T08:22:36.771Z,-164.99
3618845513520900,2024-10-06T08:31:22.771Z,-525.94
5091360375658474,2024-10-06T08:58:03.771Z,-234.34
4210013133081688,2024-10-06T09:55:46.771Z,876.17
4932629994846233,2024-10-06T09:58:15.771Z,-127.92
6419514998974763,2024-10-06T12:04:55.771Z,-881.31
4726556059561949,2024-10-06T12:56:57.771Z,-744.68
5609879353687978,2024-10-06T13:30:38.771Z,817.33
6833412122497701,2024-10-06T13:43:38.771Z,-959.83
3328090600295181,2024-10-06T15:52:29.771Z,449.81
3339801217806434,2024-10-06T16:01:52.771Z,834.55
6006325963724299,2024-10-06T17:19:41.771Z,-243.58
4024012623842318,2024-10-06T17:20:18.771Z,-324.76
6437219155436606,2024-10-06T17:51:43.771Z,-865.41
3339801217806434,2024-10-06T18:20:51.771Z,-261.51
5705851002586967,2024-10-06T18:41:39.771Z,737.46
5705851002586967,2024-10-06T18:48:06.771Z,687.08
6657327299602346,2024-10-06T19:51:27.771Z,949.08
3820307659851859,2024-10-06T19:53:45.771Z,566.17
5995696966070264,2024-10-06T19:54:41.771Z,200.72
5705851002586967,2024-10-06T22:14:03.771Z,289.30
4235973154283559,2024-10-06T23:21:35.771Z,-274.98
5216484446506263,2024-10-06T23:23:35.771Z,153.46
3820307659851859,2024-10-07T00:24:24.771Z,995.90
6288853716425504,2024-10-07T01:01:42.771Z,-626.27
6657327299602346,2024-10-07T02:04:38.771Z,-327.67
5926759033070471,2024-10-07T02:46:45.771Z,-228.59
3089689896090797,2024-10-07T04:01:08.771Z,933.57
6218748060041639,2024-10-07T04:28:41.771Z,-289.88
6218748060041639,2024-10-07T06:07:46.771Z,712.91
6575315976430295,2024-10-07T06:22:23.771Z,765.79
5618401722389028,2024-10-07T09:07:25.771Z,84.00
3742992852195954,2024-10-07T09:29:40.771Z,233.55
5995696966070264,2024-10-07T09:38:03.771Z,876.77
5091360375658474,2024-10-07T10:07:39.771Z,-696.52
6419514998974763,2024-10-07T10:30:17.771Z,153.88
3578813208959317,2024-10-07T11:07:28.771Z,-343.70
3339801217806434,2024-10-07T12:32:10.771Z,72.96
5816050191711854,2024-10-07T14:10:27.771Z,708.70
5997179980717501,2024-10-07T15:00:14.771Z,229.35
4210013133081688,2024-10-07T19:29:22.771Z,842.44
4210013133081688,2024-10-07T19:48:03.771Z,736.23
5092446914149764,2024-10-07T20:01:19.771Z,-82.59
3219459079118226,2024-10-07T20:08:45.771Z,-753.28
5618401722389028,2024-10-07T20:30:10.771Z,-670.73
3589249568754350,2024-10-07T20:46:53.771Z,-113.53
4378233413863490,2024-10-07T21:36:52.771Z,735.47
6734576552114648,2024-10-07T23:47:04.771Z,-149.28
3404349486560448,2024-10-08T00:35:00.771Z,187.01
6288853716425504,2024-10-08T02:16:30.771Z,-657.66
4210013133081688,2024-10-08T02:46:44.771Z,600.48
4234709814496996,2024-10-08T02:56:28.771Z,672.28
6218748060041639,2024-10-08T03:02:44.771Z,-902.48
3690769043359511,2024-10-08T03:16:13.771Z,-557.52
5618401722389028,2024-10-08T03:39:17.771Z,-921.59
6564109388484184,2024-10-08T03:59:36.771Z,503.14
3219459079118226,2024-10-08T04:40:15.771Z,-455.32
3339801217806434,2024-10-08T05:29:57.771Z,385.35
3578813208959317,2024-10-08T06:28:13.771Z,223.36
3690769043359511,2024-10-08T09:27:08.771Z,-352.25
6419514998974763,2024-10-08T09:27:11.771Z,-467.32
3219459079118226,2024-10-08T10:50:37.771Z,-546.73
5581253985313232,2024-10-08T11:25:59.771Z,-744.97
3171948530096903,2024-10-08T11:37:57.771Z,692.82
3369832681865051,2024-10-08T16:43:49.771Z,774.75
6564109388484184,2024-10-08T17:21:25.771Z,901.79
6006325963724299,2024-10-08T17:33:06.771Z,657.82
3745155717279673,2024-10-08T17:50:44.771Z,392.72
3171948530096903,2024-10-08T18:26:25.771Z,702.31
3171948530096903,2024-10-08T18:51:51.771Z,-450.74
3219459079118226,2024-10-08T19:12:43.771Z,-503.66
4726556059561949,2024-10-08T19:54:49.771Z,-585.45
6006325963724299,2024-10-08T20:24:59.771Z,637.93
6361000177795595,2024-10-08T20:50:19.771Z,-843.25
6006325963724299,2024-10-08T21:08:38.771Z,-362.34
5216484446506263,2024-10-08T21:13:09.771Z,-847.05
3171948530096903,2024-10-08T22:24:29.771Z,-964.41
5926759033070471,2024-10-08T22:37:25.771Z,-298.15
3742992852195954,2024-10-09T00:16:25.771Z,660.51
6288853716425504,2024-10-09T00:28:10.771Z,-308.17
6437219155436606,2024-10-09T02:48:53.771Z,2.73
3820307659851859,2024-10-09T03:50:28.771Z,425.70
3219459079118226,2024-10-09T04:09:50.771Z,526.02
3037393026661280,2024-10-09T04:18:09.771Z,-536.64
5618401722389028,2024-10-09T05:17:58.771Z,34.21
6006325963724299,2024-10-09T05:22:19.771Z,-464.70
4024012623842318,2024-10-09T05:58:07.771Z,-657.48
5091360375658474,2024-10-09T06:27:22.771Z,589.55
6437219155436606,2024-10-09T08:13:07.771Z,76.09
6657327299602346,2024-10-09T09:16:38.771Z,-904.04
6329931100465627,2024-10-09T10:16:06.771Z,-969.14
6018480886031697,2024-10-09T10:39:37.771Z,689.00
3037393026661280,2024-10-09T11:05:16.771Z,-763.54
6419514998974763,2024-10-09T12:34:52.771Z,-794.81
3339801217806434,2024-10-09T12:47:43.771Z,-633.51
3745155717279673,2024-10-09T13:30:02.771Z,106.31
6472592460352496,2024-10-09T13:35:36.771Z,-276.44
5995696966070264,2024-10-09T13:55:16.771Z,462.40
3369832681865051,2024-10-09T17:27:05.771Z,-968.29
4024012623842318,2024-10-09T19:29:46.771Z,-766.36
6833412122497701,2024-10-09T20:03:36.771Z,-136.22
4726556059561949,2024-10-09T20:43:03.771Z,349.58
3690769043359511,2024-10-09T23:47:47.771Z,-887.21
3820307659851859,2024-10-10T00:41:12.771Z,-782.61
3369832681865051,2024-10-10T00:57:05.771Z,390.08
3690769043359511,2024-10-10T01:58:20.771Z,-199.29
3404349486560448,2024-10-10T02:23:44.771Z,-453.67
5618401722389028,2024-10-10T02:36:39.771Z,-436.56
6218748060041639,2024-10-10T02:56:53.771Z,765.22
3618845513520900,2024-10-10T03:14:24.771Z,-141.92
5091360375658474,2024-10-10T03:47:49.771Z,325.86
6706534013288847,2024-10-10T04:23:33.771Z,150.75
3742992852195954,2024-10-10T04:25:45.771Z,-702.19
4932629994846233,2024-10-10T06:17:40.771Z,206.14
6218748060041639,2024-10-10T07:17:32.771Z,818.44
6006325963724299,2024-10-10T08:46:26.771Z,397.82
5581253985313232,2024-10-10T08:49:56.771Z,866.77
6329931100465627,2024-10-10T09:26:16.771Z,489.26
3171948530096903,2024-10-10T09:41:16.771Z,565.35
3339801217806434,2024-10-10T14:20:03.771Z,-546.17
3037393026661280,2024-10-10T16:39:11.771Z,-9.88
3663297678172224,2024-10-10T16:44:49.771Z,-287.96
5816050191711854,2024-10-10T16:50:58.771Z,216.84
4235973154283559,2024-10-10T18:05:17.771Z,-227.55
3037393026661280,2024-10-10T19:22:52.771Z,-130.86
5705851002586967,2024-10-10T19:50:26.771Z,125.18
6361000177795595,2024-10-10T20:14:40.771Z,487.12
6833412122497701,2024-10-10T20:39:30.771Z,-675.71
4726556059561949,2024-10-10T23:05:59.771Z,-207.68
5091360375658474,2024-10-11T00:07:52.771Z,-802.76
5618401722389028,2024-10-11T00:12:31.771Z,301.02
3745155717279673,2024-10-11T00:22:10.771Z,-453.94
5705851002586967,2024-10-11T00:54:30.771Z,-605.63
5997179980717501,2024-10-11T01:29:48.771Z,-17.82
6006325963724299,2024-10-11T01:32:14.771Z,-733.95
3742992852195954,2024-10-11T01:49:41.771Z,-355.25
5092446914149764,2024-10-11T02:34:34.771Z,-899.52
5216484446506263,2024-10-11T02:38:32.771Z,-145.80
3820307659851859,2024-10-11T02:49:27.771Z,-142.90
3663297678172224,2024-10-11T04:26:47.771Z,-532.05
6472592460352496,2024-10-11T05:52:08.771Z,916.82
3742992852195954,2024-10-11T06:57:07.771Z,-169.91
3328090600295181,2024-10-11T07:43:57.771Z,-970.26
6734576552114648,2024-10-11T07:49:25.771Z,192.02
6706534013288847,2024-10-11T07:56:42.771Z,-691.82
3578813208959317,2024-10-11T09:16:24.771Z,-318.82
3537349596978716,2024-10-11T09:30:45.771Z,-218.76
5216484446506263,2024-10-11T09:44:03.771Z,-397.65
4932629994846233,2024-10-11T09:45:49.771Z,213.87
6833412122497701,2024-10-11T10:11:46.771Z,-72.78
3663297678172224,2024-10-11T11:23:11.771Z,-146.20
6018480886031697,2024-10-11T11:51:47.771Z,-403.59
3171948530096903,2024-10-11T13:21:06.771Z,-80.82
3618845513520900,2024-10-11T13:23:13.771Z,902.17
3369832681865051,2024-10-11T13:23:35.771Z,179.76
3328090600295181,2024-10-11T14:09:05.771Z,-306.83
3742992852195954,2024-10-11T14:13:53.771Z,504.44
3328090600295181,2024-10-11T14:57:39.771Z,71.20
3820307659851859,2024-10-11T15:48:27.771Z,874.97
3037393026661280,2024-10-11T16:30:15.771Z,459.95
4234709814496996,2024-10-11T16:55:08.771Z,743.73
5618401722389028,2024-10-11T17:14:52.771Z,190.50
6419514998974763,2024-10-11T17:53:14.771Z,554.83
5216484446506263,2024-10-11T18:05:24.771Z,161.80
3369832681865051,2024-10-11T18:06:17.771Z,468.02
3171948530096903,2024-10-11T18:12:36.771Z,906.01
3745155717279673,2024-10-11T19:52:58.771Z,958.41
5609879353687978,2024-10-11T19:53:52.771Z,74.26
3618845513520900,2024-10-11T20:13:36.771Z,345.75
6833412122497701,2024-10-11T20:15:54.771Z,335.41
5997179980717501,2024-10-11T20:39:07.771Z,-273.61
6833412122497701,2024-10-11T20:58:52.771Z,367.04
6006325963724299,2024-10-11T22:09:56.771Z,935.90
6472592460352496,2024-10-11T22:38:24.771Z,-369.35
3404349486560448,2024-10-11T23:27:09.771Z,-939.23
3328090600295181,2024-10-12T00:06:07.771Z,-681.01
3328090600295181,2024-10-12T00:36:14.771Z,-74.25
3537349596978716,2024-10-12T01:12:33.771Z,372.21
3663297678172224,2024-10-12T01:22:54.771Z,-747.36
4234709814496996,2024-10-12T02:08:32.771Z,-785.33
6419514998974763,2024-10-12T02:38:33.771Z,507.33
3324679021275326,2024-10-12T04:14:05.759Z,-604.15
3324679021275326,2024-10-12T04:14:05.759Z,-604.15
3324679021275326,2024-10-12T04:14:05.759Z,-604.15
3663297678172224,2024-10-12T04:42:34.771Z,656.70
6329931100465627,2024-10-12T05:07:31.771Z,-48.50
3618845513520900,2024-10-12T06:09:35.771Z,329.93
5816050191711854,2024-10-12T06:14:42.771Z,-21.68
6329931100465627,2024-10-12T07:13:43.771Z,640.08
3663297678172224,2024-10-12T07:23:04.771Z,-393.40
6419514998974763,2024-10-12T08:06:59.771Z,-6.96
5997179980717501,2024-10-12T08:14:34.771Z,960.91
3219459079118226,2024-10-12T09:16:38.771Z,41.88
3578813208959317,2024-10-12T10:26:28.771Z,244.79
6657327299602346,2024-10-12T10:49:24.771Z,484.59
3037393026661280,2024-10-12T14:29:57.771Z,-975.68
6706534013288847,2024-10-12T16:08:06.771Z,290.31
5997179980717501,2024-10-12T19:06:31.771Z,631.85
6218748060041639,2024-10-12T19:28:43.771Z,-991.88
3339801217806434,2024-10-12T20:08:21.771Z,-374.88
5581253985313232,2024-10-12T20:41:16.771Z,970.25
6218748060041639,2024-10-12T21:35:18.771Z,452.00
5091360375658474,2024-10-12T22:01:14.771Z,938.00
3742992852195954,2024-10-12T22:22:51.771Z,-26.66
6218748060041639,2024-10-12T22:28:57.771Z,170.07
5705851002586967,2024-10-12T22:57:01.771Z,512.19
3745155717279673,2024-10-13T00:16:37.771Z,81.58
3690769043359511,2024-10-13T01:42:44.771Z,-455.48
6329931100465627,2024-10-13T02:11:32.771Z,-834.25
6472592460352496,2024-10-13T03:37:03.771Z,29.32
5609879353687978,2024-10-13T03:37:52.771Z,314.38
6329931100465627,2024-10-13T04:17:19.771Z,762.96
6329931100465627,2024-10-13T05:51:23.771Z,673.56
3089689896090797,2024-10-13T06:13:03.771Z,163.78
6706534013288847,2024-10-13T08:31:25.771Z,752.04
5995696966070264,2024-10-13T09:37:00.771Z,-949.87
6472592460352496,2024-10-13T10:45:59.771Z,-348.62
5581253985313232,2024-10-13T11:05:01.771Z,793.13
3742992852195954,2024-10-13T11:10:21.771Z,259.07
5216484446506263,2024-10-13T11:39:25.771Z,-290.04
6437219155436606,2024-10-13T12:49:41.771Z,-504.82
3820307659851859,2024-10-13T12:54:20.771Z,887.64
6419514998974763,2024-10-13T13:02:44.771Z,-708.07
6437219155436606,2024-10-13T13:21:57.771Z,-914.81
4210013133081688,2024-10-13T14:16:19.771Z,529.87
5581253985313232,2024-10-13T14:59:20.771Z,-563.76
3369832681865051,2024-10-13T15:32:40.771Z,-554.04
6288853716425504,2024-10-13T15:38:24.771Z,-493.32
5926759033070471,2024-10-13T16:00:15.771Z,-534.65
5995696966070264,2024-10-13T16:20:51.771Z,559.30
6361000177795595,2024-10-13T16:27:50.771Z,-45.21
4235973154283559,2024-10-13T16:30:03.771Z,-611.77
5216484446506263,2024-10-13T16:51:39.771Z,-580.32
6734576552114648,2024-10-13T17:33:06.771Z,-162.97
5995696966070264,2024-10-13T18:39:53.771Z,136.73
4726556059561949,2024-10-13T18:44:53.771Z,270.61
4378233413863490,2024-10-13T19:02:47.771Z,518.60
6288853716425504,2024-10-13T19:10:16.771Z,-239.53
6361000177795595,2024-10-13T19:10:32.771Z,-486.99
6833412122497701,2024-10-13T21:43:08.771Z,416.01
6564109388484184,2024-10-13T22:32:42.771Z,-312.66
6472592460352496,2024-10-13T22:34:53.771Z,154.73
4024012623842318,2024-10-13T22:47:47.771Z,-59.21
3820307659851859,2024-10-13T23:57:32.771Z,152.10
5553959204036891,2024-10-14T00:33:11.759Z,-625.65
5553959204036891,2024-10-14T00:33:11.759Z,-625.65
5553959204036891,2024-10-14T00:33:11.759Z,-625.65
6734576552114648,2024-10-14T00:33:36.771Z,814.77
5618401722389028,2024-10-14T01:42:57.771Z,-548.69
3037393026661280,2024-10-14T03:10:27.771Z,467.69
3578813208959317,2024-10-14T03:37:03.771Z,59.65
5618401722389028,2024-10-14T03:54:37.771Z,625.40
4210013133081688,2024-10-14T03:56:59.771Z,226.35
6006325963724299,2024-10-14T06:22:51.771Z,-637.06
6361000177795595,2024-10-14T06:56:37.771Z,240.70
6437219155436606,2024-10-14T06:56:47.771Z,142.01
4726556059561949,2024-10-14T07:55:20.771Z,-775.65
3037393026661280,2024-10-14T08:45:14.771Z,223.84
3745155717279673,2024-10-14T10:11:34.771Z,-931.70
3404349486560448,2024-10-14T12:06:05.771Z,661.70
4024012623842318,2024-10-14T12:09:04.771Z,74.52
4378233413863490,2024-10-14T15:06:51.771Z,88.05
5091360375658474,2024-10-14T18:16:44.771Z,162.06
6734576552114648,2024-10-14T18:19:26.771Z,-664.26
6218748060041639,2024-10-14T19:20:02.771Z,-980.23
6734576552114648,2024-10-14T19:21:54.771Z,442.80
5816050191711854,2024-10-14T19:23:47.771Z,666.93
3037393026661280,2024-10-14T20:26:51.771Z,-572.71
6437219155436606,2024-10-14T23:01:04.771Z,-832.54
4024012623842318,2024-10-14T23:15:03.771Z,443.46
3369832681865051,2024-10-14T23:25:48.771Z,-984.53
4235973154283559,2024-10-14T23:37:57.771Z,-331.06
3745155717279673,2024-10-15T00:42:40.771Z,687.24
4378233413863490,2024-10-15T00:59:47.771Z,184.50
6437219155436606,2024-10-15T02:01:18.771Z,791.37
4235973154283559,2024-10-15T03:05:30.771Z,-441.25
3171948530096903,2024-10-15T03:33:10.771Z,469.73
3089689896090797,2024-10-15T04:47:12.771Z,-550.14
5092446914149764,2024-10-15T04:52:28.771Z,439.89
6706534013288847,2024-10-15T05:35:38.771Z,-228.12
3578813208959317,2024-10-15T05:49:12.771Z,833.41
3037393026661280,2024-10-15T06:27:24.771Z,963.13
5816050191711854,2024-10-15T08:29:05.771Z,-147.10
5581253985313232,2024-10-15T11:44:28.771Z,101.20
6218748060041639,2024-10-15T13:07:22.771Z,570.20
5609879353687978,2024-10-15T15:54:43.771Z,-83.94
3537349596978716,2024-10-15T16:07:54.771Z,115.57
4235973154283559,2024-10-15T16:19:25.771Z,-461.10
3089689896090797,2024-10-15T16:34:26.771Z,877.85
6706534013288847,2024-10-15T18:32:01.771Z,168.88
3369832681865051,2024-10-15T19:43:36.771Z,-768.27
5995696966070264,2024-10-15T19:59:31.771Z,-788.09
6564109388484184,2024-10-15T20:08:59.771Z,516.38
3690769043359511,2024-10-15T21:09:26.771Z,-842.19
5609879353687978,2024-10-15T22:19:41.771Z,439.21
6657327299602346,2024-10-15T22:42:54.771Z,-617.96
4932629994846233,2024-10-15T23:33:01.771Z,701.13
6329931100465627,2024-10-16T00:01:36.771Z,-146.77
4210013133081688,2024-10-16T00:13:44.771Z,-291.68
5092446914149764,2024-10-16T00:50:07.771Z,640.53
4235973154283559,2024-10-16T02:25:37.771Z,765.38
3369832681865051,2024-10-16T05:44:08.771Z,-167.57
5092446914149764,2024-10-16T06:51:49.771Z,-844.63
6657327299602346,2024-10-16T09:10:00.771Z,573.04
3820307659851859,2024-10-16T09:10:29.771Z,864.00
3589249568754350,2024-10-16T11:48:24.771Z,-315.16
3037393026661280,2024-10-16T11:50:59.771Z,-964.93
3578813208959317,2024-10-16T12:04:20.771Z,-255.71
4234709814496996,2024-10-16T13:13:50.771Z,-133.19
3745155717279673,2024-10-16T13:48:14.771Z,501.21
3339801217806434,2024-10-16T13:55:49.771Z,633.49
5609879353687978,2024-10-16T14:20:01.771Z,-951.76
5997179980717501,2024-10-16T15:11:59.771Z,464.68
3742992852195954,2024-10-16T15:32:53.771Z,9.48
4726556059561949,2024-10-16T16:12:54.771Z,642.63
3369832681865051,2024-10-16T16:38:03.771Z,-316.08
3618845513520900,2024-10-16T16:41:28.771Z,116.02
6833412122497701,2024-10-16T16:47:26.771Z,624.03
5995696966070264,2024-10-16T17:47:44.771Z,-515.47
5926759033070471,2024-10-16T17:53:25.771Z,-979.66
3820307659851859,2024-10-16T18:04:24.771Z,339.23
3820307659851859,2024-10-16T18:07:42.771Z,-378.77
5926759033070471,2024-10-16T19:19:08.771Z,324.99
6734576552114648,2024-10-16T19:59:51.771Z,-680.72
3404349486560448,2024-10-16T21:46:44.771Z,-492.78
6006325963724299,2024-10-16T21:52:57.771Z,-567.36
5609879353687978,2024-10-16T21:53:44.771Z,252.06
6018480886031697,2024-10-17T00:12:34.771Z,-152.11
3820307659851859,2024-10-17T00:35:33.771Z,927.60
5581253985313232,2024-10-17T02:10:33.771Z,-512.40
5618401722389028,2024-10-17T03:59:39.771Z,7.95
5997179980717501,2024-10-17T05:27:51.771Z,-247.73
6218748060041639,2024-10-17T05:40:44.771Z,-364.73
5926759033070471,2024-10-17T06:07:03.771Z,284.57
6419514998974763,2024-10-17T06:30:25.771Z,175.45
3037393026661280,2024-10-17T07:32:51.771Z,631.54
3578813208959317,2024-10-17T08:12:25.771Z,885.79
3171948530096903,2024-10-17T08:40:33.771Z,340.90
5091360375658474,2024-10-17T10:23:40.771Z,-873.82
5926759033070471,2024-10-17T10:34:30.771Z,601.85
3578813208959317,2024-10-17T10:52:15.771Z,-752.38
3369832681865051,2024-10-17T11:17:42.771Z,-402.44
6361000177795595,2024-10-17T13:00:41.771Z,-717.03
4235973154283559,2024-10-17T13:18:05.771Z,689.69
3171948530096903,2024-10-17T13:52:39.771Z,956.28
3578813208959317,2024-10-17T14:23:29.771Z,-712.50
5816050191711854,2024-10-17T14:53:39.771Z,-478.93
6437219155436606,2024-10-17T15:45:56.771Z,-111.72
3339801217806434,2024-10-17T16:47:19.771Z,-534.82
6472592460352496,2024-10-17T17:13:32.771Z,-170.37
5995696966070264,2024-10-17T17:24:58.771Z,879.06
6006325963724299,2024-10-17T17:32:31.771Z,-260.32
6472592460352496,2024-10-17T20:44:16.771Z,653.81
3537349596978716,2024-10-17T21:14:21.771Z,-985.20
6419514998974763,2024-10-17T21:17:41.771Z,75.22
4932629994846233,2024-10-18T02:24:14.771Z,-726.41
3745155717279673,2024-10-18T04:07:03.771Z,-869.88
5816050191711854,2024-10-18T07:54:16.771Z,-833.13
6437219155436606,2024-10-18T09:50:22.771Z,499.90
3578813208959317,2024-10-18T09:50:54.771Z,815.25
4726556059561949,2024-10-18T09:52:57.771Z,-496.44
3369832681865051,2024-10-18T11:33:17.771Z,888.86
6437219155436606,2024-10-18T12:02:01.771Z,-517.40
3690769043359511,2024-10-18T12:12:05.771Z,-113.27
5995696966070264,2024-10-18T12:46:42.771Z,-327.77
3089689896090797,2024-10-18T12:53:57.771Z,880.71
6734576552114648,2024-10-18T12:56:30.771Z,492.49
6575315976430295,2024-10-18T13:22:44.771Z,-411.39
4234709814496996,2024-10-18T13:47:40.771Z,-850.62
6575315976430295,2024-10-18T15:07:47.771Z,48.56
5816050191711854,2024-10-18T15:32:53.771Z,850.09
3742992852195954,2024-10-18T16:55:24.771Z,-699.75
3037393026661280,2024-10-18T16:59:36.771Z,-565.03
3618845513520900,2024-10-18T17:23:36.771Z,-447.73
4024012623842318,2024-10-18T17:35:55.771Z,-651.24
5705851002586967,2024-10-18T17:51:52.771Z,-886.76
5609879353687978,2024-10-18T18:05:08.771Z,697.65
4932629994846233,2024-10-18T18:13:39.771Z,-938.24
6833412122497701,2024-10-18T18:15:44.771Z,-748.91
5609879353687978,2024-10-18T18:26:10.771Z,-122.50
3618845513520900,2024-10-18T18:57:41.771Z,-498.33
6018480886031697,2024-10-18T20:21:04.771Z,772.67
6575315976430295,2024-10-18T20:45:01.771Z,227.17
5995696966070264,2024-10-18T22:12:43.771Z,-995.60
4267628872390355,2024-10-19T01:43:55.759Z,-774.88
4267628872390355,2024-10-19T01:43:55.759Z,-774.88
4267628872390355,2024-10-19T01:43:55.759Z,-774.88
5816050191711854,2024-10-19T02:20:14.771Z,-714.28
6218748060041639,2024-10-19T04:02:33.771Z,-614.24
6575315976430295,2024-10-19T05:25:25.771Z,372.73
6472592460352496,2024-10-19T06:43:40.771Z,-369.69
5997179980717501,2024-10-19T06:47:49.771Z,839.57
3171948530096903,2024-10-19T06:51:12.771Z,774.09
3618845513520900,2024-10-19T08:54:02.771Z,-456.76
5091360375658474,2024-10-19T09:47:19.771Z,581.21
4210013133081688,2024-10-19T11:04:11.771Z,-379.24
4932629994846233,2024-10-19T11:07:30.771Z,465.81
3745155717279673,2024-10-19T11:39:45.771Z,-477.93
6472592460352496,2024-10-19T15:07:11.771Z,356.59
3404349486560448,2024-10-19T15:38:52.771Z,-654.71
5216484446506263,2024-10-19T16:17:53.771Z,-744.41
3618845513520900,2024-10-19T16:39:30.771Z,445.08
3089689896090797,2024-10-19T16:57:31.771Z,81.89
4726556059561949,2024-10-19T17:00:29.771Z,-865.99
3537349596978716,2024-10-19T17:24:03.771Z,13.98
5816050191711854,2024-10-19T18:33:25.771Z,735.59
6706534013288847,2024-10-19T19:23:51.771Z,862.61
3339801217806434,2024-10-19T19:49:08.771Z,-940.24
3663297678172224,2024-10-19T20:00:43.771Z,-327.55
6657327299602346,2024-10-19T20:15:19.771Z,-800.21
5216484446506263,2024-10-19T21:41:29.771Z,399.19
5609879353687978,2024-10-19T22:24:55.771Z,510.98
5995696966070264,2024-10-19T22:54:31.771Z,622.06
3618845513520900,2024-10-19T23:55:11.771Z,125.47
3663297678172224,2024-10-20T01:02:26.771Z,139.65
6006325963724299,2024-10-20T01:06:02.771Z,-100.36
3537349596978716,2024-10-20T01:30:28.771Z,-682.54
6706534013288847,2024-10-20T03:34:32.771Z,564.20
6564109388484184,2024-10-20T03:40:43.771Z,619.15
6288853716425504,2024-10-20T04:20:25.771Z,-138.06
6734576552114648,2024-10-20T04:21:55.771Z,-215.10
3820307659851859,2024-10-20T05:26:32.771Z,-381.43
3820307659851859,2024-10-20T05:28:34.771Z,-963.74
6657327299602346,2024-10-20T06:54:46.771Z,827.74
5705851002586967,2024-10-20T07:25:27.771Z,-62.04
3328090600295181,2024-10-20T07:52:06.771Z,-733.66
6734576552114648,2024-10-20T08:37:06.771Z,-594.10
5092446914149764,2024-10-20T09:57:36.771Z,-72.89
6657327299602346,2024-10-20T11:25:46.771Z,117.09
3404349486560448,2024-10-20T12:07:16.771Z,916.22
3663297678172224,2024-10-20T12:22:27.771Z,-671.56
3742992852195954,2024-10-20T12:33:57.771Z,-91.99
5618401722389028,2024-10-20T12:54:57.771Z,-206.54
5092446914149764,2024-10-20T14:41:06.771Z,392.94
6361000177795595,2024-10-20T14:52:52.771Z,200.60
3690769043359511,2024-10-20T15:46:21.771Z,976.64
4726556059561949,2024-10-20T16:05:26.771Z,298.77
5618401722389028,2024-10-20T16:14:22.771Z,859.45
6833412122497701,2024-10-20T16:53:15.771Z,980.60
5091360375658474,2024-10-20T18:15:56.771Z,-405.10
5816050191711854,2024-10-20T18:33:46.771Z,624.99
3745155717279673,2024-10-20T18:58:35.771Z,-744.42
6288853716425504,2024-10-20T19:39:53.771Z,-415.18
6437219155436606,2024-10-20T20:18:09.771Z,-135.94
6564109388484184,2024-10-20T21:19:23.771Z,207.63
5216484446506263,2024-10-20T21:48:37.771Z,-943.32
6288853716425504,2024-10-21T01:00:27.771Z,562.46
5609879353687978,2024-10-21T03:00:02.771Z,252.74
6006325963724299,2024-10-21T03:29:57.771Z,-504.40
6575315976430295,2024-10-21T05:12:09.771Z,31.66
6288853716425504,2024-10-21T05:55:11.771Z,676.96
3663297678172224,2024-10-21T06:30:00.771Z,494.46
6734576552114648,2024-10-21T06:39:43.771Z,633.61
5705851002586967,2024-10-21T06:41:31.771Z,262.36
6218748060041639,2024-10-21T06:59:18.771Z,-199.12
4235973154283559,2024-10-21T07:07:11.771Z,609.55
5618401722389028,2024-10-21T07:22:35.771Z,-870.48
4024012623842318,2024-10-21T10:50:27.771Z,501.11
3339801217806434,2024-10-21T10:57:24.771Z,-432.61
3742992852195954,2024-10-21T11:08:50.771Z,380.56
5926759033070471,2024-10-21T12:29:03.771Z,-479.87
6437219155436606,2024-10-21T12:51:20.771Z,-591.11
6472592460352496,2024-10-21T13:19:40.771Z,-582.28
5816050191711854,2024-10-21T14:19:48.771Z,-990.83
4726556059561949,2024-10-21T14:29:13.771Z,-953.49
3171948530096903,2024-10-21T14:48:29.771Z,843.70
3369832681865051,2024-10-21T15:16:16.771Z,227.14
3037393026661280,2024-10-21T15:22:15.771Z,-426.46
4726556059561949,2024-10-21T17:21:30.771Z,-804.41
6734576552114648,2024-10-21T18:25:54.771Z,977.86
5091360375658474,2024-10-21T20:22:09.771Z,775.29
5618401722389028,2024-10-21T20:36:12.771Z,-633.39
5581253985313232,2024-10-21T21:10:17.771Z,961.44
3037393026661280,2024-10-21T23:04:53.771Z,380.19
4210013133081688,2024-10-22T01:08:38.771Z,196.19
4210013133081688,2024-10-22T04:28:09.771Z,649.33
5092446914149764,2024-10-22T04:55:46.771Z,-79.41
5618401722389028,2024-10-22T05:17:20.771Z,862.11
3339801217806434,2024-10-22T08:25:54.771Z,747.56
6706534013288847,2024-10-22T10:36:30.771Z,-787.02
4210013133081688,2024-10-22T11:08:27.771Z,819.68
4235973154283559,2024-10-22T14:28:03.771Z,211.42
3578813208959317,2024-10-22T15:11:07.771Z,-419.79
5926759033070471,2024-10-22T16:59:33.771Z,637.63
3404349486560448,2024-10-22T16:59:55.771Z,149.11
6706534013288847,2024-10-22T17:22:47.771Z,-749.72
3219459079118226,2024-10-22T17:25:36.771Z,-994.38
6706534013288847,2024-10-22T18:27:04.771Z,-133.44
5816050191711854,2024-10-22T18:28:32.771Z,-757.93
3089689896090797,2024-10-22T19:17:23.771Z,841.57
3328090600295181,2024-10-22T21:45:42.771Z,751.77
5816050191711854,2024-10-22T22:14:17.771Z,830.77
4726556059561949,2024-10-22T23:22:55.771Z,210.10
3219459079118226,2024-10-23T01:52:56.771Z,535.31
3578813208959317,2024-10-23T02:36:34.771Z,655.79
4210013133081688,2024-10-23T02:54:03.771Z,45.59
5926759033070471,2024-10-23T02:57:53.771Z,-784.24
6419514998974763,2024-10-23T03:10:30.771Z,-765.46
5216484446506263,2024-10-23T04:10:32.771Z,-411.24
5995696966070264,2024-10-23T04:37:00.771Z,-241.92
6575315976430295,2024-10-23T04:43:43.771Z,-767.87
5091360375658474,2024-10-23T05:16:54.771Z,620.72
6361000177795595,2024-10-23T10:22:49.771Z,453.54
4378233413863490,2024-10-23T10:23:24.771Z,155.68
3089689896090797,2024-10-23T10:55:45.771Z,-121.35
3742992852195954,2024-10-23T10:56:12.771Z,-228.71
3328090600295181,2024-10-23T11:00:06.771Z,-828.30
5216484446506263,2024-10-23T11:04:16.771Z,178.54
3745155717279673,2024-10-23T11:37:36.771Z,-556.34
5618401722389028,2024-10-23T11:39:40.771Z,634.95
3171948530096903,2024-10-23T12:58:48.771Z,-214.72
4235973154283559,2024-10-23T14:25:49.771Z,-131.45
5995696966070264,2024-10-23T15:00:55.771Z,-925.34
3404349486560448,2024-10-23T16:30:15.771Z,504.29
6329931100465627,2024-10-23T16:33:32.771Z,25.86
4378233413863490,2024-10-23T16:44:16.771Z,-909.02
3820307659851859,2024-10-23T17:33:46.771Z,-927.43
5816050191711854,2024-10-23T19:03:50.771Z,-533.83
5997179980717501,2024-10-23T20:19:40.771Z,717.90
5091360375658474,2024-10-23T20:47:27.771Z,496.04
6419514998974763,2024-10-23T21:01:36.771Z,-919.10
6329931100465627,2024-10-23T21:54:35.771Z,499.95
3663297678172224,2024-10-23T22:52:04.771Z,-827.18
6288853716425504,2024-10-24T00:02:21.771Z,-31.26
5092446914149764,2024-10-24T00:15:04.771Z,439.11
6361000177795595,2024-10-24T01:15:43.771Z,-36.90
6288853716425504,2024-10-24T01:24:43.771Z,189.53
3745155717279673,2024-10-24T02:46:18.771Z,-862.35
5816050191711854,2024-10-24T03:06:38.771Z,968.78
6018480886031697,2024-10-24T03:55:53.771Z,-660.28
4932629994846233,2024-10-24T03:55:54.771Z,316.60
6833412122497701,2024-10-24T04:26:33.771Z,578.68
3171948530096903,2024-10-24T04:34:05.771Z,922.22
5995696966070264,2024-10-24T06:11:25.771Z,232.45
6218748060041639,2024-10-24T07:02:00.771Z,-595.10
4024012623842318,2024-10-24T07:23:02.771Z,-480.92
5216484446506263,2024-10-24T07:26:41.771Z,-28.03
6734576552114648,2024-10-24T07:30:17.771Z,-608.44
3589249568754350,2024-10-24T07:57:25.771Z,-284.12
6833412122497701,2024-10-24T10:13:46.771Z,-415.87
3820307659851859,2024-10-24T12:20:37.771Z,710.70
3089689896090797,2024-10-24T12:53:28.771Z,217.21
5581253985313232,2024-10-24T12:58:18.771Z,-623.22
6218748060041639,2024-10-24T14:32:29.771Z,-802.87
3537349596978716,2024-10-24T14:35:07.771Z,-491.30
4234709814496996,2024-10-24T14:40:55.771Z,-163.47
3820307659851859,2024-10-24T16:26:23.771Z,-273.88
4726556059561949,2024-10-24T17:14:45.771Z,877.23
3328090600295181,2024-10-24T17:32:52.771Z,-197.68
6006325963724299,2024-10-24T19:25:08.771Z,691.42
4234709814496996,2024-10-24T20:26:44.771Z,-105.73
5926759033070471,2024-10-24T20:37:09.771Z,-314.15
6437219155436606,2024-10-24T21:17:48.771Z,-278.76
3369832681865051,2024-10-24T21:34:41.771Z,415.12
5092446914149764,2024-10-24T21:52:53.771Z,-111.56
4235973154283559,2024-10-24T22:30:48.771Z,-773.60
3219459079118226,2024-10-25T00:55:42.771Z,232.83
4234709814496996,2024-10-25T01:02:58.771Z,241.40
4235973154283559,2024-10-25T04:49:56.771Z,475.67
4378233413863490,2024-10-25T05:04:28.771Z,523.11
3089689896090797,2024-10-25T05:07:18.771Z,987.89
5816050191711854,2024-10-25T08:05:31.771Z,-144.62
6329931100465627,2024-10-25T09:17:43.771Z,-426.88
6734576552114648,2024-10-25T09:27:27.771Z,274.50
3369832681865051,2024-10-25T11:16:48.771Z,106.94
3404349486560448,2024-10-25T12:04:07.771Z,45.03
4378233413863490,2024-10-25T12:55:30.771Z,-535.64
6218748060041639,2024-10-25T13:06:31.771Z,248.96
5092446914149764,2024-10-25T13:25:58.771Z,-178.09
4235973154283559,2024-10-25T13:44:16.771Z,-285.54
3690769043359511,2024-10-25T15:25:56.771Z,-248.31
3820307659851859,2024-10-25T16:04:36.771Z,438.92
4234709814496996,2024-10-25T16:53:02.771Z,-70.11
3369832681865051,2024-10-25T18:16:01.771Z,-47.87
6018480886031697,2024-10-25T18:39:07.771Z,762.46
5618401722389028,2024-10-25T18:57:04.771Z,-307.19
3578813208959317,2024-10-25T19:36:00.771Z,-331.04
3037393026661280,2024-10-25T21:16:40.771Z,-196.13
3037393026661280,2024-10-25T21:56:19.771Z,40.20
3742992852195954,2024-10-25T22:35:20.771Z,-624.63
5816050191711854,2024-10-25T22:56:04.771Z,272.86
6006325963724299,2024-10-26T01:56:33.771Z,-850.55
6564109388484184,2024-10-26T03:14:43.771Z,832.57
4210013133081688,2024-10-26T03:31:14.771Z,903.09
5997179980717501,2024-10-26T04:13:03.771Z,-435.33
3171948530096903,2024-10-26T04:13:17.771Z,681.29
5618401722389028,2024-10-26T04:55:11.771Z,696.36
3037393026661280,2024-10-26T05:13:03.771Z,527.63
3089689896090797,2024-10-26T05:50:14.771Z,469.02
4932629994846233,2024-10-26T06:18:40.771Z,-432.01
3820307659851859,2024-10-26T06:20:38.771Z,-612.82
5609879353687978,2024-10-26T06:34:32.771Z,-997.65
3404349486560448,2024-10-26T08:30:18.771Z,-227.46
5091360375658474,2024-10-26T09:16:23.771Z,-309.73
5091360375658474,2024-10-26T09:30:54.771Z,142.80
6361000177795595,2024-10-26T10:06:18.771Z,-765.68
6564109388484184,2024-10-26T10:31:50.771Z,-178.47
3589249568754350,2024-10-26T11:27:55.771Z,-669.04
6564109388484184,2024-10-26T11:44:11.771Z,-73.67
5609879353687978,2024-10-26T12:42:23.771Z,569.62
3537349596978716,2024-10-26T13:40:15.771Z,544.07
6018480886031697,2024-10-26T14:27:25.771Z,502.63
4726556059561949,2024-10-26T16:27:47.771Z,78.15
6472592460352496,2024-10-26T16:36:00.771Z,290.43
4234709814496996,2024-10-26T16:36:39.771Z,-908.05
6218748060041639,2024-10-26T17:33:17.771Z,410.27
5995696966070264,2024-10-26T18:16:47.771Z,-366.61
3745155717279673,2024-10-26T19:53:17.771Z,-78.22
6006325963724299,2024-10-26T21:43:27.771Z,337.85
6218748060041639,2024-10-26T22:12:26.771Z,797.06
4378233413863490,2024-10-26T22:22:17.771Z,-125.44
3618845513520900,2024-10-26T23:32:28.771Z,915.34
5581253985313232,2024-10-26T23:42:32.771Z,691.87
6472592460352496,2024-10-27T00:31:51.771Z,-474.45
3328090600295181,2024-10-27T00:48:03.771Z,407.76
3745155717279673,2024-10-27T01:16:35.771Z,905.87
4726556059561949,2024-10-27T01:28:22.771Z,11.50
3369832681865051,2024-10-27T01:39:12.771Z,288.24
3339801217806434,2024-10-27T02:24:48.771Z,-426.79
6472592460352496,2024-10-27T02:58:04.771Z,-458.58
3742992852195954,2024-10-27T02:59:14.771Z,675.06
3171948530096903,2024-10-27T04:10:51.771Z,-231.70
3578813208959317,2024-10-27T04:50:55.771Z,652.30
6734576552114648,2024-10-27T05:49:32.771Z,7.52
3219459079118226,2024-10-27T06:36:07.771Z,191.21
5092446914149764,2024-10-27T07:28:44.771Z,-306.27
4726556059561949,2024-10-27T08:25:44.771Z,423.14
6575315976430295,2024-10-27T09:19:46.771Z,-855.72
6472592460352496,2024-10-27T10:02:47.771Z,272.86
5581253985313232,2024-10-27T10:12:55.771Z,-315.57
3404349486560448,2024-10-27T12:49:30.771Z,896.59
6575315976430295,2024-10-27T13:04:26.771Z,-775.31
6419514998974763,2024-10-27T15:58:09.771Z,-352.00
6006325963724299,2024-10-27T17:04:25.771Z,-657.26
4235973154283559,2024-10-27T17:46:27.771Z,726.46
5091360375658474,2024-10-27T17:57:27.771Z,-676.57
3037393026661280,2024-10-27T18:01:25.771Z,-752.28
3537349596978716,2024-10-27T19:23:41.771Z,515.88
6218748060041639,2024-10-27T19:35:22.771Z,386.81
3219459079118226,2024-10-27T22:35:44.771Z,656.49
3219459079118226,2024-10-27T23:00:52.771Z,394.36
3745155717279673,2024-10-27T23:24:35.771Z,-926.12
4024012623842318,2024-10-27T23:40:59.771Z,781.63
5092446914149764,2024-10-28T03:22:27.771Z,-376.46
6419514998974763,2024-10-28T05:09:22.771Z,908.17
5609879353687978,2024-10-28T05:15:20.771Z,-64.89
6288853716425504,2024-10-28T05:24:53.771Z,607.17
3369832681865051,2024-10-28T05:40:17.771Z,-439.70
6734576552114648,2024-10-28T06:00:58.771Z,247.05
3745155717279673,2024-10-28T06:21:26.771Z,222.57
6575315976430295,2024-10-28T06:50:54.771Z,392.24
6833412122497701,2024-10-28T08:02:36.771Z,565.82
3369832681865051,2024-10-28T08:25:07.771Z,-904.14
6437219155436606,2024-10-28T09:55:29.771Z,-774.30
6288853716425504,2024-10-28T10:26:58.771Z,727.03
5705851002586967,2024-10-28T11:21:22.771Z,-693.50
6472592460352496,2024-10-28T14:23:17.771Z,-853.64
3328090600295181,2024-10-28T14:35:24.771Z,-59.63
4932629994846233,2024-10-28T14:48:13.771Z,27.17
5092446914149764,2024-10-28T14:52:57.771Z,729.06
3742992852195954,2024-10-28T15:00:39.771Z,-550.91
6575315976430295,2024-10-28T15:04:08.771Z,906.39
3663297678172224,2024-10-28T16:00:53.771Z,566.10
3369832681865051,2024-10-28T16:30:07.771Z,-187.61
5091360375658474,2024-10-28T19:02:54.771Z,355.69
5926759033070471,2024-10-28T19:22:29.771Z,716.08
3537349596978716,2024-10-28T20:22:53.771Z,125.08
3328090600295181,2024-10-28T20:51:41.771Z,890.34
6006325963724299,2024-10-28T21:04:32.771Z,566.76
5997179980717501,2024-10-28T21:38:01.771Z,790.61
3618845513520900,2024-10-28T21:42:23.771Z,-695.34
6218748060041639,2024-10-29T02:50:41.771Z,255.09
6575315976430295,2024-10-29T02:52:57.771Z,750.57
5705851002586967,2024-10-29T03:45:51.771Z,-807.33
4726556059561949,2024-10-29T03:59:24.771Z,-816.05
5926759033070471,2024-10-29T04:09:45.771Z,-674.80
3037393026661280,2024-10-29T04:35:55.771Z,630.47
3369832681865051,2024-10-29T04:43:41.771Z,-498.80
3404349486560448,2024-10-29T05:33:10.771Z,406.11
5581253985313232,2024-10-29T06:34:20.771Z,-916.19
6657327299602346,2024-10-29T07:32:38.771Z,-442.95
5618401722389028,2024-10-29T07:47:50.771Z,646.41
6575315976430295,2024-10-29T08:47:50.771Z,-66.69
3369832681865051,2024-10-29T09:12:16.771Z,487.13
6419514998974763,2024-10-29T09:46:47.771Z,-378.48
4235973154283559,2024-10-29T10:27:01.771Z,605.22
3339801217806434,2024-10-29T11:24:40.771Z,-967.46
6734576552114648,2024-10-29T13:00:57.771Z,673.21
3742992852195954,2024-10-29T14:38:28.771Z,-714.58
4235973154283559,2024-10-29T14:51:38.771Z,-817.82
3369832681865051,2024-10-29T16:51:41.771Z,181.19
6018480886031697,2024-10-29T18:53:45.771Z,-195.67
6329931100465627,2024-10-29T20:11:38.771Z,-543.94
4024012623842318,2024-10-29T20:35:06.771Z,550.01
5995696966070264,2024-10-29T22:06:10.771Z,677.04
6006325963724299,2024-10-29T22:50:12.771Z,350.38
5216484446506263,2024-10-29T22:58:11.771Z,-586.77
3742992852195954,2024-10-29T23:20:07.771Z,994.07
5216484446506263,2024-10-29T23:23:35.771Z,-532.96
6657327299602346,2024-10-30T00:34:03.771Z,-773.35
5816050191711854,2024-10-30T02:37:54.771Z,762.01
6006325963724299,2024-10-30T03:46:28.771Z,-480.71
3171948530096903,2024-10-30T04:41:05.771Z,-805.15
4378233413863490,2024-10-30T07:05:52.771Z,-764.76
6419514998974763,2024-10-30T07:26:57.771Z,931.94
6564109388484184,2024-10-30T07:29:16.771Z,-297.16
6288853716425504,2024-10-30T08:42:16.771Z,661.34
6437219155436606,2024-10-30T08:54:27.771Z,-670.16
6706534013288847,2024-10-30T10:46:49.771Z,-381.89
3171948530096903,2024-10-30T11:06:26.771Z,499.73
6657327299602346,2024-10-30T11:49:58.771Z,-837.98
6575315976430295,2024-10-30T11:55:30.771Z,147.52
3037393026661280,2024-10-30T12:08:54.771Z,395.50
5618401722389028,2024-10-30T12:15:13.771Z,-56.65
5092446914149764,2024-10-30T12:16:29.771Z,-82.75
5997179980717501,2024-10-30T14:09:34.771Z,-407.78
3663297678172224,2024-10-30T14:37:37.771Z,-945.34
6006325963724299,2024-10-30T16:22:30.771Z,807.61
3618845513520900,2024-10-30T16:42:58.771Z,-927.79
3745155717279673,2024-10-30T17:25:20.771Z,473.37
6575315976430295,2024-10-30T18:39:01.771Z,31.72
3537349596978716,2024-10-30T19:33:17.771Z,770.81
3589249568754350,2024-10-30T19:52:17.771Z,573.12
3589249568754350,2024-10-30T20:17:48.771Z,251.75
3328090600295181,2024-10-30T20:37:19.771Z,-80.42
3745155717279673,2024-10-30T21:12:46.771Z,-101.29
6734576552114648,2024-10-30T21:47:41.771Z,-344.85
4024012623842318,2024-10-30T23:28:47.771Z,-621.51
6361000177795595,2024-10-31T00:16:39.771Z,170.08
3037393026661280,2024-10-31T01:41:29.771Z,-980.70
3578813208959317,2024-10-31T02:52:45.771Z,386.95
4235973154283559,2024-10-31T02:56:15.771Z,331.52
6657327299602346,2024-10-31T05:29:31.771Z,-954.57
4932629994846233,2024-10-31T06:01:31.771Z,206.23
5091360375658474,2024-10-31T07:21:04.771Z,436.62
6472592460352496,2024-10-31T08:29:51.771Z,-329.42
3328090600295181,2024-10-31T12:39:43.771Z,-521.56
6575315976430295,2024-10-31T13:34:41.771Z,223.01
6419514998974763,2024-10-31T14:26:03.771Z,-933.38
5092446914149764,2024-10-31T14:49:31.771Z,-408.98
3089689896090797,2024-10-31T16:23:11.771Z,-567.19
3219459079118226,2024-10-31T16:28:53.771Z,774.56
3578813208959317,2024-10-31T16:38:07.771Z,-257.65
6288853716425504,2024-10-31T17:34:53.771Z,-703.20
4235973154283559,2024-10-31T18:06:54.771Z,316.44
4024012623842318,2024-10-31T19:30:00.771Z,24.08
3589249568754350,2024-10-31T20:19:48.771Z,-189.56
3820307659851859,2024-10-31T20:29:26.771Z,883.29
3537349596978716,2024-10-31T21:06:18.771Z,-526.24
5995696966070264,2024-10-31T23:41:26.771Z,-391.70
6419514998974763,2024-11-01T01:23:49.771Z,237.85
3219459079118226,2024-11-01T02:38:57.771Z,411.37
6706534013288847,2024-11-01T03:22:18.771Z,-308.25
4932629994846233,2024-11-01T04:26:37.771Z,591.24
3578813208959317,2024-11-01T05:22:25.771Z,-345.42
3369832681865051,2024-11-01T05:55:29.771Z,-217.46
5926759033070471,2024-11-01T06:42:45.771Z,-803.61
3339801217806434,2024-11-01T06:45:50.771Z,-713.48
3537349596978716,2024-11-01T07:46:01.771Z,887.85
4024012623842318,2024-11-01T08:02:25.771Z,-347.43
6006325963724299,2024-11-01T08:19:13.771Z,-53.17
5705851002586967,2024-11-01T09:40:22.771Z,256.63
4235973154283559,2024-11-01T10:04:46.771Z,-233.31
3742992852195954,2024-11-01T11:44:26.771Z,-167.23
6437219155436606,2024-11-01T12:43:10.771Z,-335.25
6419514998974763,2024-11-01T14:40:26.771Z,-939.21
6218748060041639,2024-11-01T17:15:39.771Z,-582.15
6419514998974763,2024-11-01T18:08:44.771Z,978.48
6361000177795595,2024-11-01T19:11:38.771Z,962.45
5995696966070264,2024-11-01T20:46:15.771Z,253.03
6472592460352496,2024-11-01T21:03:04.771Z,801.45
6419514998974763,2024-11-01T22:18:49.771Z,-162.24
4234709814496996,2024-11-01T22:23:28.771Z,-113.53
4210013133081688,2024-11-01T23:59:02.771Z,112.43
6706534013288847,2024-11-02T00:29:10.771Z,-615.52
5618401722389028,2024-11-02T00:54:46.771Z,-408.83
5705851002586967,2024-11-02T01:16:15.771Z,931.08
5816050191711854,2024-11-02T02:32:35.771Z,600.69
5581253985313232,2024-11-02T03:06:08.771Z,-800.52
5609879353687978,2024-11-02T03:44:35.771Z,80.75
5997179980717501,2024-11-02T04:21:29.771Z,119.01
3339801217806434,2024-11-02T05:21:51.771Z,633.02
6419514998974763,2024-11-02T06:21:11.771Z,-832.17
5216484446506263,2024-11-02T06:42:20.771Z,711.55
5618401722389028,2024-11-02T06:45:53.771Z,-701.80
3820307659851859,2024-11-02T07:34:19.771Z,282.91
6419514998974763,2024-11-02T08:30:47.771Z,117.73
4235973154283559,2024-11-02T10:18:10.771Z,-21.28
5816050191711854,2024-11-02T10:33:46.771Z,49.99
5092446914149764,2024-11-02T11:51:43.771Z,74.13
5618401722389028,2024-11-02T13:19:32.771Z,-630.40
5581253985313232,2024-11-02T13:25:52.771Z,398.78
4932629994846233,2024-11-02T13:34:45.771Z,-253.20
3820307659851859,2024-11-02T13:53:22.771Z,792.22
6218748060041639,2024-11-02T14:10:17.771Z,-781.00
3219459079118226,2024-11-02T16:57:35.771Z,270.29
6006325963724299,2024-11-02T17:51:22.771Z,473.85
6329931100465627,2024-11-02T18:17:37.771Z,569.09
3742992852195954,2024-11-02T18:37:06.771Z,-172.35
5091360375658474,2024-11-02T20:41:20.771Z,448.82
4024012623842318,2024-11-02T22:43:37.771Z,-979.57
3339801217806434,2024-11-02T23:59:06.771Z,768.22
5926759033070471,2024-11-03T00:36:54.771Z,461.81
6288853716425504,2024-11-03T00:49:32.771Z,-111.97
6564109388484184,2024-11-03T01:06:29.771Z,-957.75
5926759033070471,2024-11-03T01:44:25.771Z,-468.67
3369832681865051,2024-11-03T03:10:57.771Z,41.57
6329931100465627,2024-11-03T03:11:11.771Z,64.40
3618845513520900,2024-11-03T06:24:24.771Z,374.39
4210013133081688,2024-11-03T07:39:20.771Z,840.41
4378233413863490,2024-11-03T08:38:38.771Z,-729.99
3328090600295181,2024-11-03T10:49:46.771Z,969.37
6218748060041639,2024-11-03T13:01:33.771Z,-876.69
6218748060041639,2024-11-03T14:35:40.771Z,240.68
3171948530096903,2024-11-03T15:51:46.771Z,-615.47
3404349486560448,2024-11-03T18:01:37.771Z,735.28
4235973154283559,2024-11-03T18:40:46.771Z,205.46
4235973154283559,2024-11-03T20:06:42.771Z,654.04
3742992852195954,2024-11-03T21:38:37.771Z,-587.10
4234709814496996,2024-11-03T22:31:35.771Z,-823.05
3589249568754350,2024-11-04T00:06:51.771Z,-138.18
4726556059561949,2024-11-04T00:10:15.771Z,-20.54
6218748060041639,2024-11-04T00:42:07.771Z,-858.74
5926759033070471,2024-11-04T01:19:26.771Z,-35.23
4234709814496996,2024-11-04T01:59:04.771Z,377.93
6419514998974763,2024-11-04T02:34:22.771Z,-393.25
6218748060041639,2024-11-04T04:04:04.771Z,-71.89
4932629994846233,2024-11-04T04:44:10.771Z,640.90
5926759033070471,2024-11-04T05:56:30.771Z,-198.52
3820307659851859,2024-11-04T05:57:55.771Z,-941.51
3618845513520900,2024-11-04T06:02:27.771Z,709.17
4024012623842318,2024-11-04T06:03:29.771Z,-129.84
6472592460352496,2024-11-04T06:27:06.771Z,-340.12
5995696966070264,2024-11-04T07:04:09.771Z,-480.33
4024012623842318,2024-11-04T08:42:05.771Z,-549.93
3589249568754350,2024-11-04T09:47:13.771Z,-67.05
3089689896090797,2024-11-04T10:45:42.771Z,259.77
3690769043359511,2024-11-04T10:53:25.771Z,-687.62
3328090600295181,2024-11-04T11:27:33.771Z,-99.27
6361000177795595,2024-11-04T12:15:10.771Z,-777.47
3537349596978716,2024-11-04T12:36:33.771Z,708.71
5995696966070264,2024-11-04T12:52:10.771Z,390.98
5995696966070264,2024-11-04T13:16:53.771Z,362.46
6706534013288847,2024-11-04T16:43:15.771Z,-658.05
4234709814496996,2024-11-04T18:42:51.771Z,716.12
6575315976430295,2024-11-04T19:23:07.771Z,-675.59
4378233413863490,2024-11-04T20:20:51.771Z,6.60
3219459079118226,2024-11-04T21:11:41.771Z,-306.58
3404349486560448,2024-11-04T21:34:33.771Z,-185.91
5092446914149764,2024-11-04T21:52:04.771Z,-455.87
6575315976430295,2024-11-05T00:30:45.771Z,-763.97
3745155717279673,2024-11-05T02:13:09.771Z,555.26
4378233413863490,2024-11-05T03:01:47.771Z,480.42
5091360375658474,2024-11-05T03:05:13.771Z,756.78
3369832681865051,2024-11-05T03:26:37.771Z,943.00
6361000177795595,2024-11-05T03:55:56.771Z,-366.68
5926759033070471,2024-11-05T04:01:45.771Z,71.54
6706534013288847,2024-11-05T04:39:05.771Z,177.97
6419514998974763,2024-11-05T04:41:23.771Z,-675.88
5705851002586967,2024-11-05T05:04:13.771Z,-49.90
3219459079118226,2024-11-05T06:06:34.771Z,516.25
6564109388484184,2024-11-05T06:15:51.771Z,775.15
3820307659851859,2024-11-05T06:31:16.771Z,757.93
3089689896090797,2024-11-05T06:50:03.771Z,-216.22
3742992852195954,2024-11-05T07:16:20.771Z,870.41
6833412122497701,2024-11-05T07:59:15.771Z,672.87
4726556059561949,2024-11-05T08:19:26.771Z,-584.26
3589249568754350,2024-11-05T08:54:32.771Z,-241.75
6419514998974763,2024-11-05T10:07:23.771Z,-494.85
5091360375658474,2024-11-05T10:30:28.771Z,-472.82
3171948530096903,2024-11-05T11:57:09.771Z,-865.94
5618401722389028,2024-11-05T12:32:23.771Z,-905.13
6361000177795595,2024-11-05T13:00:18.771Z,233.73
6361000177795595,2024-11-05T13:37:41.771Z,602.24
5705851002586967,2024-11-05T14:08:59.771Z,-918.45
5581253985313232,2024-11-05T15:09:15.771Z,-174.57
3171948530096903,2024-11-05T15:15:56.771Z,46.11
3089689896090797,2024-11-05T15:56:49.771Z,749.53
3404349486560448,2024-11-05T16:25:15.771Z,-221.50
6833412122497701,2024-11-05T16:37:48.771Z,-942.82
6575315976430295,2024-11-05T17:05:37.771Z,-393.66
3219459079118226,2024-11-05T17:08:48.771Z,-543.83
6361000177795595,2024-11-05T17:12:54.771Z,480.60
5995696966070264,2024-11-05T20:15:52.771Z,852.74
3742992852195954,2024-11-05T20:43:13.771Z,-414.06
5581253985313232,2024-11-05T21:14:20.771Z,735.12
5816050191711854,2024-11-05T23:43:34.771Z,730.58
4378233413863490,2024-11-06T01:44:09.771Z,407.72
6218748060041639,2024-11-06T01:51:45.771Z,-786.52
3589249568754350,2024-11-06T02:27:07.771Z,942.90
3663297678172224,2024-11-06T02:32:15.771Z,-708.09
3089689896090797,2024-11-06T03:21:07.771Z,-368.20
5092446914149764,2024-11-06T04:10:28.771Z,-344.10
4726556059561949,2024-11-06T04:54:12.771Z,-963.02
5091360375658474,2024-11-06T07:59:24.771Z,-998.01
3404349486560448,2024-11-06T08:25:57.771Z,-92.08
5705851002586967,2024-11-06T08:29:29.771Z,-580.30
3589249568754350,2024-11-06T10:44:57.771Z,783.80
6288853716425504,2024-11-06T11:14:46.771Z,467.45
6006325963724299,2024-11-06T12:47:24.771Z,-845.58
3369832681865051,2024-11-06T14:00:47.771Z,865.61
5609879353687978,2024-11-06T14:05:33.771Z,-470.50
3369832681865051,2024-11-06T15:21:59.771Z,333.65
5618401722389028,2024-11-06T15:22:39.771Z,-587.13
4024012623842318,2024-11-06T16:38:37.771Z,859.83
6419514998974763,2024-11-06T17:06:47.771Z,772.96
5926759033070471,2024-11-06T17:37:35.771Z,-611.79
6419514998974763,2024-11-06T17:59:42.771Z,872.06
4932629994846233,2024-11-06T18:08:39.771Z,420.68
4234709814496996,2024-11-06T19:14:06.771Z,-174.45
3328090600295181,2024-11-06T20:43:45.771Z,831.71
3089689896090797,2024-11-06T20:48:37.771Z,-994.96
4210013133081688,2024-11-06T21:52:51.771Z,-881.91
4726556059561949,2024-11-06T22:20:53.771Z,-19.64
6564109388484184,2024-11-06T22:49:30.771Z,-569.84
3589249568754350,2024-11-06T23:05:56.771Z,-457.70
6329931100465627,2024-11-06T23:41:35.771Z,-896.00
6575315976430295,2024-11-06T23:45:42.771Z,979.65
5091360375658474,2024-11-07T01:19:16.771Z,-742.04
3745155717279673,2024-11-07T01:37:52.771Z,-731.21
6419514998974763,2024-11-07T01:59:59.771Z,953.96
6472592460352496,2024-11-07T02:15:18.771Z,361.03
3037393026661280,2024-11-07T03:04:26.771Z,-364.02
3037393026661280,2024-11-07T03:45:14.771Z,-699.64
6706534013288847,2024-11-07T05:56:19.771Z,-734.06
3037393026661280,2024-11-07T06:44:46.771Z,-245.58
3745155717279673,2024-11-07T08:04:58.771Z,369.34
6018480886031697,2024-11-07T08:11:13.771Z,-316.36
4210013133081688,2024-11-07T10:29:33.771Z,-80.00
6018480886031697,2024-11-07T10:50:46.771Z,699.51
5816050191711854,2024-11-07T11:02:12.771Z,-348.18
6361000177795595,2024-11-07T11:11:56.771Z,630.64
3589249568754350,2024-11-07T11:27:01.771Z,-897.30
6706534013288847,2024-11-07T11:48:26.771Z,67.94
3171948530096903,2024-11-07T12:22:45.771Z,-759.90
6706534013288847,2024-11-07T12:28:51.771Z,-725.93
3328090600295181,2024-11-07T13:16:26.771Z,582.62
3328090600295181,2024-11-07T13:42:48.771Z,954.72
6734576552114648,2024-11-07T15:23:43.771Z,-834.60
5581253985313232,2024-11-07T16:11:32.771Z,143.17
5995696966070264,2024-11-07T18:51:49.771Z,611.14
3537349596978716,2024-11-07T18:56:32.771Z,-406.86
3537349596978716,2024-11-07T19:40:23.771Z,-457.17
5705851002586967,2024-11-07T20:12:57.771Z,-746.60
6706534013288847,2024-11-07T22:08:34.771Z,-181.27
3089689896090797,2024-11-07T23:38:29.771Z,272.83
5705851002586967,2024-11-07T23:57:46.771Z,558.72
5581253985313232,2024-11-08T00:24:48.771Z,231.62
4210013133081688,2024-11-08T01:06:17.771Z,-516.47
6472592460352496,2024-11-08T04:52:21.771Z,-273.33
3578813208959317,2024-11-08T05:39:44.771Z,920.67
4234709814496996,2024-11-08T05:41:06.771Z,381.31
3089689896090797,2024-11-08T05:47:54.771Z,113.08
4932629994846233,2024-11-08T06:58:54.771Z,992.42
3820307659851859,2024-11-08T08:36:51.771Z,-147.56
4024012623842318,2024-11-08T08:51:01.771Z,485.12
3690769043359511,2024-11-08T08:53:32.771Z,222.78
3219459079118226,2024-11-08T09:28:07.771Z,-289.89
5926759033070471,2024-11-08T10:48:46.771Z,93.44
4378233413863490,2024-11-08T11:02:53.771Z,910.07
4024012623842318,2024-11-08T12:51:04.771Z,456.20
3219459079118226,2024-11-08T14:47:59.771Z,485.92
6575315976430295,2024-11-08T15:31:28.771Z,-833.41
3369832681865051,2024-11-08T15:59:54.771Z,-777.55
3328090600295181,2024-11-08T17:16:16.771Z,617.15
3037393026661280,2024-11-08T17:28:31.771Z,-385.26
4932629994846233,2024-11-08T17:50:23.771Z,-603.40
3537349596978716,2024-11-08T18:49:19.771Z,-478.10
5926759033070471,2024-11-08T18:58:57.771Z,616.15
5816050191711854,2024-11-08T19:19:30.771Z,-425.25
5705851002586967,2024-11-08T19:22:02.771Z,-484.01
5581253985313232,2024-11-08T19:28:10.771Z,503.79
6018480886031697,2024-11-08T20:02:42.771Z,-16.25
4234709814496996,2024-11-08T20:05:14.771Z,-519.12
6018480886031697,2024-11-08T20:07:10.771Z,489.05
3820307659851859,2024-11-08T21:16:42.771Z,-393.41
5618401722389028,2024-11-09T00:00:02.771Z,147.92
3690769043359511,2024-11-09T02:33:00.771Z,-864.59
5581253985313232,2024-11-09T03:13:51.771Z,249.16
6419514998974763,2024-11-09T03:13:58.771Z,763.85
5997179980717501,2024-11-09T03:18:24.771Z,-260.37
6564109388484184,2024-11-09T04:38:12.771Z,-829.73
6329931100465627,2024-11-09T08:33:36.771Z,571.34
3618845513520900,2024-11-09T08:52:38.771Z,457.14
6361000177795595,2024-11-09T09:09:47.771Z,32.32
4726556059561949,2024-11-09T09:26:26.771Z,988.59
5092446914149764,2024-11-09T09:26:56.771Z,-594.99
6833412122497701,2024-11-09T11:06:49.771Z,-473.38
6329931100465627,2024-11-09T11:10:53.771Z,914.98
3328090600295181,2024-11-09T11:16:15.771Z,272.54
6714744990978278,2024-11-09T11:20:58.759Z,858.32
6714744990978278,2024-11-09T11:20:58.759Z,858.32
6714744990978278,2024-11-09T11:20:58.759Z,858.32
5995696966070264,2024-11-09T11:43:06.771Z,-435.17
5609879353687978,2024-11-09T12:26:14.771Z,-451.19
3037393026661280,2024-11-09T12:43:49.771Z,382.26
5618401722389028,2024-11-09T12:55:20.771Z,510.41
5705851002586967,2024-11-09T13:17:18.771Z,344.09
4234709814496996,2024-11-09T13:57:27.771Z,-645.10
5216484446506263,2024-11-09T16:11:56.771Z,767.85
6329931100465627,2024-11-09T17:34:27.771Z,-537.95
5091360375658474,2024-11-09T18:17:40.771Z,572.68
6006325963724299,2024-11-09T20:31:32.771Z,985.68
3369832681865051,2024-11-09T21:01:01.771Z,443.74
6472592460352496,2024-11-09T21:13:47.771Z,49.63
5618401722389028,2024-11-09T21:55:04.771Z,757.96
6006325963724299,2024-11-09T22:47:18.771Z,-259.57
6288853716425504,2024-11-09T22:56:01.771Z,-684.53
5926759033070471,2024-11-09T23:04:29.771Z,271.91
6564109388484184,2024-11-10T00:26:08.771Z,176.74
4932629994846233,2024-11-10T00:54:19.771Z,-630.99
3339801217806434,2024-11-10T00:58:48.771Z,688.77
6564109388484184,2024-11-10T01:12:41.771Z,470.10
6657327299602346,2024-11-10T02:18:11.771Z,114.59
3328090600295181,2024-11-10T03:18:37.771Z,449.95
3618845513520900,2024-11-10T04:40:11.771Z,457.00
3404349486560448,2024-11-10T04:41:45.771Z,-1.17
4210013133081688,2024-11-10T05:15:50.771Z,93.00
5705851002586967,2024-11-10T05:38:09.771Z,-340.57
6564109388484184,2024-11-10T05:44:50.771Z,619.41
6018480886031697,2024-11-10T06:14:29.771Z,599.54
6734576552114648,2024-11-10T07:30:59.771Z,671.39
5216484446506263,2024-11-10T08:19:55.771Z,-636.47
3589249568754350,2024-11-10T09:12:50.771Z,434.60
4234709814496996,2024-11-10T09:48:19.771Z,-537.65
3171948530096903,2024-11-10T10:03:14.771Z,462.83
6329931100465627,2024-11-10T12:03:07.771Z,758.79
6006325963724299,2024-11-10T12:33:21.771Z,573.02
5926759033070471,2024-11-10T14:04:28.771Z,488.69
3618845513520900,2024-11-10T14:49:44.771Z,420.27
3171948530096903,2024-11-10T19:00:33.771Z,807.63
5995696966070264,2024-11-10T20:40:04.771Z,613.89
3171948530096903,2024-11-10T21:34:09.771Z,372.11
6329931100465627,2024-11-10T22:19:11.771Z,62.43
5609879353687978,2024-11-11T00:05:37.771Z,-818.81
4235973154283559,2024-11-11T00:47:26.771Z,-858.01
5997179980717501,2024-11-11T01:16:06.771Z,890.23
6706534013288847,2024-11-11T01:22:46.771Z,640.00
6734576552114648,2024-11-11T02:00:25.771Z,37.40
6706534013288847,2024-11-11T05:10:13.771Z,548.45
5997179980717501,2024-11-11T05:34:59.771Z,396.50
3820307659851859,2024-11-11T05:43:18.771Z,-780.90
5816050191711854,2024-11-11T07:35:55.771Z,-916.45
6564109388484184,2024-11-11T07:45:41.771Z,54.48
3404349486560448,2024-11-11T08:03:45.771Z,762.07
6288853716425504,2024-11-11T09:08:16.771Z,732.19
3404349486560448,2024-11-11T09:42:10.771Z,-514.72
5997179980717501,2024-11-11T10:40:26.771Z,-0.05
3404349486560448,2024-11-11T11:37:15.771Z,-289.52
6018480886031697,2024-11-11T11:44:39.771Z,513.01
4024012623842318,2024-11-11T12:00:34.771Z,-219.16
3745155717279673,2024-11-11T12:47:50.771Z,377.02
6575315976430295,2024-11-11T14:08:35.771Z,806.19
4726556059561949,2024-11-11T14:15:05.771Z,751.50
4024012623842318,2024-11-11T14:42:21.771Z,-654.99
6575315976430295,2024-11-11T16:51:03.771Z,-199.67
4210013133081688,2024-11-11T16:53:33.771Z,167.79
3618845513520900,2024-11-11T17:50:41.771Z,-656.62
3663297678172224,2024-11-11T18:27:17.771Z,-360.73
3618845513520900,2024-11-11T19:35:37.771Z,-139.84
3589249568754350,2024-11-11T20:53:08.771Z,-210.36
3369832681865051,2024-11-11T21:16:15.771Z,733.46
6706534013288847,2024-11-11T21:20:57.771Z,284.22
6575315976430295,2024-11-11T21:46:10.771Z,984.17
6833412122497701,2024-11-11T21:48:21.771Z,549.76
3663297678172224,2024-11-11T22:52:51.771Z,-279.72
6437219155436606,2024-11-11T23:15:46.771Z,131.80
6472592460352496,2024-11-12T00:55:15.771Z,406.43
3219459079118226,2024-11-12T01:20:32.771Z,637.80
5997179980717501,2024-11-12T03:29:32.771Z,680.87
6575315976430295,2024-11-12T03:49:48.771Z,-323.95
5997179980717501,2024-11-12T05:02:02.771Z,257.41
5618401722389028,2024-11-12T05:22:56.771Z,31.70
3089689896090797,2024-11-12T07:13:57.771Z,367.32
5092446914149764,2024-11-12T07:33:13.771Z,-526.05
5581253985313232,2024-11-12T08:17:48.771Z,-215.68
6437219155436606,2024-11-12T08:30:08.771Z,67.71
3328090600295181,2024-11-12T08:32:18.771Z,-32.24
5609879353687978,2024-11-12T08:36:48.771Z,-374.44
6361000177795595,2024-11-12T10:18:01.771Z,733.19
6564109388484184,2024-11-12T10:51:46.771Z,-378.99
3742992852195954,2024-11-12T10:58:28.771Z,-707.22
6018480886031697,2024-11-12T11:24:59.771Z,-26.80
3037393026661280,2024-11-12T12:47:17.771Z,-900.36
6437219155436606,2024-11-12T13:49:59.771Z,-755.18
5995696966070264,2024-11-12T14:07:32.771Z,-633.17
5618401722389028,2024-11-12T16:31:05.771Z,398.54
3369832681865051,2024-11-12T20:25:51.771Z,-472.77
3820307659851859,2024-11-12T20:52:45.771Z,988.86
3404349486560448,2024-11-12T21:58:15.771Z,-798.01
5091360375658474,2024-11-12T23:22:30.771Z,977.47
6833412122497701,2024-11-12T23:28:41.771Z,-751.27
3690769043359511,2024-11-13T00:01:45.771Z,376.98
6734576552114648,2024-11-13T00:50:12.771Z,-110.78
4726556059561949,2024-11-13T03:50:57.771Z,432.85
3537349596978716,2024-11-13T04:05:48.771Z,-737.95
6218748060041639,2024-11-13T04:58:56.771Z,-931.25
6288853716425504,2024-11-13T05:10:26.771Z,549.38
4932629994846233,2024-11-13T06:18:27.771Z,236.39
5618401722389028,2024-11-13T06:44:49.771Z,146.09
3578813208959317,2024-11-13T07:02:24.771Z,-531.88
3742992852195954,2024-11-13T07:25:19.771Z,767.68
5997179980717501,2024-11-13T07:25:32.771Z,281.14
6419514998974763,2024-11-13T08:11:37.771Z,672.83
3328090600295181,2024-11-13T09:56:00.771Z,-169.28
3618845513520900,2024-11-13T10:38:15.771Z,292.34
5705851002586967,2024-11-13T11:41:51.771Z,625.84
3589249568754350,2024-11-13T11:46:34.771Z,-67.04
3690769043359511,2024-11-13T12:20:18.771Z,-333.69
3369832681865051,2024-11-13T14:29:25.771Z,-224.86
4378233413863490,2024-11-13T14:51:40.771Z,-908.65
5997179980717501,2024-11-13T15:47:19.771Z,-591.77
3369832681865051,2024-11-13T16:04:36.771Z,837.61
4932629994846233,2024-11-13T16:06:26.771Z,-732.16
6657327299602346,2024-11-13T16:21:48.771Z,-927.62
4210013133081688,2024-11-13T16:30:23.771Z,216.16
5216484446506263,2024-11-13T16:43:06.771Z,-579.17
3589249568754350,2024-11-13T18:31:33.771Z,-933.22
6419514998974763,2024-11-13T18:53:52.771Z,-348.26
6437219155436606,2024-11-13T19:55:35.771Z,-383.71
3404349486560448,2024-11-13T20:06:37.771Z,-573.28
3089689896090797,2024-11-13T22:11:12.771Z,854.05
3171948530096903,2024-11-13T22:35:58.771Z,39.57
3037393026661280,2024-11-14T00:18:10.771Z,305.59
3537349596978716,2024-11-14T01:01:51.771Z,-256.29
6472592460352496,2024-11-14T01:11:54.771Z,207.53
6329931100465627,2024-11-14T02:42:39.771Z,209.82
4210013133081688,2024-11-14T03:45:12.771Z,883.38
6006325963724299,2024-11-14T03:48:14.771Z,-760.47
6564109388484184,2024-11-14T05:30:33.771Z,195.73
5092446914149764,2024-11-14T06:18:13.771Z,-566.11
4024012623842318,2024-11-14T07:15:42.771Z,350.26
6218748060041639,2024-11-14T07:21:32.771Z,656.24
6706534013288847,2024-11-14T07:28:30.771Z,-846.32
5609879353687978,2024-11-14T08:06:01.771Z,-148.19
3745155717279673,2024-11-14T08:27:06.771Z,132.32
3369832681865051,2024-11-14T10:10:51.771Z,769.67
6288853716425504,2024-11-14T10:18:34.771Z,-939.92
5618401722389028,2024-11-14T10:22:16.771Z,711.15
4932629994846233,2024-11-14T11:43:06.771Z,-116.26
4378233413863490,2024-11-14T12:42:40.771Z,-661.06
6575315976430295,2024-11-14T12:44:32.771Z,671.07
3171948530096903,2024-11-14T13:15:10.771Z,-795.49
6564109388484184,2024-11-14T13:48:36.771Z,342.05
4210013133081688,2024-11-14T14:33:05.771Z,621.05
4210013133081688,2024-11-14T15:18:10.771Z,115.84
6714744990978278,2024-11-14T15:53:48.759Z,-426.50
6714744990978278,2024-11-14T15:53:48.759Z,-426.50
6714744990978278,2024-11-14T15:53:48.759Z,-426.50
5609879353687978,2024-11-14T16:04:43.771Z,604.88
6006325963724299,2024-11-14T16:49:37.771Z,544.30
3404349486560448,2024-11-14T18:05:20.771Z,104.97
4932629994846233,2024-11-14T20:12:12.771Z,-402.34
4234709814496996,2024-11-14T20:40:37.771Z,-173.75
4378233413863490,2024-11-14T21:46:16.771Z,-732.14
6437219155436606,2024-11-14T22:01:53.771Z,224.61
5216484446506263,2024-11-14T22:16:00.771Z,-781.53
3089689896090797,2024-11-14T23:09:24.771Z,604.60
6472592460352496,2024-11-14T23:27:01.771Z,-175.62
6564109388484184,2024-11-15T00:34:23.771Z,862.23
6734576552114648,2024-11-15T01:11:55.771Z,107.62
5705851002586967,2024-11-15T01:14:58.771Z,-85.38
6288853716425504,2024-11-15T01:47:58.771Z,-449.04
4235973154283559,2024-11-15T02:41:58.771Z,267.38
3328090600295181,2024-11-15T03:40:44.771Z,452.03
3537349596978716,2024-11-15T04:11:10.771Z,-580.16
4210013133081688,2024-11-15T04:15:23.771Z,743.37
4235973154283559,2024-11-15T04:53:57.771Z,-95.65
6361000177795595,2024-11-15T05:31:56.771Z,-776.51
3328090600295181,2024-11-15T06:18:39.771Z,8.61
6437219155436606,2024-11-15T06:41:56.771Z,282.36
6329931100465627,2024-11-15T06:58:49.771Z,-648.14
3369832681865051,2024-11-15T07:45:37.771Z,-668.73
5997179980717501,2024-11-15T08:32:29.771Z,760.23
5092446914149764,2024-11-15T08:38:31.771Z,204.78
5816050191711854,2024-11-15T09:26:03.771Z,-960.23
4235973154283559,2024-11-15T10:56:44.771Z,-237.95
6218748060041639,2024-11-15T11:03:39.771Z,-975.72
3537349596978716,2024-11-15T11:29:53.771Z,54.87
3820307659851859,2024-11-15T12:23:10.771Z,878.45
5581253985313232,2024-11-15T13:03:01.771Z,-934.95
3171948530096903,2024-11-15T13:10:22.771Z,-270.73
3171948530096903,2024-11-15T13:15:59.771Z,657.27
6734576552114648,2024-11-15T13:52:38.771Z,-568.58
5926759033070471,2024-11-15T15:02:53.771Z,867.93
3369832681865051,2024-11-15T15:18:24.771Z,-745.70
4234709814496996,2024-11-15T16:35:48.771Z,697.43
3742992852195954,2024-11-15T17:39:48.771Z,-387.39
4932629994846233,2024-11-15T18:23:19.771Z,75.81
3820307659851859,2024-11-15T18:44:11.771Z,-34.53
6419514998974763,2024-11-15T19:27:15.771Z,397.19
5092446914149764,2024-11-15T19:27:43.771Z,72.64
5816050191711854,2024-11-15T19:32:58.771Z,-943.77
3328090600295181,2024-11-15T21:06:32.771Z,-213.31
5092446914149764,2024-11-15T21:36:07.771Z,875.07
6288853716425504,2024-11-15T22:18:01.771Z,724.16
6564109388484184,2024-11-15T22:23:31.771Z,651.25
3037393026661280,2024-11-16T00:32:50.771Z,782.41
5091360375658474,2024-11-16T00:40:20.771Z,-165.59
6329931100465627,2024-11-16T00:49:14.771Z,779.94
3339801217806434,2024-11-16T01:38:18.771Z,-158.63
3589249568754350,2024-11-16T01:58:22.771Z,213.79
5997179980717501,2024-11-16T02:27:56.771Z,-375.48
5705851002586967,2024-11-16T02:48:01.771Z,-95.73
6419514998974763,2024-11-16T03:02:20.771Z,292.56
5216484446506263,2024-11-16T03:14:50.771Z,-164.22
5216484446506263,2024-11-16T04:52:16.771Z,166.14
4726556059561949,2024-11-16T05:50:41.771Z,-779.43
3219459079118226,2024-11-16T05:52:04.771Z,-855.80
4726556059561949,2024-11-16T07:31:08.771Z,230.36
6329931100465627,2024-11-16T08:09:31.771Z,682.37
6288853716425504,2024-11-16T10:07:28.771Z,602.86
6218748060041639,2024-11-16T10:53:11.771Z,-591.45
5581253985313232,2024-11-16T11:08:34.771Z,-501.74
4235973154283559,2024-11-16T11:14:04.771Z,857.74
4210013133081688,2024-11-16T12:56:03.771Z,-578.79
5092446914149764,2024-11-16T14:45:15.771Z,-432.76
5995696966070264,2024-11-16T17:06:11.771Z,-860.28
5995696966070264,2024-11-16T18:06:15.771Z,-986.61
5581253985313232,2024-11-16T18:55:47.771Z,538.42
5581253985313232,2024-11-16T18:59:30.771Z,-511.23
5705851002586967,2024-11-16T19:04:30.771Z,666.28
5995696966070264,2024-11-16T19:06:26.771Z,-543.40
3339801217806434,2024-11-16T19:18:09.771Z,-151.64
3369832681865051,2024-11-16T19:40:11.771Z,-152.98
3037393026661280,2024-11-16T20:01:22.771Z,-652.65
4024012623842318,2024-11-16T20:08:10.771Z,940.80
6472592460352496,2024-11-16T21:34:09.771Z,581.11
6288853716425504,2024-11-16T22:12:59.771Z,-83.44
6833412122497701,2024-11-16T22:21:04.771Z,109.96
3404349486560448,2024-11-16T23:47:24.771Z,542.58
6734576552114648,2024-11-17T01:59:58.771Z,-429.51
3171948530096903,2024-11-17T02:31:50.771Z,223.14
6419514998974763,2024-11-17T03:01:00.771Z,5.42
6734576552114648,2024-11-17T06:23:07.771Z,-937.47
3589249568754350,2024-11-17T07:34:27.771Z,199.23
3404349486560448,2024-11-17T07:35:23.771Z,36.56
3089689896090797,2024-11-17T08:05:55.771Z,847.69
4210013133081688,2024-11-17T08:57:22.771Z,-212.19
3690769043359511,2024-11-17T09:03:32.771Z,-666.16
6218748060041639,2024-11-17T09:22:58.771Z,-847.92
3820307659851859,2024-11-17T09:28:52.771Z,777.64
3219459079118226,2024-11-17T10:22:26.771Z,-440.78
6006325963724299,2024-11-17T10:34:59.771Z,732.89
6288853716425504,2024-11-17T12:28:08.771Z,568.90
5609879353687978,2024-11-17T12:46:59.771Z,-337.81
5997179980717501,2024-11-17T12:49:00.771Z,737.55
4210013133081688,2024-11-17T12:56:47.771Z,757.53
6564109388484184,2024-11-17T13:02:51.771Z,-294.05
4378233413863490,2024-11-17T13:18:34.771Z,-907.37
6734576552114648,2024-11-17T13:54:57.771Z,248.68
4234709814496996,2024-11-17T14:58:12.771Z,-976.07
6006325963724299,2024-11-17T14:58:28.771Z,-471.26
5092446914149764,2024-11-17T15:45:37.771Z,-13.79
4726556059561949,2024-11-17T16:21:13.771Z,-709.32
3219459079118226,2024-11-17T18:25:40.771Z,-347.27
5609879353687978,2024-11-17T21:24:38.771Z,382.43
3171948530096903,2024-11-18T01:01:08.771Z,-430.85
4210013133081688,2024-11-18T01:16:40.771Z,-322.67
4210013133081688,2024-11-18T03:08:40.771Z,-46.15
3589249568754350,2024-11-18T03:11:52.771Z,974.62
6734576552114648,2024-11-18T03:23:38.771Z,-602.63
3089689896090797,2024-11-18T03:28:58.771Z,815.78
3690769043359511,2024-11-18T03:58:23.771Z,-684.47
6288853716425504,2024-11-18T06:01:48.771Z,486.91
6437219155436606,2024-11-18T07:51:21.771Z,-161.38
5705851002586967,2024-11-18T08:10:06.771Z,483.50
3037393026661280,2024-11-18T09:29:32.771Z,-782.61
5995696966070264,2024-11-18T09:48:33.771Z,-717.87
4210013133081688,2024-11-18T13:32:35.771Z,714.61
3745155717279673,2024-11-18T15:43:21.771Z,247.77
4235973154283559,2024-11-18T16:58:11.771Z,325.85
3745155717279673,2024-11-18T16:58:57.771Z,-976.39
3690769043359511,2024-11-18T17:20:53.771Z,-774.95
5581253985313232,2024-11-18T17:26:19.771Z,559.29
6734576552114648,2024-11-18T17:57:05.771Z,596.48
6657327299602346,2024-11-18T18:11:36.771Z,612.87
5995696966070264,2024-11-18T19:44:51.771Z,409.34
4726556059561949,2024-11-18T20:28:25.771Z,679.06
6657327299602346,2024-11-18T20:53:04.771Z,-640.28
6437219155436606,2024-11-18T22:37:21.771Z,890.37
6437219155436606,2024-11-18T23:25:55.771Z,-947.07
5091360375658474,2024-11-19T00:50:52.771Z,-1.17
3089689896090797,2024-11-19T02:55:23.771Z,912.92
5092446914149764,2024-11-19T03:12:13.771Z,122.86
4932629994846233,2024-11-19T03:21:09.771Z,665.10
3328090600295181,2024-11-19T03:22:52.771Z,-663.05
5216484446506263,2024-11-19T04:02:05.771Z,-816.20
3663297678172224,2024-11-19T04:19:21.771Z,302.07
6288853716425504,2024-11-19T04:53:52.771Z,796.34
6006325963724299,2024-11-19T05:10:55.771Z,-162.44
3820307659851859,2024-11-19T06:16:03.771Z,-269.83
3742992852195954,2024-11-19T06:41:37.771Z,-599.32
5092446914149764,2024-11-19T06:46:21.771Z,587.30
3690769043359511,2024-11-19T07:49:10.771Z,-49.62
5216484446506263,2024-11-19T09:30:58.771Z,-203.32
5926759033070471,2024-11-19T10:03:16.771Z,-356.09
3745155717279673,2024-11-19T10:16:26.771Z,759.96
5216484446506263,2024-11-19T11:23:13.771Z,837.95
6006325963724299,2024-11-19T11:24:03.771Z,-46.86
5816050191711854,2024-11-19T12:56:13.771Z,-900.36
3171948530096903,2024-11-19T13:01:42.771Z,-375.54
6329931100465627,2024-11-19T13:04:03.771Z,-268.72
5609879353687978,2024-11-19T13:22:22.771Z,633.53
3537349596978716,2024-11-19T13:31:42.771Z,258.21
6006325963724299,2024-11-19T14:10:14.771Z,412.10
5091360375658474,2024-11-19T14:36:01.771Z,18.05
3745155717279673,2024-11-19T15:42:38.771Z,604.52
6018480886031697,2024-11-19T17:14:48.771Z,474.89
5609879353687978,2024-11-19T18:43:02.771Z,617.17
6006325963724299,2024-11-19T19:36:28.771Z,549.33
6706534013288847,2024-11-19T19:45:02.771Z,-302.50
5816050191711854,2024-11-19T20:02:00.771Z,-726.41
3618845513520900,2024-11-19T20:48:33.771Z,-186.58
3328090600295181,2024-11-19T21:12:13.771Z,-240.29
3589249568754350,2024-11-19T21:37:26.771Z,414.98
5705851002586967,2024-11-19T22:27:45.771Z,-199.19
5618401722389028,2024-11-19T23:10:12.771Z,193.09
3089689896090797,2024-11-20T00:15:00.771Z,498.07
6419514998974763,2024-11-20T00:56:19.771Z,-540.53
5995696966070264,2024-11-20T01:43:36.771Z,203.51
6657327299602346,2024-11-20T02:50:33.771Z,-698.62
3328090600295181,2024-11-20T02:52:49.771Z,893.30
3537349596978716,2024-11-20T04:39:41.771Z,448.90
5609879353687978,2024-11-20T05:04:04.771Z,-232.81
6833412122497701,2024-11-20T05:43:49.771Z,-533.98
6437219155436606,2024-11-20T05:54:01.771Z,544.66
3328090600295181,2024-11-20T06:05:45.771Z,705.68
6437219155436606,2024-11-20T07:41:18.771Z,-383.47
6361000177795595,2024-11-20T08:13:44.771Z,-637.32
4210013133081688,2024-11-20T08:35:25.771Z,-521.81
5609879353687978,2024-11-20T09:47:20.771Z,-604.25
3618845513520900,2024-11-20T11:13:29.771Z,-334.56
3589249568754350,2024-11-20T11:57:09.771Z,379.09
3171948530096903,2024-11-20T12:15:55.771Z,147.62
3690769043359511,2024-11-20T13:19:41.771Z,-420.14
3328090600295181,2024-11-20T14:49:54.771Z,39.82
3219459079118226,2024-11-20T15:11:20.771Z,-534.63
3618845513520900,2024-11-20T15:12:17.771Z,-422.45
6437219155436606,2024-11-20T15:22:19.771Z,411.81
3537349596978716,2024-11-20T15:30:48.771Z,850.20
5816050191711854,2024-11-20T15:50:04.771Z,878.89
6564109388484184,2024-11-20T16:11:22.771Z,-301.57
6288853716425504,2024-11-20T16:43:31.771Z,374.34
3820307659851859,2024-11-20T19:24:26.771Z,-591.06
6329931100465627,2024-11-20T20:16:32.771Z,834.64
3820307659851859,2024-11-20T20:52:23.771Z,126.20
6218748060041639,2024-11-20T22:14:49.771Z,-775.33
5609879353687978,2024-11-20T23:19:50.771Z,342.19
3404349486560448,2024-11-21T01:13:50.771Z,431.91
3589249568754350,2024-11-21T03:43:05.771Z,-944.74
6288853716425504,2024-11-21T11:15:04.771Z,54.49
5995696966070264,2024-11-21T11:18:09.771Z,224.59
3089689896090797,2024-11-21T13:30:28.771Z,219.75
6018480886031697,2024-11-21T14:27:38.771Z,-448.24
6006325963724299,2024-11-21T14:56:52.771Z,-238.89
5705851002586967,2024-11-21T15:08:36.771Z,-577.74
3339801217806434,2024-11-21T16:57:37.771Z,759.79
6657327299602346,2024-11-21T17:05:46.771Z,-970.06
5997179980717501,2024-11-21T17:38:04.771Z,-464.28
6706534013288847,2024-11-21T18:01:16.771Z,-880.15
5091360375658474,2024-11-21T19:04:36.771Z,609.52
3742992852195954,2024-11-21T20:23:09.771Z,417.01
3618845513520900,2024-11-21T22:18:31.771Z,-628.74
3339801217806434,2024-11-21T23:10:23.771Z,-681.88
6218748060041639,2024-11-22T00:01:25.771Z,999.93
3037393026661280,2024-11-22T03:01:10.771Z,-400.64
4234709814496996,2024-11-22T04:14:47.771Z,-911.54
3745155717279673,2024-11-22T04:44:19.771Z,344.42
5581253985313232,2024-11-22T05:05:07.771Z,-789.54
3219459079118226,2024-11-22T06:10:21.771Z,-6.72
6564109388484184,2024-11-22T08:15:59.771Z,774.11
6361000177795595,2024-11-22T08:31:04.771Z,-498.01
4234709814496996,2024-11-22T08:31:14.771Z,-210.60
3663297678172224,2024-11-22T09:11:25.771Z,184.53
5216484446506263,2024-11-22T12:01:51.771Z,-416.27
6419514998974763,2024-11-22T12:25:35.771Z,-273.90
6575315976430295,2024-11-22T12:56:28.771Z,574.45
5581253985313232,2024-11-22T13:03:12.771Z,332.64
5581253985313232,2024-11-22T13:54:06.771Z,-736.00
5995696966070264,2024-11-22T14:20:46.771Z,350.19
3404349486560448,2024-11-22T14:38:45.771Z,-770.79
6657327299602346,2024-11-22T16:26:18.771Z,753.09
6288853716425504,2024-11-22T17:21:32.771Z,-59.60
5216484446506263,2024-11-22T17:24:56.771Z,-139.43
4210013133081688,2024-11-22T18:14:23.771Z,-685.75
6472592460352496,2024-11-22T18:18:04.771Z,-512.64
5995696966070264,2024-11-22T18:28:53.771Z,787.15
4932629994846233,2024-11-22T18:54:24.771Z,969.39
3690769043359511,2024-11-22T20:13:32.771Z,-663.24
6018480886031697,2024-11-23T00:36:52.771Z,563.92
5609879353687978,2024-11-23T01:10:34.771Z,414.33
5995696966070264,2024-11-23T02:23:21.771Z,-734.09
3369832681865051,2024-11-23T02:33:27.771Z,-982.05
5926759033070471,2024-11-23T04:06:00.771Z,553.51
3369832681865051,2024-11-23T04:35:07.771Z,991.29
5091360375658474,2024-11-23T04:35:31.771Z,907.40
3589249568754350,2024-11-23T04:37:00.771Z,-649.30
3328090600295181,2024-11-23T04:39:51.771Z,-459.37
5581253985313232,2024-11-23T07:10:36.771Z,-338.76
4378233413863490,2024-11-23T07:52:32.771Z,289.08
3618845513520900,2024-11-23T08:06:53.771Z,448.38
4932629994846233,2024-11-23T10:47:05.771Z,441.78
5997179980717501,2024-11-23T11:20:26.771Z,913.27
3578813208959317,2024-11-23T11:57:56.771Z,346.30
5216484446506263,2024-11-23T14:39:42.771Z,662.77
6329931100465627,2024-11-23T15:21:40.771Z,589.16
6437219155436606,2024-11-23T16:22:12.771Z,608.64
5816050191711854,2024-11-23T16:45:03.771Z,-649.51
3369832681865051,2024-11-23T17:29:02.771Z,-52.40
5091360375658474,2024-11-23T18:32:45.771Z,325.45
4234709814496996,2024-11-23T19:03:11.771Z,-702.81
6564109388484184,2024-11-23T19:12:52.771Z,-429.44
5092446914149764,2024-11-23T20:06:32.771Z,-3.10
4932629994846233,2024-11-23T22:03:25.771Z,-450.44
6564109388484184,2024-11-23T23:09:15.771Z,881.05
5997179980717501,2024-11-24T01:59:36.771Z,-289.17
6288853716425504,2024-11-24T05:15:43.771Z,-884.68
3089689896090797,2024-11-24T05:19:54.771Z,-169.58
3037393026661280,2024-11-24T05:20:26.771Z,31.25
6361000177795595,2024-11-24T05:34:25.771Z,781.47
6218748060041639,2024-11-24T05:52:13.771Z,137.34
6575315976430295,2024-11-24T08:43:59.771Z,-570.47
6218748060041639,2024-11-24T13:12:56.771Z,-778.07
6218748060041639,2024-11-24T13:39:00.771Z,564.90
3404349486560448,2024-11-24T14:09:46.771Z,-722.17
5618401722389028,2024-11-24T14:54:42.771Z,418.04
3663297678172224,2024-11-24T20:20:10.771Z,99.31
6564109388484184,2024-11-24T20:24:39.771Z,832.86
6361000177795595,2024-11-24T21:19:49.771Z,400.53
3537349596978716,2024-11-24T22:03:40.771Z,-213.97
6218748060041639,2024-11-24T22:15:50.771Z,-728.20
5581253985313232,2024-11-24T22:56:41.771Z,618.55
3219459079118226,2024-11-24T23:59:26.771Z,-828.70
4726556059561949,2024-11-25T00:09:37.771Z,270.47
5926759033070471,2024-11-25T00:26:52.771Z,-512.07
3328090600295181,2024-11-25T00:45:27.771Z,579.86
6218748060041639,2024-11-25T01:12:23.771Z,-552.11
6329931100465627,2024-11-25T01:51:08.771Z,-964.12
5926759033070471,2024-11-25T02:28:08.771Z,647.09
4726556059561949,2024-11-25T02:51:12.771Z,609.32
6006325963724299,2024-11-25T02:59:22.771Z,212.59
6564109388484184,2024-11-25T03:19:00.771Z,98.04
3328090600295181,2024-11-25T04:02:58.771Z,-164.93
6288853716425504,2024-11-25T08:38:50.771Z,-544.97
6288853716425504,2024-11-25T08:45:36.771Z,-555.71
6706534013288847,2024-11-25T09:03:38.771Z,-14.84
6288853716425504,2024-11-25T09:35:36.771Z,454.11
3618845513520900,2024-11-25T10:16:49.771Z,202.83
3328090600295181,2024-11-25T10:57:49.771Z,92.78
3324679021275326,2024-11-25T12:12:55.759Z,-607.55
3324679021275326,2024-11-25T12:12:55.759Z,-607.55
3324679021275326,2024-11-25T12:12:55.759Z,-607.55
5926759033070471,2024-11-25T12:58:23.771Z,75.02
3663297678172224,2024-11-25T13:24:11.771Z,360.89
3328090600295181,2024-11-25T14:22:38.771Z,-585.41
6419514998974763,2024-11-25T15:31:57.771Z,-758.66
5926759033070471,2024-11-25T15:59:09.771Z,-771.89
6564109388484184,2024-11-25T16:17:09.771Z,259.07
5995696966070264,2024-11-25T16:46:09.771Z,842.10
3820307659851859,2024-11-25T16:51:16.771Z,311.77
3578813208959317,2024-11-25T18:06:47.771Z,512.36
4024012623842318,2024-11-25T19:42:30.771Z,575.75
5581253985313232,2024-11-25T19:46:47.771Z,-814.63
5581253985313232,2024-11-25T21:38:12.771Z,212.63
6706534013288847,2024-11-25T22:05:11.771Z,-111.33
6706534013288847,2024-11-25T22:20:47.771Z,-20.29
5092446914149764,2024-11-25T23:02:31.771Z,391.00
6657327299602346,2024-11-26T00:25:38.771Z,-736.43
3037393026661280,2024-11-26T01:04:51.771Z,-634.03
4726556059561949,2024-11-26T02:01:21.771Z,345.91
3219459079118226,2024-11-26T03:27:55.771Z,973.43
5091360375658474,2024-11-26T05:23:11.771Z,-959.69
5216484446506263,2024-11-26T06:05:59.771Z,243.70
5091360375658474,2024-11-26T06:10:38.771Z,190.13
4235973154283559,2024-11-26T06:15:13.771Z,-773.24
3089689896090797,2024-11-26T06:57:35.771Z,649.68
3171948530096903,2024-11-26T11:25:04.771Z,106.34
6361000177795595,2024-11-26T12:39:58.771Z,43.64
3339801217806434,2024-11-26T14:15:10.771Z,298.29
6288853716425504,2024-11-26T14:44:45.771Z,-448.39
6329931100465627,2024-11-26T14:53:23.771Z,-422.90
4932629994846233,2024-11-26T15:45:44.771Z,406.30
6472592460352496,2024-11-26T16:05:58.771Z,175.34
5618401722389028,2024-11-26T16:31:04.771Z,849.45
4210013133081688,2024-11-26T17:06:16.771Z,386.98
3537349596978716,2024-11-26T17:24:18.771Z,-199.50
6288853716425504,2024-11-26T17:49:35.771Z,209.34
6575315976430295,2024-11-26T18:27:51.771Z,478.67
4726556059561949,2024-11-26T19:06:45.771Z,-890.88
4378233413863490,2024-11-26T19:23:47.771Z,442.57
6329931100465627,2024-11-26T19:58:11.771Z,-318.95
6833412122497701,2024-11-26T20:05:48.771Z,-564.25
6564109388484184,2024-11-26T20:22:00.771Z,83.80
3369832681865051,2024-11-26T21:12:47.771Z,-958.49
3589249568754350,2024-11-26T21:15:19.771Z,982.71
5581253985313232,2024-11-26T21:24:24.771Z,-226.04
3537349596978716,2024-11-26T21:38:03.771Z,-236.92
3328090600295181,2024-11-27T01:19:28.771Z,157.23
4235973154283559,2024-11-27T01:25:20.771Z,384.35
6329931100465627,2024-11-27T03:23:12.771Z,-527.95
6734576552114648,2024-11-27T03:27:46.771Z,293.26
6657327299602346,2024-11-27T04:05:50.771Z,182.35
6564109388484184,2024-11-27T04:13:35.771Z,281.01
3369832681865051,2024-11-27T04:15:52.771Z,728.52
5581253985313232,2024-11-27T05:41:30.771Z,-595.55
3578813208959317,2024-11-27T05:43:08.771Z,-105.32
3537349596978716,2024-11-27T06:22:09.771Z,59.04
6006325963724299,2024-11-27T09:09:48.771Z,530.60
5618401722389028,2024-11-27T10:14:35.771Z,647.60
3745155717279673,2024-11-27T10:52:30.771Z,889.93
3663297678172224,2024-11-27T11:52:17.771Z,-116.16
5705851002586967,2024-11-27T13:06:26.771Z,-708.23
3037393026661280,2024-11-27T14:46:41.771Z,783.53
6437219155436606,2024-11-27T15:44:32.771Z,190.81
6018480886031697,2024-11-27T16:02:02.771Z,761.99
3589249568754350,2024-11-27T16:56:01.771Z,772.22
5618401722389028,2024-11-27T18:00:13.771Z,946.33
6419514998974763,2024-11-27T18:40:09.771Z,-589.78
6419514998974763,2024-11-27T19:48:55.771Z,161.18
4726556059561949,2024-11-27T20:26:12.771Z,-588.61
6657327299602346,2024-11-27T20:27:15.771Z,-376.18
5926759033070471,2024-11-27T21:00:49.771Z,462.28
5581253985313232,2024-11-27T21:31:10.771Z,-998.49
3219459079118226,2024-11-27T23:19:10.771Z,-756.30
4210013133081688,2024-11-27T23:20:48.771Z,-623.01
5092446914149764,2024-11-27T23:34:29.771Z,542.43
6472592460352496,2024-11-28T01:33:04.771Z,84.03
3328090600295181,2024-11-28T01:39:12.771Z,205.91
6657327299602346,2024-11-28T01:43:45.771Z,-69.48
3369832681865051,2024-11-28T03:39:15.771Z,-943.73
6706534013288847,2024-11-28T04:00:01.771Z,-922.35
4235973154283559,2024-11-28T04:19:52.771Z,607.52
6288853716425504,2024-11-28T04:23:40.771Z,695.07
4932629994846233,2024-11-28T05:16:48.771Z,565.73
4235973154283559,2024-11-28T09:04:42.771Z,-650.21
5997179980717501,2024-11-28T12:09:15.771Z,856.61
5091360375658474,2024-11-28T12:43:33.771Z,172.47
3171948530096903,2024-11-28T13:01:27.771Z,-747.10
5216484446506263,2024-11-28T13:27:04.771Z,247.95
5926759033070471,2024-11-28T14:56:11.771Z,681.56
6218748060041639,2024-11-28T17:10:11.771Z,-79.99
6361000177795595,2024-11-28T17:33:49.771Z,202.52
3618845513520900,2024-11-28T19:18:57.771Z,-923.00
5216484446506263,2024-11-28T20:48:17.771Z,515.11
3742992852195954,2024-11-28T21:36:47.771Z,465.53
3171948530096903,2024-11-28T22:25:41.771Z,-424.14
3171948530096903,2024-11-29T01:20:48.771Z,-366.21
6361000177795595,2024-11-29T01:44:50.771Z,-72.64
5997179980717501,2024-11-29T01:52:45.771Z,-765.02
5995696966070264,2024-11-29T03:03:20.771Z,-683.05
3339801217806434,2024-11-29T04:38:43.771Z,876.16
5995696966070264,2024-11-29T04:42:41.771Z,267.17
5092446914149764,2024-11-29T05:38:27.771Z,979.24
3537349596978716,2024-11-29T06:03:10.771Z,929.11
3328090600295181,2024-11-29T06:56:26.771Z,-987.14
6734576552114648,2024-11-29T07:49:34.771Z,-24.15
5609879353687978,2024-11-29T08:05:49.771Z,-250.70
5092446914149764,2024-11-29T08:19:51.771Z,874.28
3578813208959317,2024-11-29T08:42:44.771Z,-466.93
3742992852195954,2024-11-29T08:44:56.771Z,292.08
5995696966070264,2024-11-29T09:10:57.771Z,-159.14
3589249568754350,2024-11-29T09:22:25.771Z,648.25
6329931100465627,2024-11-29T10:09:18.771Z,-405.49
3219459079118226,2024-11-29T12:02:10.771Z,132.47
6706534013288847,2024-11-29T12:33:14.771Z,834.27
3171948530096903,2024-11-29T13:22:20.771Z,-457.13
5926759033070471,2024-11-29T14:13:01.771Z,-801.67
5926759033070471,2024-11-29T14:32:00.771Z,523.37
3663297678172224,2024-11-29T16:29:45.771Z,153.07
3690769043359511,2024-11-29T16:40:08.771Z,189.07
5092446914149764,2024-11-29T18:04:58.771Z,-952.17
4932629994846233,2024-11-29T21:26:15.771Z,-981.81
6018480886031697,2024-11-29T23:08:18.771Z,-167.64
3745155717279673,2024-11-29T23:31:50.771Z,-536.84
3404349486560448,2024-11-30T00:07:08.771Z,-202.62
6018480886031697,2024-11-30T00:50:31.771Z,-438.05
3219459079118226,2024-11-30T01:25:42.771Z,-978.72
3339801217806434,2024-11-30T01:34:59.771Z,166.46
6657327299602346,2024-11-30T02:26:50.771Z,692.51
6018480886031697,2024-11-30T02:29:39.771Z,397.29
6006325963724299,2024-11-30T02:43:53.771Z,-658.10
3037393026661280,2024-11-30T03:10:55.771Z,262.49
6657327299602346,2024-11-30T03:30:30.771Z,938.84
4235973154283559,2024-11-30T03:54:48.771Z,397.58
4932629994846233,2024-11-30T04:14:51.771Z,-176.65
3328090600295181,2024-11-30T06:09:24.771Z,675.74
3219459079118226,2024-11-30T07:14:37.771Z,686.24
3745155717279673,2024-11-30T07:37:53.771Z,898.32
4235973154283559,2024-11-30T07:49:47.771Z,-359.08
5997179980717501,2024-11-30T08:35:23.771Z,-135.43
6734576552114648,2024-11-30T08:57:48.771Z,920.75
3339801217806434,2024-11-30T12:12:17.771Z,-548.53
5216484446506263,2024-11-30T13:29:41.771Z,-18.41
3820307659851859,2024-11-30T13:44:53.771Z,859.96
3219459079118226,2024-11-30T14:22:20.771Z,75.25
3339801217806434,2024-11-30T14:52:17.771Z,319.74
4234709814496996,2024-11-30T15:19:23.771Z,-179.45
5995696966070264,2024-11-30T15:48:03.771Z,-230.27
6329931100465627,2024-11-30T16:43:18.771Z,838.21
6419514998974763,2024-11-30T17:52:29.771Z,255.45
5581253985313232,2024-11-30T18:16:30.771Z,-590.49
6218748060041639,2024-11-30T19:20:45.771Z,-218.42
5705851002586967,2024-11-30T20:24:43.771Z,-445.16
5609879353687978,2024-11-30T20:37:01.771Z,636.48
4235973154283559,2024-11-30T21:03:56.771Z,-652.88
3037393026661280,2024-11-30T21:28:17.771Z,891.96
5609879353687978,2024-11-30T23:16:32.771Z,164.64
5995696966070264,2024-11-30T23:41:52.771Z,187.84
3537349596978716,2024-12-01T02:59:52.771Z,-184.56
6288853716425504,2024-12-01T04:45:14.771Z,450.45
3089689896090797,2024-12-01T04:56:29.771Z,230.55
4726556059561949,2024-12-01T05:49:37.771Z,523.81
5705851002586967,2024-12-01T06:38:18.771Z,-260.40
6361000177795595,2024-12-01T07:14:29.771Z,102.99
5609879353687978,2024-12-01T08:05:15.771Z,548.76
3745155717279673,2024-12-01T11:07:43.771Z,802.76
3589249568754350,2024-12-01T11:21:39.771Z,691.78
6419514998974763,2024-12-01T11:59:01.771Z,-540.84
4378233413863490,2024-12-01T13:29:37.771Z,-973.26
6018480886031697,2024-12-01T14:03:48.771Z,894.34
4024012623842318,2024-12-01T14:19:21.771Z,157.76
4234709814496996,2024-12-01T15:22:20.771Z,283.77
3742992852195954,2024-12-01T15:30:51.771Z,110.19
3037393026661280,2024-12-01T16:13:21.771Z,239.49
3663297678172224,2024-12-01T16:28:38.771Z,990.24
4210013133081688,2024-12-01T17:28:54.771Z,-798.60
6833412122497701,2024-12-01T19:13:36.771Z,-995.54
5609879353687978,2024-12-01T19:14:34.771Z,-185.94
3537349596978716,2024-12-01T19:21:53.771Z,-962.38
4234709814496996,2024-12-01T20:09:54.771Z,170.97
5705851002586967,2024-12-01T20:20:53.771Z,977.05
3690769043359511,2024-12-01T20:43:06.771Z,705.79
6833412122497701,2024-12-01T21:09:30.771Z,493.10
4024012623842318,2024-12-01T21:27:54.771Z,274.30
4024012623842318,2024-12-01T22:01:48.771Z,-462.85
5581253985313232,2024-12-01T22:07:45.771Z,391.37
5995696966070264,2024-12-01T22:12:42.771Z,-951.50
4210013133081688,2024-12-01T22:29:19.771Z,-329.65
3171948530096903,2024-12-01T22:34:59.771Z,-723.10
5092446914149764,2024-12-01T22:42:58.771Z,-717.61
3663297678172224,2024-12-01T22:50:48.771Z,184.11
4378233413863490,2024-12-01T23:31:06.771Z,806.17
5581253985313232,2024-12-01T23:52:11.771Z,223.44
3339801217806434,2024-12-02T00:28:14.771Z,93.32
6472592460352496,2024-12-02T01:24:42.771Z,-406.47
6419514998974763,2024-12-02T02:38:08.771Z,764.90
3328090600295181,2024-12-02T03:57:43.771Z,647.35
6361000177795595,2024-12-02T04:40:50.771Z,-459.66
5997179980717501,2024-12-02T06:20:34.771Z,665.03
6833412122497701,2024-12-02T07:42:20.771Z,-31.90
3578813208959317,2024-12-02T07:50:14.771Z,756.57
3745155717279673,2024-12-02T08:05:29.771Z,-423.59
5705851002586967,2024-12-02T09:26:50.771Z,-888.00
4234709814496996,2024-12-02T11:40:25.771Z,102.74
6329931100465627,2024-12-02T12:14:20.771Z,483.26
6833412122497701,2024-12-02T12:17:23.771Z,831.71
3324679021275326,2024-12-02T12:36:43.759Z,286.18
3324679021275326,2024-12-02T12:36:43.759Z,286.18
3324679021275326,2024-12-02T12:36:43.759Z,286.18
6329931100465627,2024-12-02T12:46:47.771Z,110.42
3820307659851859,2024-12-02T13:03:12.771Z,-216.64
5581253985313232,2024-12-02T13:18:50.771Z,-204.97
5816050191711854,2024-12-02T16:17:39.771Z,166.96
6437219155436606,2024-12-02T17:56:42.771Z,-922.39
3742992852195954,2024-12-02T18:17:53.771Z,-526.06
3690769043359511,2024-12-02T18:49:41.771Z,-425.55
3663297678172224,2024-12-02T21:16:53.771Z,230.14
5609879353687978,2024-12-02T23:23:14.771Z,311.29
3339801217806434,2024-12-03T01:03:10.771Z,13.78
3618845513520900,2024-12-03T01:18:38.771Z,266.41
3037393026661280,2024-12-03T02:12:08.771Z,806.88
5091360375658474,2024-12-03T03:15:12.771Z,62.26
6833412122497701,2024-12-03T03:31:40.771Z,742.48
6218748060041639,2024-12-03T03:41:23.771Z,-502.91
6329931100465627,2024-12-03T03:42:31.771Z,-312.97
3618845513520900,2024-12-03T04:35:49.771Z,-784.13
5609879353687978,2024-12-03T04:42:25.771Z,445.06
3171948530096903,2024-12-03T06:08:06.771Z,-377.18
6329931100465627,2024-12-03T06:21:03.771Z,704.41
5997179980717501,2024-12-03T06:45:00.771Z,-582.07
3820307659851859,2024-12-03T07:38:48.771Z,-708.55
6472592460352496,2024-12-03T07:59:36.771Z,-133.67
3745155717279673,2024-12-03T09:34:30.771Z,-726.65
3537349596978716,2024-12-03T09:40:31.771Z,-218.89
6833412122497701,2024-12-03T10:19:07.771Z,387.47
6657327299602346,2024-12-03T11:00:54.771Z,498.60
3690769043359511,2024-12-03T11:30:17.771Z,338.24
6833412122497701,2024-12-03T12:05:42.771Z,-511.61
6734576552114648,2024-12-03T12:44:45.771Z,738.50
4210013133081688,2024-12-03T13:44:38.771Z,-964.61
5216484446506263,2024-12-03T14:22:15.771Z,486.68
3404349486560448,2024-12-03T14:32:34.771Z,117.30
5092446914149764,2024-12-03T15:26:25.771Z,-171.56
6734576552114648,2024-12-03T15:28:25.771Z,-867.13
3589249568754350,2024-12-03T19:35:23.771Z,-775.06
6734576552114648,2024-12-03T19:42:54.771Z,-414.16
5216484446506263,2024-12-03T21:07:44.771Z,-909.74
3537349596978716,2024-12-03T21:23:59.771Z,142.44
6006325963724299,2024-12-03T22:18:27.771Z,-564.46
3037393026661280,2024-12-04T00:14:18.771Z,-378.13
3339801217806434,2024-12-04T00:22:57.771Z,177.54
5216484446506263,2024-12-04T01:18:24.771Z,-89.84
6288853716425504,2024-12-04T01:33:01.771Z,745.50
3537349596978716,2024-12-04T01:43:07.771Z,911.10
3328090600295181,2024-12-04T06:27:12.771Z,548.96
3820307659851859,2024-12-04T07:08:19.771Z,-914.79
3089689896090797,2024-12-04T09:00:03.771Z,418.16
5216484446506263,2024-12-04T10:00:44.771Z,485.70
3742992852195954,2024-12-04T11:11:34.771Z,307.10
4235973154283559,2024-12-04T11:39:44.771Z,-679.51
3537349596978716,2024-12-04T11:47:26.771Z,351.48
3618845513520900,2024-12-04T12:41:06.771Z,-505.70
6018480886031697,2024-12-04T12:45:58.771Z,125.80
6472592460352496,2024-12-04T12:46:01.771Z,776.70
6329931100465627,2024-12-04T13:17:05.771Z,371.81
6288853716425504,2024-12-04T14:46:05.771Z,629.20
5997179980717501,2024-12-04T15:03:32.771Z,193.86
6006325963724299,2024-12-04T16:55:17.771Z,481.96
3663297678172224,2024-12-04T17:27:31.771Z,21.07
6575315976430295,2024-12-04T17:46:30.771Z,548.13
3219459079118226,2024-12-04T17:48:04.771Z,-606.65
3369832681865051,2024-12-04T17:48:14.771Z,-209.55
5705851002586967,2024-12-04T18:03:23.771Z,41.10
4024012623842318,2024-12-04T19:42:42.771Z,87.04
3339801217806434,2024-12-04T20:19:55.771Z,532.85
5216484446506263,2024-12-04T21:00:11.771Z,512.30
5816050191711854,2024-12-04T21:04:56.771Z,208.87
5216484446506263,2024-12-04T21:09:10.771Z,-500.94
4210013133081688,2024-12-04T21:22:31.771Z,57.45
3171948530096903,2024-12-04T21:33:54.771Z,-548.57
6437219155436606,2024-12-04T22:31:43.771Z,283.88
6657327299602346,2024-12-04T23:12:59.771Z,-524.80
6018480886031697,2024-12-04T23:21:05.771Z,-28.42
3742992852195954,2024-12-04T23:33:31.771Z,341.63
3171948530096903,2024-12-05T00:51:43.771Z,-827.02
3219459079118226,2024-12-05T02:24:05.771Z,-850.73
6833412122497701,2024-12-05T02:57:21.771Z,306.06
4235973154283559,2024-12-05T03:50:57.771Z,521.38
3578813208959317,2024-12-05T04:05:51.771Z,-320.95
6575315976430295,2024-12-05T07:10:05.771Z,-220.10
4932629994846233,2024-12-05T08:07:37.771Z,-796.97
3537349596978716,2024-12-05T08:37:40.771Z,391.65
4726556059561949,2024-12-05T10:47:32.771Z,-841.53
6006325963724299,2024-12-05T11:22:37.771Z,-319.19
5705851002586967,2024-12-05T12:54:52.771Z,654.95
5553959204036891,2024-12-05T12:55:43.759Z,-175.07
5553959204036891,2024-12-05T12:55:43.759Z,-175.07
5553959204036891,2024-12-05T12:55:43.759Z,-175.07
3578813208959317,2024-12-05T13:04:48.771Z,-861.12
6564109388484184,2024-12-05T15:19:02.771Z,-858.96
3618845513520900,2024-12-05T17:31:05.771Z,686.95
4210013133081688,2024-12-05T17:44:06.771Z,475.59
6706534013288847,2024-12-05T19:49:21.771Z,929.52
5926759033070471,2024-12-05T20:52:15.771Z,-746.63
3690769043359511,2024-12-05T21:19:51.771Z,394.89
3037393026661280,2024-12-05T21:51:24.771Z,-357.60
3369832681865051,2024-12-05T21:54:34.771Z,-976.25
3336208249795480,2024-12-05T23:08:42.759Z,446.85
3336208249795480,2024-12-05T23:08:42.759Z,446.85
3336208249795480,2024-12-05T23:08:42.759Z,446.85
5926759033070471,2024-12-06T00:20:51.771Z,-906.55
6657327299602346,2024-12-06T00:27:32.771Z,-602.74
3589249568754350,2024-12-06T00:38:01.771Z,474.09
5609879353687978,2024-12-06T00:52:18.771Z,628.35
6575315976430295,2024-12-06T02:11:22.771Z,-872.28
6006325963724299,2024-12-06T04:16:40.771Z,925.38
3369832681865051,2024-12-06T04:45:16.771Z,-765.90
5091360375658474,2024-12-06T05:26:27.771Z,583.31
5705851002586967,2024-12-06T05:44:32.771Z,387.87
3404349486560448,2024-12-06T07:12:13.771Z,826.78
6419514998974763,2024-12-06T09:15:17.771Z,675.14
3745155717279673,2024-12-06T11:03:23.771Z,516.21
6437219155436606,2024-12-06T12:16:00.771Z,908.55
3578813208959317,2024-12-06T13:06:44.771Z,-352.05
3537349596978716,2024-12-06T14:00:27.771Z,-442.54
3328090600295181,2024-12-06T14:41:03.771Z,420.50
3089689896090797,2024-12-06T16:54:52.771Z,519.76
4378233413863490,2024-12-06T17:21:14.771Z,83.62
3589249568754350,2024-12-06T17:28:07.771Z,802.57
6575315976430295,2024-12-06T18:10:30.771Z,-20.30
6706534013288847,2024-12-06T18:10:54.771Z,-683.09
3745155717279673,2024-12-06T19:04:38.771Z,-689.14
3663297678172224,2024-12-06T19:07:42.771Z,-694.51
6018480886031697,2024-12-06T19:37:06.771Z,-214.50
4024012623842318,2024-12-06T20:12:04.771Z,835.86
3745155717279673,2024-12-06T20:18:39.771Z,-847.83
6361000177795595,2024-12-06T20:20:44.771Z,803.93
5581253985313232,2024-12-06T21:25:56.771Z,253.74
3339801217806434,2024-12-07T00:39:07.771Z,68.28
5216484446506263,2024-12-07T01:35:53.771Z,281.18
6437219155436606,2024-12-07T01:49:19.771Z,614.95
5997179980717501,2024-12-07T01:53:51.771Z,533.52
5216484446506263,2024-12-07T02:31:29.771Z,-972.67
5216484446506263,2024-12-07T04:29:43.771Z,-401.41
6218748060041639,2024-12-07T04:34:33.771Z,-255.28
3589249568754350,2024-12-07T05:05:46.771Z,301.33
6329931100465627,2024-12-07T05:19:24.771Z,841.48
6288853716425504,2024-12-07T05:26:49.771Z,-499.39
3037393026661280,2024-12-07T05:36:40.771Z,-94.05
5995696966070264,2024-12-07T07:25:11.771Z,670.06
6706534013288847,2024-12-07T07:25:21.771Z,-574.21
5816050191711854,2024-12-07T07:47:28.771Z,-825.67
3037393026661280,2024-12-07T09:06:01.771Z,-53.26
5091360375658474,2024-12-07T10:10:37.771Z,938.26
3328090600295181,2024-12-07T11:11:47.771Z,610.79
3369832681865051,2024-12-07T11:46:44.771Z,443.49
3589249568754350,2024-12-07T11:53:44.771Z,-906.31
3037393026661280,2024-12-07T12:38:07.771Z,238.47
6018480886031697,2024-12-07T12:50:14.771Z,-902.29
3219459079118226,2024-12-07T14:06:36.771Z,846.21
3663297678172224,2024-12-07T14:50:56.771Z,111.84
6218748060041639,2024-12-07T15:11:11.771Z,996.59
6833412122497701,2024-12-07T15:41:25.771Z,-766.48
6419514998974763,2024-12-07T17:15:48.771Z,-665.75
3369832681865051,2024-12-07T17:22:05.771Z,497.30
3690769043359511,2024-12-07T17:42:26.771Z,-710.40
6734576552114648,2024-12-07T18:33:45.771Z,-957.31
5581253985313232,2024-12-07T18:53:54.771Z,-458.01
3219459079118226,2024-12-07T21:19:49.771Z,190.77
3404349486560448,2024-12-07T21:59:12.771Z,-99.47
5091360375658474,2024-12-08T01:14:12.771Z,158.07
3404349486560448,2024-12-08T03:02:13.771Z,728.41
4024012623842318,2024-12-08T03:10:02.771Z,100.41
6361000177795595,2024-12-08T03:42:25.771Z,-964.10
6361000177795595,2024-12-08T06:47:36.771Z,-541.95
6361000177795595,2024-12-08T07:51:19.771Z,693.45
5609879353687978,2024-12-08T08:50:05.771Z,558.80
6218748060041639,2024-12-08T10:56:19.771Z,-753.97
3742992852195954,2024-12-08T11:30:44.771Z,572.57
6657327299602346,2024-12-08T12:48:38.771Z,-184.26
3339801217806434,2024-12-08T13:30:57.771Z,-216.53
4932629994846233,2024-12-08T13:36:19.771Z,465.62
6006325963724299,2024-12-08T13:50:45.771Z,-115.95
4024012623842318,2024-12-08T13:52:55.771Z,-598.67
3369832681865051,2024-12-08T14:03:10.771Z,360.36
6833412122497701,2024-12-08T15:06:58.771Z,893.64
3171948530096903,2024-12-08T15:23:01.771Z,519.85
3171948530096903,2024-12-08T16:13:31.771Z,-501.64
4235973154283559,2024-12-08T17:29:10.771Z,-619.14
6472592460352496,2024-12-08T18:02:32.771Z,553.33
5092446914149764,2024-12-08T18:06:51.771Z,630.52
6329931100465627,2024-12-08T22:16:16.771Z,-121.38
5216484446506263,2024-12-08T22:49:18.771Z,-13.31
5091360375658474,2024-12-09T00:33:15.771Z,-723.14
3690769043359511,2024-12-09T02:04:34.771Z,896.43
5609879353687978,2024-12-09T03:47:57.771Z,-406.22
3089689896090797,2024-12-09T04:17:11.771Z,-517.73
3089689896090797,2024-12-09T04:44:19.771Z,871.11
6218748060041639,2024-12-09T06:42:39.771Z,-688.50
3742992852195954,2024-12-09T08:08:22.771Z,-627.70
6472592460352496,2024-12-09T08:12:32.771Z,-668.49
6419514998974763,2024-12-09T08:43:10.771Z,-180.65
6329931100465627,2024-12-09T09:52:42.771Z,57.31
6419514998974763,2024-12-09T10:39:08.771Z,-979.19
6575315976430295,2024-12-09T11:10:27.771Z,979.09
3820307659851859,2024-12-09T11:40:36.771Z,699.53
3171948530096903,2024-12-09T12:01:38.771Z,-105.13
3328090600295181,2024-12-09T12:20:48.771Z,-458.07
6564109388484184,2024-12-09T13:04:57.771Z,-123.87
6575315976430295,2024-12-09T14:14:48.771Z,836.35
6472592460352496,2024-12-09T16:12:52.771Z,-577.48
5618401722389028,2024-12-09T17:08:38.771Z,-102.70
3404349486560448,2024-12-09T19:24:46.771Z,111.64
6706534013288847,2024-12-09T20:46:13.771Z,-831.01
3537349596978716,2024-12-09T20:46:40.771Z,-155.68
5995696966070264,2024-12-09T21:01:21.771Z,527.96
4932629994846233,2024-12-09T21:04:08.771Z,789.10
4210013133081688,2024-12-09T21:21:41.771Z,-763.88
4932629994846233,2024-12-09T22:39:15.771Z,202.95
5995696966070264,2024-12-09T23:50:13.771Z,607.66
3589249568754350,2024-12-09T23:54:06.771Z,871.39
3663297678172224,2024-12-10T00:17:21.771Z,133.77
5092446914149764,2024-12-10T00:24:23.771Z,-46.46
6218748060041639,2024-12-10T00:32:43.771Z,129.93
5926759033070471,2024-12-10T02:35:05.771Z,831.16
6018480886031697,2024-12-10T02:43:42.771Z,821.80
4234709814496996,2024-12-10T03:03:14.771Z,90.70
3219459079118226,2024-12-10T05:30:02.771Z,-31.33
3171948530096903,2024-12-10T08:46:01.771Z,935.68
4234709814496996,2024-12-10T08:47:53.771Z,-152.70
6419514998974763,2024-12-10T09:07:58.771Z,-336.59
3328090600295181,2024-12-10T09:20:17.771Z,413.80
3742992852195954,2024-12-10T09:43:13.771Z,-986.15
4235973154283559,2024-12-10T10:13:33.771Z,-423.94
5092446914149764,2024-12-10T10:35:10.771Z,860.92
6734576552114648,2024-12-10T12:37:05.771Z,-312.15
3618845513520900,2024-12-10T13:01:55.771Z,-142.44
6218748060041639,2024-12-10T13:04:36.771Z,696.83
6657327299602346,2024-12-10T13:28:19.771Z,-992.69
4210013133081688,2024-12-10T14:19:36.771Z,-12.47
4932629994846233,2024-12-10T14:37:13.771Z,26.52
6564109388484184,2024-12-10T15:30:56.771Z,-289.27
6006325963724299,2024-12-10T16:49:26.771Z,112.73
6419514998974763,2024-12-10T17:09:18.771Z,280.66
5995696966070264,2024-12-10T18:00:50.771Z,658.61
6018480886031697,2024-12-10T19:17:29.771Z,-764.21
4378233413863490,2024-12-10T20:06:04.771Z,858.79
4210013133081688,2024-12-10T20:42:09.771Z,824.74
5609879353687978,2024-12-10T21:20:20.771Z,744.26
4210013133081688,2024-12-10T21:21:39.771Z,-486.39
3618845513520900,2024-12-10T23:17:37.771Z,635.95
4932629994846233,2024-12-11T00:18:46.771Z,890.67
3578813208959317,2024-12-11T00:45:55.771Z,501.27
3589249568754350,2024-12-11T00:46:05.771Z,499.19
6419514998974763,2024-12-11T00:52:56.771Z,-158.25
5216484446506263,2024-12-11T00:58:32.771Z,-813.50
6472592460352496,2024-12-11T01:29:02.771Z,-504.70
3663297678172224,2024-12-11T02:01:04.771Z,-547.75
4378233413863490,2024-12-11T02:17:07.771Z,-458.80
3618845513520900,2024-12-11T03:11:27.771Z,-266.13
3369832681865051,2024-12-11T03:58:54.771Z,950.63
3404349486560448,2024-12-11T05:22:12.771Z,-258.18
5581253985313232,2024-12-11T06:13:02.771Z,244.15
4024012623842318,2024-12-11T06:29:35.771Z,747.70
3618845513520900,2024-12-11T06:45:31.771Z,164.46
3578813208959317,2024-12-11T06:58:50.771Z,524.79
3089689896090797,2024-12-11T07:58:21.771Z,-443.94
5216484446506263,2024-12-11T09:17:18.771Z,453.06
6018480886031697,2024-12-11T09:24:47.771Z,487.94
6575315976430295,2024-12-11T10:18:28.771Z,558.75
5816050191711854,2024-12-11T10:25:24.771Z,61.13
6575315976430295,2024-12-11T15:02:38.771Z,193.26
5618401722389028,2024-12-11T18:09:39.771Z,591.08
5618401722389028,2024-12-11T18:30:16.771Z,445.55
6575315976430295,2024-12-11T18:56:32.771Z,-554.30
3369832681865051,2024-12-11T19:26:12.771Z,-857.40
3089689896090797,2024-12-12T00:20:59.771Z,986.44
3690769043359511,2024-12-12T00:25:46.771Z,427.48
3537349596978716,2024-12-12T01:33:52.771Z,-573.98
5581253985313232,2024-12-12T02:17:56.771Z,104.00
6833412122497701,2024-12-12T02:36:58.771Z,387.31
4378233413863490,2024-12-12T03:41:09.771Z,-964.31
6329931100465627,2024-12-12T03:45:42.771Z,329.23
6018480886031697,2024-12-12T05:22:29.771Z,-954.75
3578813208959317,2024-12-12T05:30:33.771Z,582.89
4024012623842318,2024-12-12T07:13:57.771Z,5.08
5581253985313232,2024-12-12T09:48:27.771Z,-698.59
4932629994846233,2024-12-12T11:22:47.771Z,359.48
3219459079118226,2024-12-12T12:59:49.771Z,-812.41
4235973154283559,2024-12-12T13:47:06.771Z,-218.85
4378233413863490,2024-12-12T14:21:17.771Z,400.86
6288853716425504,2024-12-12T14:41:48.771Z,-739.03
3037393026661280,2024-12-12T15:22:00.771Z,822.82
4024012623842318,2024-12-12T16:00:10.771Z,-604.67
3820307659851859,2024-12-12T19:23:53.771Z,-845.04
3404349486560448,2024-12-12T20:52:24.771Z,-593.78
3742992852195954,2024-12-12T21:30:21.771Z,451.36
6288853716425504,2024-12-12T21:47:21.771Z,520.07
6288853716425504,2024-12-12T22:13:33.771Z,531.38
5816050191711854,2024-12-12T22:32:08.771Z,-750.70
3404349486560448,2024-12-12T22:51:44.771Z,-896.26
4726556059561949,2024-12-12T23:32:27.771Z,259.66
3339801217806434,2024-12-12T23:55:54.771Z,-836.76
6575315976430295,2024-12-13T00:44:33.771Z,-941.12
3089689896090797,2024-12-13T00:57:54.771Z,-490.12
6833412122497701,2024-12-13T01:28:21.771Z,834.86
3663297678172224,2024-12-13T01:41:57.771Z,671.67
6006325963724299,2024-12-13T02:02:51.771Z,640.59
6361000177795595,2024-12-13T04:16:13.771Z,-111.69
3328090600295181,2024-12-13T04:41:43.771Z,778.72
5997179980717501,2024-12-13T05:08:16.771Z,-747.67
6361000177795595,2024-12-13T05:40:27.771Z,924.08
4024012623842318,2024-12-13T05:45:03.771Z,567.95
3171948530096903,2024-12-13T06:46:05.771Z,94.71
3690769043359511,2024-12-13T08:33:31.771Z,217.94
4024012623842318,2024-12-13T09:29:04.771Z,352.51
5091360375658474,2024-12-13T09:32:05.771Z,743.20
6006325963724299,2024-12-13T11:13:42.771Z,846.74
5091360375658474,2024-12-13T14:03:14.771Z,660.31
4234709814496996,2024-12-13T14:19:17.771Z,188.69
4378233413863490,2024-12-13T14:32:29.771Z,546.82
6575315976430295,2024-12-13T15:11:28.771Z,120.24
6575315976430295,2024-12-13T15:52:03.771Z,864.84
6472592460352496,2024-12-13T16:04:57.771Z,-912.64
3589249568754350,2024-12-13T16:49:26.771Z,-760.58
6575315976430295,2024-12-13T18:15:02.771Z,181.46
6329931100465627,2024-12-13T19:03:21.771Z,722.57
4235973154283559,2024-12-13T19:16:53.771Z,-830.32
3690769043359511,2024-12-13T19:22:47.771Z,-826.13
3328090600295181,2024-12-13T19:51:19.771Z,153.93
3339801217806434,2024-12-13T20:41:07.771Z,771.26
4726556059561949,2024-12-13T21:19:19.771Z,-448.93
3663297678172224,2024-12-13T21:52:57.771Z,-790.01
5816050191711854,2024-12-13T23:26:38.771Z,735.65
3404349486560448,2024-12-14T01:07:14.771Z,83.87
6288853716425504,2024-12-14T01:45:15.771Z,104.14
6006325963724299,2024-12-14T01:57:06.771Z,-639.21
5092446914149764,2024-12-14T02:39:50.771Z,-986.67
6288853716425504,2024-12-14T03:57:28.771Z,347.38
6734576552114648,2024-12-14T05:31:48.771Z,-766.06
3339801217806434,2024-12-14T06:28:38.771Z,314.96
5995696966070264,2024-12-14T06:45:13.771Z,101.38
6018480886031697,2024-12-14T08:51:11.771Z,-398.62
6018480886031697,2024-12-14T10:36:59.771Z,868.73
3663297678172224,2024-12-14T10:57:13.771Z,167.63
5092446914149764,2024-12-14T11:03:29.771Z,128.24
6361000177795595,2024-12-14T11:34:09.771Z,-478.37
5705851002586967,2024-12-14T12:25:25.771Z,-214.56
4726556059561949,2024-12-14T13:11:27.771Z,-970.16
5705851002586967,2024-12-14T14:01:43.771Z,496.41
5581253985313232,2024-12-14T15:04:19.771Z,-533.89
6472592460352496,2024-12-14T18:21:57.771Z,784.67
3745155717279673,2024-12-14T18:59:03.771Z,524.97
3537349596978716,2024-12-14T19:10:23.771Z,-682.00
5705851002586967,2024-12-14T20:39:58.771Z,-908.03
6018480886031697,2024-12-14T20:41:08.771Z,228.68
5581253985313232,2024-12-14T21:09:03.771Z,181.19
6833412122497701,2024-12-14T22:16:19.771Z,-78.24
6419514998974763,2024-12-14T22:47:02.771Z,338.92
3219459079118226,2024-12-14T22:53:06.771Z,-892.13
6437219155436606,2024-12-14T22:56:17.771Z,-39.45
6564109388484184,2024-12-15T00:54:01.771Z,498.76
3745155717279673,2024-12-15T01:10:47.771Z,-255.69
5816050191711854,2024-12-15T03:58:04.771Z,-349.81
6218748060041639,2024-12-15T05:58:57.771Z,742.80
5816050191711854,2024-12-15T06:24:16.771Z,757.05
3537349596978716,2024-12-15T07:17:37.771Z,623.81
3742992852195954,2024-12-15T10:27:13.771Z,735.08
6437219155436606,2024-12-15T11:24:14.771Z,-341.89
4235973154283559,2024-12-15T11:31:45.771Z,495.42
3663297678172224,2024-12-15T11:58:27.771Z,-705.26
6706534013288847,2024-12-15T12:12:58.771Z,-197.07
3171948530096903,2024-12-15T12:35:03.771Z,-89.85
4234709814496996,2024-12-15T12:42:03.771Z,-346.60
4210013133081688,2024-12-15T14:19:53.771Z,-704.99
3328090600295181,2024-12-15T14:46:26.771Z,-419.95
3219459079118226,2024-12-15T15:22:45.771Z,-978.41
3219459079118226,2024-12-15T17:06:15.771Z,-652.69
6833412122497701,2024-12-15T20:11:55.771Z,-309.93
3171948530096903,2024-12-15T20:43:55.771Z,318.59
3339801217806434,2024-12-15T21:03:10.771Z,-487.06
4378233413863490,2024-12-15T21:24:28.771Z,275.15
5609879353687978,2024-12-15T22:17:57.771Z,-270.25
6218748060041639,2024-12-15T22:36:08.771Z,-470.34
6564109388484184,2024-12-15T23:50:41.771Z,-257.61
3578813208959317,2024-12-16T00:48:43.771Z,-782.78
3589249568754350,2024-12-16T02:12:19.771Z,248.39
6419514998974763,2024-12-16T02:33:44.771Z,-900.37
5216484446506263,2024-12-16T03:58:24.771Z,-912.61
4726556059561949,2024-12-16T05:09:33.771Z,158.47
5609879353687978,2024-12-16T05:24:24.771Z,-976.39
6833412122497701,2024-12-16T06:28:16.771Z,-838.31
6575315976430295,2024-12-16T06:38:16.771Z,410.74
3578813208959317,2024-12-16T07:01:17.771Z,258.92
6734576552114648,2024-12-16T09:02:54.771Z,-629.20
3219459079118226,2024-12-16T09:33:13.771Z,-107.92
5092446914149764,2024-12-16T09:53:01.771Z,360.32
6419514998974763,2024-12-16T10:49:02.771Z,-971.33
3690769043359511,2024-12-16T10:56:35.771Z,80.05
5618401722389028,2024-12-16T11:06:05.771Z,-598.21
4932629994846233,2024-12-16T12:33:42.771Z,58.08
5997179980717501,2024-12-16T13:14:03.771Z,-285.53
6734576552114648,2024-12-16T13:15:02.771Z,648.78
6833412122497701,2024-12-16T13:17:32.771Z,735.78
6419514998974763,2024-12-16T14:19:32.771Z,716.49
6018480886031697,2024-12-16T14:39:05.771Z,567.14
5816050191711854,2024-12-16T15:43:37.771Z,-524.44
6734576552114648,2024-12-16T17:13:54.771Z,-15.58
3745155717279673,2024-12-16T17:34:25.771Z,965.91
5092446914149764,2024-12-16T18:50:19.771Z,-851.90
5581253985313232,2024-12-16T19:05:11.771Z,-326.59
5997179980717501,2024-12-16T21:49:01.771Z,679.87
5216484446506263,2024-12-16T22:11:12.771Z,-522.89
6564109388484184,2024-12-16T22:18:05.771Z,-115.34
5995696966070264,2024-12-16T22:59:17.771Z,665.68
6575315976430295,2024-12-17T02:18:29.771Z,-140.08
5216484446506263,2024-12-17T03:03:37.771Z,-367.05
4726556059561949,2024-12-17T03:21:15.771Z,932.42
3089689896090797,2024-12-17T04:29:21.771Z,959.21
5705851002586967,2024-12-17T04:58:17.771Z,-106.61
4932629994846233,2024-12-17T07:47:41.771Z,-510.71
6564109388484184,2024-12-17T07:54:56.771Z,-359.36
3578813208959317,2024-12-17T08:48:32.771Z,380.37
4234709814496996,2024-12-17T09:53:19.771Z,5.97
6006325963724299,2024-12-17T10:25:55.771Z,269.34
3578813208959317,2024-12-17T11:06:26.771Z,-56.21
5609879353687978,2024-12-17T11:31:38.771Z,-993.00
4024012623842318,2024-12-17T12:54:20.771Z,-819.40
3820307659851859,2024-12-17T14:25:26.771Z,329.57
4726556059561949,2024-12-17T14:38:24.771Z,429.43
5091360375658474,2024-12-17T15:42:02.771Z,220.36
5216484446506263,2024-12-17T15:52:10.771Z,35.94
3745155717279673,2024-12-17T16:43:02.771Z,-534.57
3404349486560448,2024-12-17T17:19:25.771Z,-763.94
3339801217806434,2024-12-17T18:18:17.771Z,-186.59
5581253985313232,2024-12-17T19:03:46.771Z,635.93
3537349596978716,2024-12-17T20:23:40.771Z,-73.45
3089689896090797,2024-12-17T20:32:02.771Z,-119.54
6018480886031697,2024-12-17T22:03:44.771Z,-634.92
4726556059561949,2024-12-17T23:01:02.771Z,-461.54
6575315976430295,2024-12-18T00:25:23.771Z,-912.01
6575315976430295,2024-12-18T01:08:22.771Z,-26.57
3589249568754350,2024-12-18T03:27:48.771Z,-398.56
6833412122497701,2024-12-18T03:55:49.771Z,-678.91
3589249568754350,2024-12-18T05:02:29.771Z,-690.26
5997179980717501,2024-12-18T06:30:46.771Z,961.65
4235973154283559,2024-12-18T08:17:01.771Z,-124.22
6018480886031697,2024-12-18T08:26:47.771Z,809.51
3537349596978716,2024-12-18T10:49:33.771Z,125.58
6329931100465627,2024-12-18T11:44:02.771Z,790.15
6018480886031697,2024-12-18T12:06:43.771Z,-989.87
4378233413863490,2024-12-18T13:45:20.771Z,588.91
4234709814496996,2024-12-18T15:02:03.771Z,813.58
5995696966070264,2024-12-18T15:43:01.771Z,169.14
5092446914149764,2024-12-18T16:22:51.771Z,490.21
3037393026661280,2024-12-18T17:31:24.771Z,-824.76
3820307659851859,2024-12-18T17:46:31.771Z,-717.16
4378233413863490,2024-12-18T18:15:56.771Z,301.93
3690769043359511,2024-12-18T18:15:59.771Z,-299.24
4234709814496996,2024-12-18T18:22:58.771Z,-216.01
6288853716425504,2024-12-18T18:40:07.771Z,2.91
6575315976430295,2024-12-18T20:40:01.771Z,922.28
5995696966070264,2024-12-18T21:33:03.771Z,-413.50
6437219155436606,2024-12-18T21:40:00.771Z,513.73
4234709814496996,2024-12-18T22:04:43.771Z,-778.88
3690769043359511,2024-12-18T22:28:54.771Z,-988.93
3589249568754350,2024-12-18T22:33:15.771Z,201.91
6218748060041639,2024-12-18T23:11:15.771Z,-456.52
3820307659851859,2024-12-19T00:03:46.771Z,655.44
5216484446506263,2024-12-19T01:10:12.771Z,-796.57
4210013133081688,2024-12-19T03:08:35.771Z,-813.89
6288853716425504,2024-12-19T03:40:42.771Z,-350.48
5705851002586967,2024-12-19T04:41:51.771Z,410.37
6218748060041639,2024-12-19T06:31:01.771Z,-494.57
4024012623842318,2024-12-19T06:36:24.771Z,-551.14
6437219155436606,2024-12-19T07:12:01.771Z,990.34
3328090600295181,2024-12-19T07:31:00.771Z,-568.30
4235973154283559,2024-12-19T09:06:41.771Z,-653.94
4932629994846233,2024-12-19T10:11:47.771Z,-307.57
3219459079118226,2024-12-19T10:29:27.771Z,881.67
3369832681865051,2024-12-19T10:43:09.771Z,-576.69
3369832681865051,2024-12-19T12:10:37.771Z,898.06
3663297678172224,2024-12-19T15:29:09.771Z,-364.62
6564109388484184,2024-12-19T15:53:32.771Z,-818.04
6419514998974763,2024-12-19T16:05:23.771Z,89.62
6437219155436606,2024-12-19T16:33:14.771Z,885.95
4210013133081688,2024-12-19T17:38:27.771Z,227.50
3742992852195954,2024-12-19T17:57:59.771Z,709.24
6657327299602346,2024-12-19T18:24:32.771Z,-318.38
6833412122497701,2024-12-19T19:57:59.771Z,-149.28
3369832681865051,2024-12-19T20:21:20.771Z,269.04
4726556059561949,2024-12-19T20:24:23.771Z,931.04
3328090600295181,2024-12-19T22:07:41.771Z,-240.59
6575315976430295,2024-12-19T22:18:02.771Z,-901.30
3589249568754350,2024-12-19T22:21:46.771Z,120.03
4235973154283559,2024-12-19T23:03:05.771Z,519.03
3369832681865051,2024-12-20T00:44:55.771Z,-951.95
3328090600295181,2024-12-20T02:25:15.771Z,-49.07
3404349486560448,2024-12-20T04:28:28.771Z,-975.57
6714744990978278,2024-12-20T06:33:36.759Z,-109.19
6714744990978278,2024-12-20T06:33:36.759Z,-109.19
6714744990978278,2024-12-20T06:33:36.759Z,-109.19
3618845513520900,2024-12-20T06:41:31.771Z,-155.15
3089689896090797,2024-12-20T07:11:40.771Z,-514.41
3404349486560448,2024-12-20T07:35:39.771Z,961.28
3404349486560448,2024-12-20T09:35:03.771Z,-4.92
4235973154283559,2024-12-20T10:58:11.771Z,341.78
6018480886031697,2024-12-20T15:08:19.771Z,-372.64
3089689896090797,2024-12-20T16:21:58.771Z,-396.93
5997179980717501,2024-12-20T16:22:08.771Z,-746.83
6706534013288847,2024-12-20T16:42:31.771Z,-489.06
5618401722389028,2024-12-20T17:18:17.771Z,296.10
3089689896090797,2024-12-20T17:54:20.771Z,-10.77
3404349486560448,2024-12-20T18:13:42.771Z,76.31
6329931100465627,2024-12-20T19:16:46.771Z,630.01
6833412122497701,2024-12-20T19:32:49.771Z,-447.68
3037393026661280,2024-12-20T20:37:52.771Z,292.83
3369832681865051,2024-12-20T20:46:29.771Z,-484.82
3589249568754350,2024-12-20T20:48:41.771Z,-798.14
3369832681865051,2024-12-20T21:44:16.771Z,-5.00
6419514998974763,2024-12-20T22:03:20.771Z,308.66
5618401722389028,2024-12-20T22:27:56.771Z,-207.28
5997179980717501,2024-12-20T22:37:19.771Z,289.85
5092446914149764,2024-12-20T22:38:36.771Z,-677.23
5705851002586967,2024-12-20T22:50:18.771Z,831.66
3589249568754350,2024-12-20T23:08:19.771Z,374.37
5091360375658474,2024-12-20T23:20:25.771Z,55.06
5816050191711854,2024-12-21T00:13:26.771Z,-941.01
5216484446506263,2024-12-21T02:15:09.771Z,304.73
6006325963724299,2024-12-21T02:44:14.771Z,700.11
3742992852195954,2024-12-21T04:07:10.771Z,130.48
3690769043359511,2024-12-21T04:50:40.771Z,-838.59
6329931100465627,2024-12-21T05:26:15.771Z,-405.98
3663297678172224,2024-12-21T05:36:39.771Z,314.37
3369832681865051,2024-12-21T05:40:12.771Z,-644.56
5997179980717501,2024-12-21T05:58:14.771Z,-426.06
3537349596978716,2024-12-21T07:05:45.771Z,-846.90
3742992852195954,2024-12-21T09:44:41.771Z,-175.52
6419514998974763,2024-12-21T10:16:21.771Z,-563.43
4726556059561949,2024-12-21T12:06:18.771Z,665.73
5609879353687978,2024-12-21T13:31:51.771Z,-84.46
5581253985313232,2024-12-21T14:14:37.771Z,219.53
3537349596978716,2024-12-21T14:39:05.771Z,-954.64
5581253985313232,2024-12-21T14:52:17.771Z,774.13
3663297678172224,2024-12-21T16:20:37.771Z,122.92
5997179980717501,2024-12-21T17:25:36.771Z,95.85
6329931100465627,2024-12-21T19:08:51.771Z,291.63
6657327299602346,2024-12-21T19:38:29.771Z,-161.01
5091360375658474,2024-12-21T21:06:50.771Z,41.42
6006325963724299,2024-12-21T22:15:51.771Z,-471.52
6329931100465627,2024-12-21T22:55:25.771Z,747.73
4024012623842318,2024-12-21T23:56:33.771Z,-899.21
4235973154283559,2024-12-22T00:08:13.771Z,601.65
3369832681865051,2024-12-22T01:54:42.771Z,-248.00
4210013133081688,2024-12-22T03:46:02.771Z,537.39
5091360375658474,2024-12-22T04:00:53.771Z,455.62
6018480886031697,2024-12-22T05:52:47.771Z,-172.83
5997179980717501,2024-12-22T07:06:07.771Z,-544.58
3171948530096903,2024-12-22T07:16:58.771Z,-420.16
6419514998974763,2024-12-22T07:47:09.771Z,-156.73
5609879353687978,2024-12-22T09:13:52.771Z,86.93
6218748060041639,2024-12-22T09:36:14.771Z,95.08
3820307659851859,2024-12-22T10:22:11.771Z,575.13
3589249568754350,2024-12-22T13:20:28.771Z,-768.95
6833412122497701,2024-12-22T13:27:59.771Z,-645.20
6575315976430295,2024-12-22T14:09:40.771Z,-0.85
3324679021275326,2024-12-22T16:35:25.759Z,13.88
3324679021275326,2024-12-22T16:35:25.759Z,13.88
3324679021275326,2024-12-22T16:35:25.759Z,13.88
5926759033070471,2024-12-22T17:22:21.771Z,890.72
5926759033070471,2024-12-22T18:26:51.771Z,1.09
5995696966070264,2024-12-22T19:25:55.771Z,-51.33
3219459079118226,2024-12-22T19:36:35.771Z,21.05
3618845513520900,2024-12-22T19:51:08.771Z,-56.14
3820307659851859,2024-12-22T22:48:28.771Z,630.47
3618845513520900,2024-12-22T23:33:27.771Z,421.48
6288853716425504,2024-12-23T00:03:07.771Z,428.34
5091360375658474,2024-12-23T02:53:52.771Z,-29.75
4726556059561949,2024-12-23T03:00:55.771Z,-607.57
3219459079118226,2024-12-23T04:16:25.771Z,-914.13
3171948530096903,2024-12-23T05:05:21.771Z,-42.27
3171948530096903,2024-12-23T07:19:07.771Z,299.23
6472592460352496,2024-12-23T08:38:04.771Z,692.26
3404349486560448,2024-12-23T08:40:33.771Z,-20.03
4024012623842318,2024-12-23T09:25:09.771Z,-880.14
6437219155436606,2024-12-23T09:59:38.771Z,-9.13
5997179980717501,2024-12-23T12:02:46.771Z,-568.14
5705851002586967,2024-12-23T13:31:44.771Z,338.65
3369832681865051,2024-12-23T14:38:37.771Z,868.41
3589249568754350,2024-12-23T15:44:38.771Z,443.06
3820307659851859,2024-12-23T18:14:32.771Z,-30.21
6218748060041639,2024-12-23T18:54:45.771Z,-7.98
5705851002586967,2024-12-23T20:32:39.771Z,-14.23
4210013133081688,2024-12-23T21:02:22.771Z,36.27
3820307659851859,2024-12-23T21:06:51.771Z,367.58
6833412122497701,2024-12-23T21:12:12.771Z,-271.22
6706534013288847,2024-12-23T21:29:08.771Z,147.53
5816050191711854,2024-12-23T22:25:55.771Z,893.92
6437219155436606,2024-12-23T22:49:49.771Z,-507.30
3339801217806434,2024-12-24T01:00:53.771Z,701.88
5091360375658474,2024-12-24T02:27:07.771Z,124.04
3690769043359511,2024-12-24T04:01:01.771Z,-206.75
3369832681865051,2024-12-24T08:56:27.771Z,-528.74
5609879353687978,2024-12-24T08:57:28.771Z,902.00
6288853716425504,2024-12-24T11:10:45.771Z,-136.92
3663297678172224,2024-12-24T12:33:26.771Z,782.20
6706534013288847,2024-12-24T12:51:39.771Z,95.73
3820307659851859,2024-12-24T12:52:11.771Z,943.36
3219459079118226,2024-12-24T14:15:53.771Z,-952.23
3171948530096903,2024-12-24T14:18:51.771Z,22.20
6361000177795595,2024-12-24T14:37:14.771Z,-462.18
6006325963724299,2024-12-24T14:51:45.771Z,760.99
3663297678172224,2024-12-24T15:05:35.771Z,945.65
5926759033070471,2024-12-24T15:16:55.771Z,-465.54
4024012623842318,2024-12-24T15:30:02.771Z,487.66
4932629994846233,2024-12-24T16:12:47.771Z,-106.21
6437219155436606,2024-12-24T16:47:59.771Z,-14.35
5705851002586967,2024-12-24T17:24:22.771Z,-443.58
5581253985313232,2024-12-24T17:36:31.771Z,-992.90
5581253985313232,2024-12-24T18:53:46.771Z,736.09
6437219155436606,2024-12-24T20:26:04.771Z,-801.89
5997179980717501,2024-12-24T21:04:17.771Z,-826.28
4024012623842318,2024-12-24T21:27:44.771Z,-854.70
3589249568754350,2024-12-24T23:10:30.771Z,-823.51
4932629994846233,2024-12-25T01:14:44.771Z,-52.60
6833412122497701,2024-12-25T01:37:06.771Z,81.59
5926759033070471,2024-12-25T02:02:13.771Z,-234.68
3219459079118226,2024-12-25T02:14:19.771Z,376.33
6006325963724299,2024-12-25T03:24:42.771Z,680.97
6218748060041639,2024-12-25T03:27:28.771Z,379.07
6833412122497701,2024-12-25T03:39:40.771Z,-407.32
6575315976430295,2024-12-25T05:08:29.771Z,-191.26
4235973154283559,2024-12-25T05:38:02.771Z,-794.22
6329931100465627,2024-12-25T05:56:12.771Z,-693.89
6564109388484184,2024-12-25T09:18:35.771Z,636.61
3690769043359511,2024-12-25T10:20:53.771Z,-730.18
3537349596978716,2024-12-25T12:00:41.771Z,750.22
3369832681865051,2024-12-25T12:54:44.771Z,610.16
3745155717279673,2024-12-25T13:19:02.771Z,-630.80
3745155717279673,2024-12-25T13:38:15.771Z,427.80
5092446914149764,2024-12-25T14:56:04.771Z,-995.25
3618845513520900,2024-12-25T14:57:17.771Z,-478.92
3618845513520900,2024-12-25T15:04:25.771Z,812.76
4234709814496996,2024-12-25T15:43:16.771Z,-579.24
4235973154283559,2024-12-25T17:45:31.771Z,-573.51
3690769043359511,2024-12-25T18:58:29.771Z,164.17
6288853716425504,2024-12-25T19:46:24.771Z,362.94
4024012623842318,2024-12-25T21:52:05.771Z,-934.16
3742992852195954,2024-12-25T23:37:17.771Z,-82.72
3742992852195954,2024-12-26T00:11:48.771Z,954.48
5995696966070264,2024-12-26T00:16:49.771Z,-128.15
6657327299602346,2024-12-26T03:34:15.771Z,-427.17
3745155717279673,2024-12-26T04:26:16.771Z,-890.94
3089689896090797,2024-12-26T05:02:01.771Z,318.34
5092446914149764,2024-12-26T05:16:26.771Z,361.61
3589249568754350,2024-12-26T05:37:38.771Z,-823.48
6472592460352496,2024-12-26T05:39:03.771Z,-6.18
3219459079118226,2024-12-26T05:49:35.771Z,-629.24
4726556059561949,2024-12-26T06:48:24.771Z,812.70
6288853716425504,2024-12-26T06:50:37.771Z,341.77
3171948530096903,2024-12-26T07:01:51.771Z,-185.62
6833412122497701,2024-12-26T07:06:21.771Z,668.82
5092446914149764,2024-12-26T07:09:15.771Z,637.87
6329931100465627,2024-12-26T09:35:45.771Z,256.20
4235973154283559,2024-12-26T09:58:51.771Z,915.32
6329931100465627,2024-12-26T10:39:29.771Z,-14.84
3369832681865051,2024-12-26T12:34:28.771Z,68.61
3618845513520900,2024-12-26T12:58:40.771Z,-630.14
3171948530096903,2024-12-26T13:01:31.771Z,884.66
6006325963724299,2024-12-26T13:17:51.771Z,-66.37
5091360375658474,2024-12-26T13:31:16.771Z,-927.06
5705851002586967,2024-12-26T15:47:23.771Z,889.73
5091360375658474,2024-12-26T16:11:42.771Z,11.36
6706534013288847,2024-12-26T16:50:02.771Z,-187.61
3219459079118226,2024-12-26T17:46:20.771Z,-25.45
6833412122497701,2024-12-26T18:23:23.771Z,427.19
3404349486560448,2024-12-26T19:16:30.771Z,-806.77
4210013133081688,2024-12-26T19:42:40.771Z,-156.33
6329931100465627,2024-12-26T20:11:48.771Z,527.03
6833412122497701,2024-12-26T23:30:05.771Z,217.90
6437219155436606,2024-12-27T00:58:53.771Z,884.88
5705851002586967,2024-12-27T02:07:13.771Z,-880.11
6437219155436606,2024-12-27T04:36:39.771Z,-234.05
3690769043359511,2024-12-27T05:18:40.771Z,262.50
5995696966070264,2024-12-27T05:33:35.771Z,471.37
5618401722389028,2024-12-27T06:03:33.771Z,493.12
5705851002586967,2024-12-27T06:21:04.771Z,106.17
6018480886031697,2024-12-27T07:00:00.771Z,17.62
5618401722389028,2024-12-27T08:46:05.771Z,510.28
6734576552114648,2024-12-27T08:49:10.771Z,-990.13
4378233413863490,2024-12-27T08:54:49.771Z,602.81
4235973154283559,2024-12-27T10:16:25.771Z,839.97
4726556059561949,2024-12-27T11:46:11.771Z,836.08
6472592460352496,2024-12-27T13:25:26.771Z,-701.60
3742992852195954,2024-12-27T14:51:19.771Z,148.17
4235973154283559,2024-12-27T15:11:14.771Z,332.59
5216484446506263,2024-12-27T15:29:45.771Z,-668.60
5926759033070471,2024-12-27T15:59:36.771Z,244.71
5816050191711854,2024-12-27T16:09:35.771Z,742.39
3339801217806434,2024-12-27T16:40:42.771Z,-101.59
3404349486560448,2024-12-27T17:42:40.771Z,574.52
6833412122497701,2024-12-27T18:07:58.771Z,-90.49
4210013133081688,2024-12-27T20:39:26.771Z,535.91
5581253985313232,2024-12-27T20:44:58.771Z,-193.56
5618401722389028,2024-12-27T21:10:51.771Z,-743.17
5216484446506263,2024-12-28T00:05:50.771Z,39.55
3537349596978716,2024-12-28T01:29:28.771Z,121.96
5816050191711854,2024-12-28T04:59:18.771Z,233.22
3369832681865051,2024-12-28T05:35:51.771Z,451.71
3589249568754350,2024-12-28T05:37:07.771Z,169.00
5816050191711854,2024-12-28T06:11:44.771Z,-991.16
5092446914149764,2024-12-28T06:40:55.771Z,-999.70
5092446914149764,2024-12-28T07:54:04.771Z,727.39
5092446914149764,2024-12-28T09:41:05.771Z,-631.49
6218748060041639,2024-12-28T10:29:59.771Z,497.12
3404349486560448,2024-12-28T10:48:37.771Z,18.36
5609879353687978,2024-12-28T12:11:35.771Z,-163.23
6472592460352496,2024-12-28T14:48:25.771Z,94.72
3745155717279673,2024-12-28T15:25:26.771Z,-418.97
4932629994846233,2024-12-28T15:29:39.771Z,-213.22
3404349486560448,2024-12-28T15:31:16.771Z,817.03
4024012623842318,2024-12-28T18:10:20.771Z,-479.82
4932629994846233,2024-12-28T18:59:25.771Z,73.75
5092446914149764,2024-12-28T19:02:05.771Z,989.98
6472592460352496,2024-12-28T19:52:48.771Z,-771.95
6218748060041639,2024-12-28T20:29:59.771Z,980.43
3219459079118226,2024-12-28T20:40:39.771Z,-226.66
6734576552114648,2024-12-28T20:53:56.771Z,301.02
6575315976430295,2024-12-28T21:12:54.771Z,589.81
6288853716425504,2024-12-28T22:31:10.771Z,919.16
6833412122497701,2024-12-28T22:56:17.771Z,606.34
6833412122497701,2024-12-28T23:11:10.771Z,-234.85
3578813208959317,2024-12-29T00:54:20.771Z,736.30
6833412122497701,2024-12-29T01:39:41.771Z,-485.93
3618845513520900,2024-12-29T02:23:40.771Z,-61.58
4932629994846233,2024-12-29T02:24:19.771Z,-689.74
6006325963724299,2024-12-29T02:29:03.771Z,-800.33
6472592460352496,2024-12-29T02:41:28.771Z,-605.57
3618845513520900,2024-12-29T03:23:40.771Z,-948.70
3171948530096903,2024-12-29T04:44:24.771Z,832.63
5618401722389028,2024-12-29T05:01:55.771Z,673.59
6564109388484184,2024-12-29T06:19:45.771Z,685.01
6218748060041639,2024-12-29T07:49:17.771Z,615.52
3537349596978716,2024-12-29T08:10:35.771Z,-139.49
5618401722389028,2024-12-29T11:13:40.771Z,753.06
3537349596978716,2024-12-29T11:40:46.771Z,-841.21
5995696966070264,2024-12-29T12:02:21.771Z,-197.08
3578813208959317,2024-12-29T12:32:13.771Z,-872.10
3820307659851859,2024-12-29T13:57:36.771Z,-253.54
3578813208959317,2024-12-29T14:02:47.771Z,590.37
4378233413863490,2024-12-29T14:03:36.771Z,-188.56
4234709814496996,2024-12-29T15:43:45.771Z,872.65
3663297678172224,2024-12-29T16:58:42.771Z,-447.42
5091360375658474,2024-12-29T17:14:08.771Z,-936.01
5216484446506263,2024-12-29T17:29:33.771Z,849.61
5618401722389028,2024-12-29T20:49:21.771Z,-7.34
3037393026661280,2024-12-29T21:07:15.771Z,781.79
3369832681865051,2024-12-29T22:48:56.771Z,882.39
3578813208959317,2024-12-29T23:09:44.771Z,449.61
3089689896090797,2024-12-29T23:52:15.771Z,-47.67
4234709814496996,2024-12-30T00:36:02.771Z,396.18
6734576552114648,2024-12-30T01:07:32.771Z,-949.95
3589249568754350,2024-12-30T01:11:43.771Z,601.64
3369832681865051,2024-12-30T02:34:30.771Z,-301.60
3663297678172224,2024-12-30T04:13:49.771Z,-332.88
5926759033070471,2024-12-30T05:32:00.771Z,58.05
3663297678172224,2024-12-30T06:26:05.771Z,-915.21
3742992852195954,2024-12-30T06:26:24.771Z,425.80
5092446914149764,2024-12-30T06:46:01.771Z,-987.50
4024012623842318,2024-12-30T06:48:51.771Z,-364.45
3578813208959317,2024-12-30T06:53:40.771Z,-517.15
5216484446506263,2024-12-30T07:03:31.771Z,-810.06
6006325963724299,2024-12-30T08:24:29.771Z,620.50
5618401722389028,2024-12-30T09:13:44.771Z,406.01
5091360375658474,2024-12-30T09:50:24.771Z,-570.10
3589249568754350,2024-12-30T10:28:36.771Z,281.79
6288853716425504,2024-12-30T10:44:22.771Z,238.67
6361000177795595,2024-12-30T11:48:54.771Z,992.53
5997179980717501,2024-12-30T12:31:13.771Z,-492.85
4726556059561949,2024-12-30T13:47:22.771Z,-941.10
5995696966070264,2024-12-30T14:03:00.771Z,-649.20
5581253985313232,2024-12-30T14:20:57.771Z,-877.00
4210013133081688,2024-12-30T14:48:35.771Z,-795.55
3589249568754350,2024-12-30T14:51:43.771Z,74.03
3089689896090797,2024-12-30T15:00:04.771Z,947.66
3618845513520900,2024-12-30T15:25:56.771Z,-561.26
3690769043359511,2024-12-30T15:53:17.771Z,-703.97
3404349486560448,2024-12-30T16:31:38.771Z,-644.61
6734576552114648,2024-12-30T16:58:59.771Z,555.02
3742992852195954,2024-12-30T17:59:59.771Z,-861.66
5705851002586967,2024-12-30T18:53:07.771Z,523.24
3404349486560448,2024-12-30T21:00:25.771Z,-620.28
3745155717279673,2024-12-30T21:09:09.771Z,393.37
5705851002586967,2024-12-30T22:41:37.771Z,798.57
6218748060041639,2024-12-30T22:53:57.771Z,-184.46
3404349486560448,2024-12-30T23:48:50.771Z,-783.54
5092446914149764,2024-12-30T23:52:51.771Z,-882.86
6564109388484184,2024-12-31T00:37:34.771Z,375.12
6419514998974763,2024-12-31T01:52:15.771Z,-877.35
5581253985313232,2024-12-31T01:59:05.771Z,413.72
4378233413863490,2024-12-31T02:00:23.771Z,49.74
5926759033070471,2024-12-31T04:12:41.771Z,776.12
3404349486560448,2024-12-31T05:27:06.771Z,854.25
6218748060041639,2024-12-31T06:19:30.771Z,439.73
3537349596978716,2024-12-31T06:29:56.771Z,819.39
3328090600295181,2024-12-31T07:59:29.771Z,722.42
4024012623842318,2024-12-31T08:09:39.771Z,757.05
5092446914149764,2024-12-31T08:41:17.771Z,-398.15
3171948530096903,2024-12-31T10:27:58.771Z,-896.26
4932629994846233,2024-12-31T12:31:19.771Z,88.73
4210013133081688,2024-12-31T12:31:39.771Z,447.36
6575315976430295,2024-12-31T12:52:58.771Z,-630.83
5618401722389028,2024-12-31T15:22:43.771Z,48.70
6329931100465627,2024-12-31T15:38:06.771Z,808.00
3537349596978716,2024-12-31T16:14:33.771Z,834.88
3589249568754350,2024-12-31T20:17:27.771Z,-717.30
5997179980717501,2024-12-31T20:48:16.771Z,880.56
5816050191711854,2024-12-31T23:18:16.771Z,368.32
3745155717279673,2024-12-31T23:55:58.771Z,985.43
5609879353687978,2025-01-01T03:39:16.771Z,392.92
371111111111234,2025-01-01T04:30:00.000Z,123.45
6018480886031697,2025-01-01T04:59:09.771Z,890.30
5581253985313232,2025-01-01T06:32:41.771Z,23.79
6472592460352496,2025-01-01T08:39:50.771Z,252.96
6472592460352496,2025-01-01T08:52:28.771Z,-454.56
3369832681865051,2025-01-01T09:30:38.771Z,526.91
6288853716425504,2025-01-01T09:59:10.771Z,-84.80
4234709814496996,2025-01-01T10:23:34.771Z,-3.65
3820307659851859,2025-01-01T10:29:06.771Z,-920.71
3663297678172224,2025-01-01T10:36:53.771Z,-572.15
3219459079118226,2025-01-01T10:45:12.771Z,-946.22
6575315976430295,2025-01-01T11:11:33.771Z,193.05
5816050191711854,2025-01-01T11:51:44.771Z,550.97
3690769043359511,2025-01-01T12:05:16.771Z,-635.67
6833412122497701,2025-01-01T13:50:38.771Z,-541.71
5091360375658474,2025-01-01T15:00:51.771Z,-304.32
3339801217806434,2025-01-01T16:10:03.771Z,-792.63
5216484446506263,2025-01-01T16:51:01.771Z,-201.94
5997179980717501,2025-01-01T17:28:02.771Z,-595.55
6361000177795595,2025-01-01T17:34:48.771Z,-673.69
3578813208959317,2025-01-01T17:41:57.771Z,556.13
3745155717279673,2025-01-01T17:57:59.771Z,-889.91
4378233413863490,2025-01-01T20:13:45.771Z,-481.72
6018480886031697,2025-01-01T20:17:53.771Z,460.81
3589249568754350,2025-01-01T22:04:08.771Z,-955.35
4235973154283559,2025-01-01T22:49:35.771Z,-797.41
5816050191711854,2025-01-01T23:03:50.771Z,894.52
4235973154283559,2025-01-01T23:23:22.771Z,461.97
3745155717279673,2025-01-01T23:53:56.771Z,417.31
5091360375658474,2025-01-02T00:38:18.771Z,964.92
4024012623842318,2025-01-02T01:28:00.771Z,-125.05
4726556059561949,2025-01-02T04:32:05.771Z,-597.91
4024012623842318,2025-01-02T04:41:53.771Z,670.99
5995696966070264,2025-01-02T05:24:22.771Z,-828.64
3745155717279673,2025-01-02T07:13:02.771Z,298.71
5092446914149764,2025-01-02T07:34:39.771Z,-790.78
6218748060041639,2025-01-02T07:38:20.771Z,541.11
3328090600295181,2025-01-02T07:50:18.771Z,-136.99
3369832681865051,2025-01-02T08:21:02.771Z,444.03
4210013133081688,2025-01-02T11:45:13.771Z,973.64
5995696966070264,2025-01-02T12:17:36.771Z,29.04
3537349596978716,2025-01-02T13:08:19.771Z,897.78
6472592460352496,2025-01-02T13:19:01.771Z,-833.39
3820307659851859,2025-01-02T13:19:11.771Z,757.35
3820307659851859,2025-01-02T16:06:36.771Z,-20.30
3171948530096903,2025-01-02T17:30:17.771Z,-16.45
6218748060041639,2025-01-02T18:11:30.771Z,226.54
3404349486560448,2025-01-02T18:33:24.771Z,-404.96
3171948530096903,2025-01-02T18:52:39.771Z,968.52
4378233413863490,2025-01-02T19:09:25.771Z,-9.44
3537349596978716,2025-01-02T22:04:35.771Z,-870.42
4210013133081688,2025-01-02T22:41:02.771Z,-551.90
5997179980717501,2025-01-02T23:33:47.771Z,-415.28
5091360375658474,2025-01-03T00:12:26.771Z,-872.49
6218748060041639,2025-01-03T00:14:17.771Z,-36.96
6734576552114648,2025-01-03T01:06:28.771Z,-406.48
3742992852195954,2025-01-03T02:17:35.771Z,-280.05
4378233413863490,2025-01-03T04:59:02.771Z,821.24
6288853716425504,2025-01-03T05:18:05.771Z,470.72
6657327299602346,2025-01-03T07:50:47.771Z,-626.30
6006325963724299,2025-01-03T07:53:56.771Z,-31.83
5997179980717501,2025-01-03T08:13:57.771Z,-121.75
6018480886031697,2025-01-03T08:37:46.771Z,-564.98
3820307659851859,2025-01-03T08:38:10.771Z,943.52
6706534013288847,2025-01-03T09:21:17.771Z,-535.34
3742992852195954,2025-01-03T10:08:03.771Z,-147.79
3089689896090797,2025-01-03T10:22:00.771Z,-343.20
3690769043359511,2025-01-03T11:32:11.771Z,236.27
6018480886031697,2025-01-03T14:29:59.771Z,-357.72
6657327299602346,2025-01-03T14:38:47.771Z,-748.79
4932629994846233,2025-01-03T15:29:24.771Z,107.90
6833412122497701,2025-01-03T16:26:54.771Z,897.38
6833412122497701,2025-01-03T16:33:16.771Z,929.24
4726556059561949,2025-01-03T16:41:41.771Z,765.90
3690769043359511,2025-01-03T17:27:47.771Z,-493.70
4932629994846233,2025-01-03T19:36:09.771Z,100.53
3589249568754350,2025-01-03T21:49:46.771Z,-817.09
6657327299602346,2025-01-03T22:10:16.771Z,186.90
6006325963724299,2025-01-04T00:11:06.771Z,220.83
3537349596978716,2025-01-04T00:17:04.771Z,411.12
3618845513520900,2025-01-04T01:00:16.771Z,-800.24
3618845513520900,2025-01-04T01:34:47.771Z,875.71
6218748060041639,2025-01-04T02:08:50.771Z,-88.57
4234709814496996,2025-01-04T02:45:04.771Z,652.17
6472592460352496,2025-01-04T04:10:44.771Z,-470.47
3690769043359511,2025-01-04T05:46:22.771Z,389.66
5997179980717501,2025-01-04T06:44:21.771Z,17.52
3537349596978716,2025-01-04T07:10:59.771Z,-823.50
6437219155436606,2025-01-04T07:53:26.771Z,86.87
6734576552114648,2025-01-04T08:19:12.771Z,-280.24
3171948530096903,2025-01-04T10:03:48.771Z,-770.16
3690769043359511,2025-01-04T10:14:58.771Z,185.13
5705851002586967,2025-01-04T12:29:42.771Z,-589.17
3578813208959317,2025-01-04T12:56:22.771Z,193.02
6218748060041639,2025-01-04T13:31:05.771Z,214.96
3663297678172224,2025-01-04T14:33:01.771Z,-189.70
6833412122497701,2025-01-04T14:58:51.771Z,-398.64
5618401722389028,2025-01-04T16:42:38.771Z,328.04
5091360375658474,2025-01-04T17:00:52.771Z,-400.73
6419514998974763,2025-01-04T20:38:51.771Z,554.79
6288853716425504,2025-01-04T21:42:04.771Z,-568.01
4932629994846233,2025-01-04T21:59:47.771Z,-49.95
4235973154283559,2025-01-05T00:12:49.771Z,-426.49
3369832681865051,2025-01-05T00:31:54.771Z,574.33
6018480886031697,2025-01-05T01:09:04.771Z,341.26
4726556059561949,2025-01-05T01:33:57.771Z,-503.65
3171948530096903,2025-01-05T02:23:36.771Z,-500.87
3219459079118226,2025-01-05T02:41:23.771Z,-231.43
6329931100465627,2025-01-05T02:43:35.771Z,-475.82
5816050191711854,2025-01-05T03:11:28.771Z,-242.11
6833412122497701,2025-01-05T03:25:46.771Z,-287.84
3219459079118226,2025-01-05T05:24:10.771Z,-794.24
3339801217806434,2025-01-05T06:07:17.771Z,407.84
6657327299602346,2025-01-05T07:54:01.771Z,-948.76
3578813208959317,2025-01-05T09:13:05.771Z,27.26
6564109388484184,2025-01-05T09:53:00.771Z,602.22
5995696966070264,2025-01-05T10:06:26.771Z,95.97
6575315976430295,2025-01-05T10:08:31.771Z,-303.41
5618401722389028,2025-01-05T10:54:01.771Z,495.47
6018480886031697,2025-01-05T11:10:30.771Z,123.43
6706534013288847,2025-01-05T14:04:18.771Z,-381.80
3369832681865051,2025-01-05T14:50:03.771Z,451.80
6734576552114648,2025-01-05T17:41:43.771Z,-459.32
6564109388484184,2025-01-05T18:19:54.771Z,36.49
4024012623842318,2025-01-05T19:30:03.771Z,559.58
5705851002586967,2025-01-05T19:51:16.771Z,-519.65
3339801217806434,2025-01-05T20:14:28.771Z,-641.15
5705851002586967,2025-01-05T21:28:55.771Z,-451.48
3742992852195954,2025-01-05T23:16:37.771Z,216.18
3690769043359511,2025-01-05T23:45:30.771Z,855.64
3089689896090797,2025-01-06T01:12:39.771Z,673.05
4024012623842318,2025-01-06T01:52:20.771Z,-126.94
5581253985313232,2025-01-06T03:12:15.771Z,401.61
6575315976430295,2025-01-06T04:24:34.771Z,873.05
6833412122497701,2025-01-06T04:35:02.771Z,324.67
6575315976430295,2025-01-06T05:50:36.771Z,-459.62
3663297678172224,2025-01-06T06:03:29.771Z,-875.53
5705851002586967,2025-01-06T06:21:59.771Z,876.37
4235973154283559,2025-01-06T07:11:50.771Z,364.10
3820307659851859,2025-01-06T07:15:06.771Z,-324.47
5092446914149764,2025-01-06T07:43:41.771Z,-205.52
4210013133081688,2025-01-06T08:00:19.771Z,-550.77
6833412122497701,2025-01-06T08:16:35.771Z,423.28
6361000177795595,2025-01-06T08:48:05.771Z,-757.62
4726556059561949,2025-01-06T08:50:52.771Z,763.09
4210013133081688,2025-01-06T11:46:18.771Z,358.36
5995696966070264,2025-01-06T12:49:52.771Z,552.92
3369832681865051,2025-01-06T13:03:35.771Z,403.85
5092446914149764,2025-01-06T13:07:04.771Z,389.54
6419514998974763,2025-01-06T14:25:25.771Z,536.20
3745155717279673,2025-01-06T14:51:42.771Z,666.20
3663297678172224,2025-01-06T17:59:45.771Z,342.05
5581253985313232,2025-01-06T18:49:38.771Z,737.60
3618845513520900,2025-01-06T20:25:47.771Z,-855.79
6564109388484184,2025-01-06T20:52:12.771Z,-59.21
5092446914149764,2025-01-06T21:17:00.771Z,4.59
5581253985313232,2025-01-07T01:40:44.771Z,460.19
3618845513520900,2025-01-07T01:50:00.771Z,-872.48
6018480886031697,2025-01-07T04:46:20.771Z,308.93
3171948530096903,2025-01-07T05:29:07.771Z,-915.12
3589249568754350,2025-01-07T06:18:39.771Z,51.55
3089689896090797,2025-01-07T06:55:02.771Z,696.36
3663297678172224,2025-01-07T07:12:09.771Z,-901.33
4932629994846233,2025-01-07T07:19:46.771Z,418.77
5581253985313232,2025-01-07T12:02:23.771Z,-223.99
3690769043359511,2025-01-07T13:03:36.771Z,538.39
4932629994846233,2025-01-07T13:37:35.771Z,-426.22
5581253985313232,2025-01-07T14:43:34.771Z,-563.81
6472592460352496,2025-01-07T15:10:46.771Z,-798.61
3339801217806434,2025-01-07T15:30:04.771Z,831.42
5705851002586967,2025-01-07T16:01:42.771Z,-37.57
3037393026661280,2025-01-07T16:28:26.771Z,-573.30
6419514998974763,2025-01-07T17:33:56.771Z,386.02
4024012623842318,2025-01-07T19:43:29.771Z,829.68
6564109388484184,2025-01-07T20:01:30.771Z,201.32
3663297678172224,2025-01-07T21:59:41.771Z,771.07
3404349486560448,2025-01-07T22:26:12.771Z,265.65
6575315976430295,2025-01-07T23:04:37.771Z,-442.30
5705851002586967,2025-01-08T00:58:34.771Z,-45.37
3618845513520900,2025-01-08T01:35:51.771Z,698.75
3578813208959317,2025-01-08T01:50:00.771Z,606.86
3589249568754350,2025-01-08T02:08:11.771Z,523.24
5581253985313232,2025-01-08T02:13:06.771Z,103.08
3324679021275326,2025-01-08T02:29:55.759Z,532.12
3324679021275326,2025-01-08T02:29:55.759Z,532.12
3324679021275326,2025-01-08T02:29:55.759Z,532.12
6329931100465627,2025-01-08T03:51:10.771Z,-794.89
3339801217806434,2025-01-08T08:13:15.771Z,-459.85
3171948530096903,2025-01-08T08:55:12.771Z,270.80
3339801217806434,2025-01-08T09:29:14.771Z,-647.88
4234709814496996,2025-01-08T11:15:51.771Z,790.30
5216484446506263,2025-01-08T11:34:45.771Z,-413.64
6706534013288847,2025-01-08T11:45:55.771Z,-669.92
6564109388484184,2025-01-08T12:50:04.771Z,376.68
6833412122497701,2025-01-08T12:56:39.771Z,33.50
6657327299602346,2025-01-08T14:09:31.771Z,209.75
5216484446506263,2025-01-08T16:48:57.771Z,-230.03
3820307659851859,2025-01-08T16:49:04.771Z,380.37
6575315976430295,2025-01-08T17:18:23.771Z,-342.07
6361000177795595,2025-01-08T17:50:04.771Z,-344.49
4210013133081688,2025-01-08T18:18:50.771Z,551.84
3089689896090797,2025-01-08T18:52:32.771Z,371.37
5816050191711854,2025-01-08T19:08:08.771Z,-392.44
6833412122497701,2025-01-08T20:08:22.771Z,501.16
3404349486560448,2025-01-08T20:28:15.771Z,-477.20
6288853716425504,2025-01-08T20:51:38.771Z,-236.16
6006325963724299,2025-01-08T21:23:49.771Z,-87.26
5816050191711854,2025-01-08T21:24:32.771Z,21.65
3745155717279673,2025-01-08T22:20:42.771Z,743.82
4378233413863490,2025-01-08T22:44:02.771Z,-265.98
6472592460352496,2025-01-09T00:45:05.771Z,705.72
6419514998974763,2025-01-09T02:50:16.771Z,324.79
3618845513520900,2025-01-09T03:07:35.771Z,-196.14
6734576552114648,2025-01-09T03:28:00.771Z,241.96
3328090600295181,2025-01-09T03:57:30.771Z,-380.75
4378233413863490,2025-01-09T04:38:51.771Z,434.45
5609879353687978,2025-01-09T05:03:21.771Z,658.80
6361000177795595,2025-01-09T07:03:04.771Z,56.63
4024012623842318,2025-01-09T07:07:31.771Z,-70.39
3369832681865051,2025-01-09T08:16:47.771Z,358.96
5705851002586967,2025-01-09T08:22:14.771Z,649.99
6288853716425504,2025-01-09T09:39:07.771Z,73.78
3690769043359511,2025-01-09T10:00:13.771Z,-112.41
3171948530096903,2025-01-09T10:08:42.771Z,-694.14
6329931100465627,2025-01-09T10:59:22.771Z,31.30
3745155717279673,2025-01-09T11:03:52.771Z,-54.54
6018480886031697,2025-01-09T11:37:03.771Z,-7.71
3589249568754350,2025-01-09T12:08:58.771Z,-362.29
6006325963724299,2025-01-09T12:44:21.771Z,-899.47
3618845513520900,2025-01-09T12:52:15.771Z,734.20
5926759033070471,2025-01-09T13:58:09.771Z,88.34
5216484446506263,2025-01-09T14:09:26.771Z,-357.33
3745155717279673,2025-01-09T14:22:47.771Z,33.91
5926759033070471,2025-01-09T14:45:11.771Z,869.26
3820307659851859,2025-01-09T14:55:20.771Z,162.97
6361000177795595,2025-01-09T15:27:40.771Z,-623.24
5997179980717501,2025-01-09T19:42:59.771Z,429.14
6657327299602346,2025-01-09T20:40:33.771Z,593.16
3663297678172224,2025-01-09T21:39:24.771Z,-866.59
4234709814496996,2025-01-09T21:52:10.771Z,16.44
4210013133081688,2025-01-10T00:56:32.771Z,700.71
4210013133081688,2025-01-10T01:18:02.771Z,621.66
6706534013288847,2025-01-10T01:21:50.771Z,-822.09
6288853716425504,2025-01-10T02:24:08.771Z,-976.25
4024012623842318,2025-01-10T03:07:01.771Z,-733.85
6218748060041639,2025-01-10T04:21:56.771Z,-244.18
6419514998974763,2025-01-10T04:56:47.771Z,-90.13
5216484446506263,2025-01-10T05:35:37.771Z,-511.47
6361000177795595,2025-01-10T06:52:49.771Z,-617.42
3589249568754350,2025-01-10T07:04:14.771Z,681.44
5216484446506263,2025-01-10T08:19:14.771Z,-577.29
3578813208959317,2025-01-10T09:15:02.771Z,-214.51
6437219155436606,2025-01-10T09:25:19.771Z,-114.40
3745155717279673,2025-01-10T10:21:16.771Z,459.95
6006325963724299,2025-01-10T10:22:08.771Z,-454.29
3328090600295181,2025-01-10T13:34:44.771Z,798.13
6706534013288847,2025-01-10T14:47:05.771Z,-932.22
6329931100465627,2025-01-10T15:00:46.771Z,180.80
3037393026661280,2025-01-10T15:27:28.771Z,-380.78
6288853716425504,2025-01-10T16:30:45.771Z,806.99
4024012623842318,2025-01-10T17:06:21.771Z,278.17
6833412122497701,2025-01-10T18:29:59.771Z,-275.09
3404349486560448,2025-01-10T20:13:27.771Z,-647.67
4234709814496996,2025-01-10T23:24:59.771Z,-58.63
6419514998974763,2025-01-10T23:25:13.771Z,439.21
6437219155436606,2025-01-11T00:10:16.771Z,-714.52
6419514998974763,2025-01-11T01:16:16.771Z,-116.19
3369832681865051,2025-01-11T01:29:03.771Z,708.38
6288853716425504,2025-01-11T03:33:42.771Z,494.53
3369832681865051,2025-01-11T03:53:32.771Z,-330.18
3328090600295181,2025-01-11T04:57:26.771Z,-409.69
3578813208959317,2025-01-11T04:59:46.771Z,-952.79
6657327299602346,2025-01-11T05:38:21.771Z,599.79
5618401722389028,2025-01-11T06:17:29.771Z,824.62
3820307659851859,2025-01-11T06:55:56.771Z,-891.83
5705851002586967,2025-01-11T08:55:15.771Z,213.97
3745155717279673,2025-01-11T09:05:17.771Z,-730.69
4235973154283559,2025-01-11T09:21:04.771Z,-314.33
4726556059561949,2025-01-11T09:56:45.771Z,279.77
5816050191711854,2025-01-11T10:26:55.771Z,-659.32
3690769043359511,2025-01-11T10:48:52.771Z,724.80
6833412122497701,2025-01-11T11:15:16.771Z,376.63
3690769043359511,2025-01-11T12:25:16.771Z,-298.64
5995696966070264,2025-01-11T13:01:55.771Z,-332.06
3742992852195954,2025-01-11T13:25:30.771Z,-659.44
6564109388484184,2025-01-11T14:25:52.771Z,-148.45
6329931100465627,2025-01-11T15:13:39.771Z,-76.47
5216484446506263,2025-01-11T15:27:43.771Z,-828.92
6288853716425504,2025-01-11T17:23:16.771Z,-620.00
3745155717279673,2025-01-11T17:27:46.771Z,-358.67
6564109388484184,2025-01-11T17:40:36.771Z,300.67
4235973154283559,2025-01-11T18:48:22.771Z,676.23
5092446914149764,2025-01-11T19:26:32.771Z,127.94
4235973154283559,2025-01-11T20:46:49.771Z,-96.68
3404349486560448,2025-01-11T21:06:14.771Z,203.66
3618845513520900,2025-01-11T21:17:58.771Z,202.30
3089689896090797,2025-01-11T21:27:00.771Z,-486.73
3820307659851859,2025-01-11T21:29:29.771Z,884.80
6437219155436606,2025-01-11T21:53:17.771Z,579.56
3404349486560448,2025-01-12T00:04:42.771Z,-952.40
5618401722389028,2025-01-12T00:17:07.771Z,152.72
4726556059561949,2025-01-12T00:23:01.771Z,836.55
3745155717279673,2025-01-12T01:39:29.771Z,313.82
6657327299602346,2025-01-12T01:53:21.771Z,143.97
3745155717279673,2025-01-12T02:58:34.771Z,-660.15
6437219155436606,2025-01-12T07:23:31.771Z,79.47
3404349486560448,2025-01-12T07:37:22.771Z,70.51
3537349596978716,2025-01-12T09:04:23.771Z,734.95
3820307659851859,2025-01-12T10:04:50.771Z,-321.82
5091360375658474,2025-01-12T12:12:34.771Z,-643.05
5216484446506263,2025-01-12T12:58:04.771Z,-334.59
4726556059561949,2025-01-12T13:26:00.771Z,193.43
6706534013288847,2025-01-12T13:57:16.771Z,-95.94
5705851002586967,2025-01-12T14:58:40.771Z,358.41
3745155717279673,2025-01-12T15:44:45.771Z,540.73
5609879353687978,2025-01-12T18:01:32.771Z,-229.01
6218748060041639,2025-01-12T18:19:31.771Z,-196.23
6419514998974763,2025-01-12T18:32:57.771Z,609.81
6329931100465627,2025-01-12T20:14:51.771Z,-408.00
5216484446506263,2025-01-12T20:50:53.771Z,-237.47
5816050191711854,2025-01-12T21:13:19.771Z,-328.34
6419514998974763,2025-01-12T21:50:08.771Z,-24.15
5926759033070471,2025-01-12T22:19:48.771Z,369.07
6437219155436606,2025-01-12T22:22:58.771Z,-16.99
3820307659851859,2025-01-12T22:45:04.771Z,-675.45
4235973154283559,2025-01-12T22:51:33.771Z,-717.45
3745155717279673,2025-01-12T22:57:54.771Z,-564.80
3589249568754350,2025-01-12T23:50:52.771Z,864.30
6218748060041639,2025-01-13T00:37:37.771Z,93.24
5091360375658474,2025-01-13T01:30:41.771Z,275.49
6288853716425504,2025-01-13T01:48:11.771Z,288.38
3742992852195954,2025-01-13T02:18:22.771Z,-694.78
4024012623842318,2025-01-13T02:33:25.771Z,-479.65
3663297678172224,2025-01-13T03:20:56.771Z,-616.70
3171948530096903,2025-01-13T04:56:57.771Z,33.06
5926759033070471,2025-01-13T05:05:36.771Z,31.77
3171948530096903,2025-01-13T06:20:02.771Z,-192.22
6472592460352496,2025-01-13T06:57:22.771Z,220.80
5705851002586967,2025-01-13T09:37:18.771Z,-361.21
3578813208959317,2025-01-13T11:12:06.771Z,-115.48
6288853716425504,2025-01-13T14:49:35.771Z,757.06
6018480886031697,2025-01-13T14:54:03.771Z,-547.47
3328090600295181,2025-01-13T15:08:44.771Z,-484.33
3618845513520900,2025-01-13T15:53:08.771Z,810.28
3037393026661280,2025-01-13T16:25:00.771Z,298.96
5816050191711854,2025-01-13T16:29:26.771Z,-577.14
6564109388484184,2025-01-13T17:34:32.771Z,190.58
5581253985313232,2025-01-13T18:02:46.771Z,-627.51
5816050191711854,2025-01-13T19:53:00.771Z,60.60
6657327299602346,2025-01-13T20:01:58.771Z,-513.15
4024012623842318,2025-01-13T20:30:25.771Z,788.34
3820307659851859,2025-01-13T20:45:36.771Z,-18.62
6564109388484184,2025-01-13T21:13:57.771Z,-461.62
6564109388484184,2025-01-13T22:49:57.771Z,-883.59
5091360375658474,2025-01-14T00:55:44.771Z,248.54
3171948530096903,2025-01-14T01:28:55.771Z,147.41
4932629994846233,2025-01-14T03:26:20.771Z,-179.61
3171948530096903,2025-01-14T05:20:48.771Z,-945.40
3037393026661280,2025-01-14T05:33:49.771Z,-339.85
5581253985313232,2025-01-14T05:54:42.771Z,347.10
5816050191711854,2025-01-14T05:54:48.771Z,-112.44
6288853716425504,2025-01-14T05:54:58.771Z,-977.94
6575315976430295,2025-01-14T06:42:55.771Z,-374.62
4234709814496996,2025-01-14T06:47:45.771Z,-446.85
5091360375658474,2025-01-14T10:16:49.771Z,-510.03
3690769043359511,2025-01-14T12:14:10.771Z,-447.53
5609879353687978,2025-01-14T12:30:13.771Z,-392.44
3328090600295181,2025-01-14T13:32:00.771Z,846.58
3219459079118226,2025-01-14T14:41:39.771Z,351.43
3589249568754350,2025-01-14T15:32:16.771Z,-475.28
6437219155436606,2025-01-14T16:26:46.771Z,264.08
6575315976430295,2025-01-14T17:02:44.771Z,346.80
3745155717279673,2025-01-14T17:22:38.771Z,-420.58
5091360375658474,2025-01-14T17:50:09.771Z,138.78
6288853716425504,2025-01-14T17:53:06.771Z,-787.71
6018480886031697,2025-01-14T21:20:38.771Z,-712.65
6575315976430295,2025-01-14T22:58:00.771Z,4.48
3324679021275326,2025-01-15T00:43:43.759Z,-275.01
3324679021275326,2025-01-15T00:43:43.759Z,-275.01
3324679021275326,2025-01-15T00:43:43.759Z,-275.01
3820307659851859,2025-01-15T00:59:41.771Z,-911.92
5216484446506263,2025-01-15T02:37:46.771Z,-653.21
3690769043359511,2025-01-15T03:47:22.771Z,567.18
3820307659851859,2025-01-15T04:48:16.771Z,921.03
3618845513520900,2025-01-15T05:18:30.771Z,990.56
3742992852195954,2025-01-15T05:30:24.771Z,-430.50
3089689896090797,2025-01-15T05:56:14.771Z,261.36
3745155717279673,2025-01-15T09:56:52.771Z,284.81
3537349596978716,2025-01-15T10:03:17.771Z,-490.63
5816050191711854,2025-01-15T16:34:32.771Z,-96.25
4726556059561949,2025-01-15T17:01:07.771Z,602.26
3618845513520900,2025-01-15T18:58:57.771Z,594.64
5997179980717501,2025-01-15T19:00:14.771Z,-929.81
4210013133081688,2025-01-15T19:02:10.771Z,-230.55
3537349596978716,2025-01-15T19:20:20.771Z,-516.02
3589249568754350,2025-01-15T22:17:41.771Z,-218.22
6564109388484184,2025-01-15T22:48:12.771Z,-478.56
3219459079118226,2025-01-15T22:59:22.771Z,-918.57
3037393026661280,2025-01-15T23:35:14.771Z,855.61
6734576552114648,2025-01-16T00:04:30.771Z,862.71
6218748060041639,2025-01-16T01:01:25.771Z,946.21
5216484446506263,2025-01-16T01:42:08.771Z,914.58
4210013133081688,2025-01-16T01:46:24.771Z,959.72
3618845513520900,2025-01-16T04:49:14.771Z,498.69
3690769043359511,2025-01-16T05:25:50.771Z,-82.34
3369832681865051,2025-01-16T07:22:19.771Z,-551.17
4234709814496996,2025-01-16T07:29:54.771Z,956.91
3742992852195954,2025-01-16T09:18:42.771Z,-275.05
3690769043359511,2025-01-16T11:00:12.771Z,408.81
5926759033070471,2025-01-16T11:02:51.771Z,50.73
6657327299602346,2025-01-16T11:55:46.771Z,-479.89
5091360375658474,2025-01-16T11:58:10.771Z,-315.81
6288853716425504,2025-01-16T12:10:47.771Z,-366.45
5997179980717501,2025-01-16T12:32:16.771Z,-975.42
5091360375658474,2025-01-16T14:03:06.771Z,-748.99
3328090600295181,2025-01-16T14:14:08.771Z,267.75
3037393026661280,2025-01-16T14:34:50.771Z,902.64
3219459079118226,2025-01-16T15:37:39.771Z,759.85
6018480886031697,2025-01-16T15:49:29.771Z,-823.91
6018480886031697,2025-01-16T16:53:28.771Z,371.06
3537349596978716,2025-01-16T17:22:14.771Z,264.90
3745155717279673,2025-01-16T17:34:25.771Z,-399.33
3404349486560448,2025-01-16T20:02:05.771Z,-371.78
6329931100465627,2025-01-16T20:23:43.771Z,-56.22
6657327299602346,2025-01-16T21:19:36.771Z,-488.32
6288853716425504,2025-01-17T00:10:01.771Z,-733.45
6734576552114648,2025-01-17T00:49:34.771Z,208.21
3663297678172224,2025-01-17T01:07:56.771Z,-605.55
5581253985313232,2025-01-17T01:27:46.771Z,134.88
6006325963724299,2025-01-17T01:56:23.771Z,-439.00
5816050191711854,2025-01-17T01:59:49.771Z,-123.81
6288853716425504,2025-01-17T04:16:14.771Z,34.66
3820307659851859,2025-01-17T04:25:24.771Z,-250.80
6361000177795595,2025-01-17T05:05:07.771Z,790.04
3171948530096903,2025-01-17T05:41:53.771Z,903.65
3089689896090797,2025-01-17T06:31:41.771Z,-208.31
5092446914149764,2025-01-17T07:18:20.771Z,-655.48
3219459079118226,2025-01-17T09:12:42.771Z,491.87
6564109388484184,2025-01-17T09:41:39.771Z,689.23
3037393026661280,2025-01-17T09:43:45.771Z,922.74
3663297678172224,2025-01-17T17:44:17.771Z,673.02
5091360375658474,2025-01-17T18:20:11.771Z,160.91
4932629994846233,2025-01-17T20:42:38.771Z,-783.07
6833412122497701,2025-01-17T22:54:45.771Z,-616.94
5091360375658474,2025-01-17T23:01:42.771Z,-314.87
4726556059561949,2025-01-17T23:46:40.771Z,236.06
3219459079118226,2025-01-18T00:01:24.771Z,-323.07
4024012623842318,2025-01-18T00:11:02.771Z,-99.23
6006325963724299,2025-01-18T02:14:23.771Z,554.79
4235973154283559,2025-01-18T04:19:30.771Z,-217.94
5581253985313232,2025-01-18T04:23:31.771Z,-551.14
4726556059561949,2025-01-18T05:16:06.771Z,-280.66
3404349486560448,2025-01-18T06:47:38.771Z,-713.29
5091360375658474,2025-01-18T07:44:07.771Z,727.29
5816050191711854,2025-01-18T08:50:56.771Z,511.85
5216484446506263,2025-01-18T09:04:40.771Z,57.11
6564109388484184,2025-01-18T09:11:03.771Z,-65.07
6288853716425504,2025-01-18T09:33:10.771Z,-988.96
4726556059561949,2025-01-18T12:06:24.771Z,55.39
5581253985313232,2025-01-18T12:25:36.771Z,130.99
3618845513520900,2025-01-18T12:44:02.771Z,278.86
5926759033070471,2025-01-18T14:22:48.771Z,96.14
5618401722389028,2025-01-18T16:52:14.771Z,877.32
5581253985313232,2025-01-18T17:16:31.771Z,5.43
6006325963724299,2025-01-18T17:51:13.771Z,185.74
3037393026661280,2025-01-18T18:12:44.771Z,778.43
6018480886031697,2025-01-18T18:56:41.771Z,-475.17
6288853716425504,2025-01-18T19:50:08.771Z,119.09
6218748060041639,2025-01-18T19:53:14.771Z,873.40
5995696966070264,2025-01-18T20:06:41.771Z,-561.68
5926759033070471,2025-01-18T21:41:39.771Z,-681.16
4235973154283559,2025-01-18T21:44:20.771Z,-825.35
3404349486560448,2025-01-18T22:16:10.771Z,422.69
4234709814496996,2025-01-18T22:38:37.771Z,-501.19
3037393026661280,2025-01-19T00:29:49.771Z,-501.14
6657327299602346,2025-01-19T00:40:15.771Z,-846.29
3745155717279673,2025-01-19T00:57:21.771Z,-642.57
3037393026661280,2025-01-19T01:32:30.771Z,3.72
6657327299602346,2025-01-19T05:43:37.771Z,106.46
3089689896090797,2025-01-19T06:45:05.771Z,-45.84
6437219155436606,2025-01-19T07:00:12.771Z,-823.53
6472592460352496,2025-01-19T07:08:00.771Z,-163.23
4234709814496996,2025-01-19T07:08:53.771Z,172.96
3663297678172224,2025-01-19T08:44:00.771Z,925.26
5705851002586967,2025-01-19T08:47:10.771Z,142.28
6833412122497701,2025-01-19T09:54:44.771Z,341.53
3171948530096903,2025-01-19T10:04:47.771Z,741.30
3742992852195954,2025-01-19T10:28:04.771Z,-470.36
4234709814496996,2025-01-19T10:32:38.771Z,-84.50
3618845513520900,2025-01-19T11:52:58.771Z,404.40
5995696966070264,2025-01-19T12:51:21.771Z,886.09
6657327299602346,2025-01-19T13:20:30.771Z,68.71
3369832681865051,2025-01-19T13:47:45.771Z,-901.76
3820307659851859,2025-01-19T13:58:04.771Z,2.14
5995696966070264,2025-01-19T14:32:50.771Z,-490.21
3618845513520900,2025-01-19T16:04:26.771Z,2.37
5609879353687978,2025-01-19T17:31:56.771Z,882.79
3339801217806434,2025-01-19T17:48:23.771Z,-3.49
3089689896090797,2025-01-19T17:48:44.771Z,496.06
6437219155436606,2025-01-19T17:53:36.771Z,-964.47
3037393026661280,2025-01-19T18:17:41.771Z,-864.53
6734576552114648,2025-01-19T19:30:18.771Z,626.38
6361000177795595,2025-01-19T19:57:34.771Z,-547.96
6361000177795595,2025-01-19T19:58:08.771Z,-904.59
4234709814496996,2025-01-19T20:17:14.771Z,-210.07
4210013133081688,2025-01-19T21:29:59.771Z,-801.50
4024012623842318,2025-01-19T21:49:48.771Z,626.10
3369832681865051,2025-01-19T22:10:21.771Z,609.90
3537349596978716,2025-01-19T22:30:25.771Z,281.07
6833412122497701,2025-01-19T22:45:11.771Z,793.62
6472592460352496,2025-01-19T22:56:18.771Z,991.81
5995696966070264,2025-01-19T23:20:53.771Z,-743.67
3690769043359511,2025-01-20T01:26:10.771Z,-219.74
3663297678172224,2025-01-20T02:52:36.771Z,-725.88
5609879353687978,2025-01-20T03:22:44.771Z,-19.15
6288853716425504,2025-01-20T03:43:28.771Z,-62.64
3339801217806434,2025-01-20T05:21:25.771Z,-397.41
5705851002586967,2025-01-20T06:23:07.771Z,628.35
6288853716425504,2025-01-20T07:07:14.771Z,-323.46
4210013133081688,2025-01-20T07:15:32.771Z,647.77
3618845513520900,2025-01-20T08:49:19.771Z,994.50
6657327299602346,2025-01-20T08:51:01.771Z,946.49
4378233413863490,2025-01-20T10:32:00.771Z,567.06
3171948530096903,2025-01-20T11:31:51.771Z,654.05
3690769043359511,2025-01-20T11:52:08.771Z,-690.28
6657327299602346,2025-01-20T12:33:54.771Z,-753.32
4210013133081688,2025-01-20T12:34:12.771Z,-507.13
3171948530096903,2025-01-20T14:20:27.771Z,-327.80
3369832681865051,2025-01-20T15:33:48.771Z,272.97
3589249568754350,2025-01-20T15:36:45.771Z,-503.57
5092446914149764,2025-01-20T15:37:22.771Z,-631.08
5705851002586967,2025-01-20T17:38:53.771Z,358.82
5618401722389028,2025-01-20T18:17:27.771Z,941.68
6419514998974763,2025-01-20T18:27:44.771Z,158.33
5618401722389028,2025-01-20T18:57:55.771Z,133.49
3037393026661280,2025-01-20T20:46:23.771Z,-13.30
3578813208959317,2025-01-20T21:27:27.771Z,839.84
4234709814496996,2025-01-20T21:51:21.771Z,653.79
3089689896090797,2025-01-20T23:30:22.771Z,-255.16
5926759033070471,2025-01-21T00:53:27.771Z,-588.36
3404349486560448,2025-01-21T01:19:01.771Z,-310.72
3663297678172224,2025-01-21T02:50:19.771Z,546.49
3404349486560448,2025-01-21T02:58:16.771Z,-663.51
4932629994846233,2025-01-21T03:22:17.771Z,612.49
5997179980717501,2025-01-21T04:23:58.771Z,554.35
5816050191711854,2025-01-21T04:29:21.771Z,-326.51
3171948530096903,2025-01-21T04:30:38.771Z,-531.17
3219459079118226,2025-01-21T04:44:12.771Z,-532.95
3742992852195954,2025-01-21T05:46:07.771Z,621.06
6218748060041639,2025-01-21T06:57:11.771Z,-463.65
3537349596978716,2025-01-21T08:56:01.771Z,-231.67
6288853716425504,2025-01-21T10:06:36.771Z,-51.56
3404349486560448,2025-01-21T11:46:49.771Z,-918.02
4726556059561949,2025-01-21T12:19:39.771Z,-746.49
3589249568754350,2025-01-21T13:08:07.771Z,583.78
3369832681865051,2025-01-21T13:15:16.771Z,-893.23
5705851002586967,2025-01-21T15:14:14.771Z,404.68
3578813208959317,2025-01-21T15:19:54.771Z,-356.31
5216484446506263,2025-01-21T16:20:07.771Z,900.14
6329931100465627,2025-01-21T16:29:20.771Z,217.26
4932629994846233,2025-01-21T17:02:15.771Z,622.26
5618401722389028,2025-01-21T17:26:43.771Z,-367.91
3369832681865051,2025-01-21T17:36:53.771Z,592.50
5926759033070471,2025-01-21T18:19:19.771Z,517.25
3578813208959317,2025-01-21T19:33:57.771Z,704.28
5705851002586967,2025-01-21T22:52:50.771Z,-516.71
6564109388484184,2025-01-21T23:21:41.771Z,108.16
6575315976430295,2025-01-22T02:12:39.771Z,-977.30
6419514998974763,2025-01-22T02:18:01.771Z,-553.55
4024012623842318,2025-01-22T03:29:03.771Z,-20.73
3663297678172224,2025-01-22T03:58:32.771Z,-936.32
6472592460352496,2025-01-22T04:37:00.771Z,-62.64
5816050191711854,2025-01-22T04:47:27.771Z,-400.81
3404349486560448,2025-01-22T05:14:07.771Z,-263.65
6734576552114648,2025-01-22T06:45:20.771Z,440.54
3219459079118226,2025-01-22T08:18:38.771Z,12.17
5618401722389028,2025-01-22T09:13:48.771Z,250.61
6361000177795595,2025-01-22T09:20:22.771Z,-858.19
5997179980717501,2025-01-22T12:33:09.771Z,-955.93
5705851002586967,2025-01-22T12:42:22.771Z,45.15
4378233413863490,2025-01-22T13:26:57.771Z,165.05
4210013133081688,2025-01-22T13:38:52.771Z,-749.69
3219459079118226,2025-01-22T14:03:03.771Z,-341.03
3404349486560448,2025-01-22T15:00:46.771Z,-964.03
6288853716425504,2025-01-22T16:17:26.771Z,437.75
4235973154283559,2025-01-22T16:24:34.771Z,143.97
4726556059561949,2025-01-22T16:50:50.771Z,-499.56
3690769043359511,2025-01-22T17:01:01.771Z,-389.43
3820307659851859,2025-01-22T18:09:17.771Z,-344.29
5216484446506263,2025-01-22T18:15:25.771Z,468.37
3037393026661280,2025-01-22T18:39:35.771Z,-493.87
5609879353687978,2025-01-22T19:06:47.771Z,675.38
6419514998974763,2025-01-22T19:41:46.771Z,-601.27
5092446914149764,2025-01-22T20:08:29.771Z,758.49
6288853716425504,2025-01-22T20:49:51.771Z,40.54
4234709814496996,2025-01-22T21:00:26.771Z,326.93
5609879353687978,2025-01-22T21:15:51.771Z,-713.76
5216484446506263,2025-01-22T21:19:20.771Z,566.43
4378233413863490,2025-01-22T21:54:16.771Z,117.77
3037393026661280,2025-01-22T23:40:40.771Z,-388.83
3404349486560448,2025-01-22T23:54:22.771Z,-568.99
6288853716425504,2025-01-23T00:04:59.771Z,-364.52
3745155717279673,2025-01-23T01:26:30.771Z,-867.98
3404349486560448,2025-01-23T02:03:31.771Z,842.13
6288853716425504,2025-01-23T02:14:58.771Z,490.02
6419514998974763,2025-01-23T03:50:53.771Z,293.12
6361000177795595,2025-01-23T04:30:39.771Z,-827.25
4210013133081688,2025-01-23T05:50:53.771Z,-544.61
4235973154283559,2025-01-23T08:27:28.771Z,485.38
5618401722389028,2025-01-23T08:39:30.771Z,-571.27
6218748060041639,2025-01-23T08:44:58.771Z,-710.31
6329931100465627,2025-01-23T09:14:01.771Z,-249.19
6006325963724299,2025-01-23T09:26:54.771Z,249.70
6218748060041639,2025-01-23T10:33:55.771Z,-789.89
5091360375658474,2025-01-23T10:41:18.771Z,286.03
5926759033070471,2025-01-23T12:00:04.771Z,-641.01
5609879353687978,2025-01-23T12:08:04.771Z,117.57
3369832681865051,2025-01-23T14:12:26.771Z,351.20
6472592460352496,2025-01-23T14:34:07.771Z,268.20
5997179980717501,2025-01-23T14:49:21.771Z,979.38
3578813208959317,2025-01-23T14:52:45.771Z,-899.29
4235973154283559,2025-01-23T15:23:40.771Z,203.58
3690769043359511,2025-01-23T16:36:25.771Z,-11.22
3219459079118226,2025-01-23T16:56:45.771Z,-668.38
4378233413863490,2025-01-23T19:13:22.771Z,137.82
3618845513520900,2025-01-23T19:45:27.771Z,859.29
5705851002586967,2025-01-23T20:42:48.771Z,865.19
6706534013288847,2025-01-23T21:10:23.771Z,753.98
5997179980717501,2025-01-23T21:20:11.771Z,-177.12
3663297678172224,2025-01-23T22:26:31.771Z,610.28
5092446914149764,2025-01-23T23:15:27.771Z,706.37
4378233413863490,2025-01-23T23:51:12.771Z,-466.41
5091360375658474,2025-01-24T01:39:46.771Z,-832.11
3690769043359511,2025-01-24T02:00:54.771Z,143.50
3037393026661280,2025-01-24T02:15:14.771Z,955.13
6437219155436606,2025-01-24T03:23:56.771Z,-394.23
3618845513520900,2025-01-24T03:37:07.771Z,-850.46
6437219155436606,2025-01-24T04:36:30.771Z,-92.31
5618401722389028,2025-01-24T06:59:04.771Z,985.01
6706534013288847,2025-01-24T08:28:29.771Z,104.04
6833412122497701,2025-01-24T08:34:49.771Z,410.82
6564109388484184,2025-01-24T08:37:21.771Z,767.84
6419514998974763,2025-01-24T09:00:40.771Z,-661.20
4024012623842318,2025-01-24T09:43:21.771Z,-539.51
6218748060041639,2025-01-24T11:57:13.771Z,-934.93
5705851002586967,2025-01-24T12:27:34.771Z,-901.37
5609879353687978,2025-01-24T13:11:16.771Z,-760.89
6329931100465627,2025-01-24T13:15:09.771Z,328.31
3339801217806434,2025-01-24T13:44:07.771Z,-240.49
3339801217806434,2025-01-24T13:50:26.771Z,341.60
6218748060041639,2025-01-24T14:37:10.771Z,-351.68
3537349596978716,2025-01-24T14:51:41.771Z,236.07
6288853716425504,2025-01-24T16:15:10.771Z,-646.54
3578813208959317,2025-01-24T16:31:46.771Z,-339.78
5581253985313232,2025-01-24T17:16:39.771Z,827.28
3690769043359511,2025-01-24T18:03:12.771Z,-139.43
6734576552114648,2025-01-24T18:54:25.771Z,-288.50
6437219155436606,2025-01-24T20:17:34.771Z,649.70
5997179980717501,2025-01-24T20:41:20.771Z,-677.44
6018480886031697,2025-01-24T21:28:38.771Z,824.60
3618845513520900,2025-01-24T22:38:21.771Z,-160.73
6437219155436606,2025-01-24T23:18:47.771Z,217.60
5092446914149764,2025-01-24T23:24:59.771Z,570.05
4932629994846233,2025-01-24T23:55:25.771Z,-81.96
6437219155436606,2025-01-25T02:11:51.771Z,-284.08
6657327299602346,2025-01-25T02:12:15.771Z,-135.65
3578813208959317,2025-01-25T02:23:25.771Z,-888.91
3742992852195954,2025-01-25T02:27:36.771Z,361.20
6575315976430295,2025-01-25T04:39:51.771Z,-808.21
3219459079118226,2025-01-25T06:04:49.771Z,-982.32
3618845513520900,2025-01-25T06:11:59.771Z,-909.52
5926759033070471,2025-01-25T06:19:24.771Z,483.77
3589249568754350,2025-01-25T06:22:38.771Z,-799.96
5705851002586967,2025-01-25T06:23:30.771Z,-489.95
3663297678172224,2025-01-25T06:29:26.771Z,435.50
6361000177795595,2025-01-25T06:45:47.771Z,193.01
3742992852195954,2025-01-25T08:41:55.771Z,20.71
3339801217806434,2025-01-25T09:02:09.771Z,-179.20
3589249568754350,2025-01-25T10:20:58.771Z,32.36
3618845513520900,2025-01-25T11:33:56.771Z,588.78
5816050191711854,2025-01-25T12:34:34.771Z,-209.00
6288853716425504,2025-01-25T12:45:39.771Z,325.44
3663297678172224,2025-01-25T13:03:20.771Z,-799.15
4378233413863490,2025-01-25T14:26:43.771Z,-343.90
6288853716425504,2025-01-25T15:01:09.771Z,-574.94
6734576552114648,2025-01-25T15:20:20.771Z,-619.93
5091360375658474,2025-01-25T17:29:44.771Z,699.72
5092446914149764,2025-01-25T19:14:37.771Z,-425.81
6018480886031697,2025-01-25T22:26:03.771Z,748.85
6018480886031697,2025-01-25T23:05:36.771Z,562.39
6288853716425504,2025-01-25T23:59:55.771Z,639.43
5995696966070264,2025-01-26T00:20:53.771Z,-500.87
3742992852195954,2025-01-26T01:46:46.771Z,-427.30
6006325963724299,2025-01-26T03:15:27.771Z,-591.15
4726556059561949,2025-01-26T03:29:41.771Z,743.14
3219459079118226,2025-01-26T08:23:47.771Z,81.92
6564109388484184,2025-01-26T09:02:44.771Z,816.48
5816050191711854,2025-01-26T10:51:21.771Z,293.77
3339801217806434,2025-01-26T11:23:49.771Z,10.20
5926759033070471,2025-01-26T12:25:06.771Z,922.74
3089689896090797,2025-01-26T12:36:44.771Z,294.40
5092446914149764,2025-01-26T12:48:56.771Z,-415.51
3369832681865051,2025-01-26T14:16:44.771Z,-56.83
4024012623842318,2025-01-26T15:53:15.771Z,-800.39
3663297678172224,2025-01-26T16:17:32.771Z,701.53
3578813208959317,2025-01-26T17:18:52.771Z,-7.49
3339801217806434,2025-01-26T18:45:54.771Z,345.10
6288853716425504,2025-01-26T19:39:38.771Z,548.85
5581253985313232,2025-01-26T20:57:03.771Z,417.24
5705851002586967,2025-01-26T21:20:49.771Z,67.10
3089689896090797,2025-01-26T21:42:57.771Z,998.72
5091360375658474,2025-01-26T22:14:57.771Z,-952.61
3037393026661280,2025-01-26T22:37:57.771Z,350.90
3820307659851859,2025-01-26T22:52:03.771Z,-715.76
5092446914149764,2025-01-27T00:09:26.771Z,-677.56
5216484446506263,2025-01-27T01:25:56.771Z,-460.67
5216484446506263,2025-01-27T02:14:45.771Z,87.06
6288853716425504,2025-01-27T02:44:56.771Z,-541.22
3589249568754350,2025-01-27T03:37:06.771Z,-304.00
6006325963724299,2025-01-27T03:39:01.771Z,261.04
6018480886031697,2025-01-27T04:37:57.771Z,-995.15
6575315976430295,2025-01-27T05:21:04.771Z,108.45
5618401722389028,2025-01-27T05:34:11.771Z,-577.30
4932629994846233,2025-01-27T05:51:51.771Z,465.04
4235973154283559,2025-01-27T08:50:42.771Z,914.63
6006325963724299,2025-01-27T09:01:43.771Z,-296.22
6472592460352496,2025-01-27T09:23:00.771Z,590.40
6575315976430295,2025-01-27T13:39:32.771Z,437.54
6564109388484184,2025-01-27T14:43:55.771Z,-154.58
4378233413863490,2025-01-27T14:54:58.771Z,559.57
3589249568754350,2025-01-27T15:29:55.771Z,-374.27
3537349596978716,2025-01-27T17:41:21.771Z,443.91
3820307659851859,2025-01-27T18:28:41.771Z,451.17
4235973154283559,2025-01-27T19:40:53.771Z,593.12
4726556059561949,2025-01-27T19:42:15.771Z,886.18
4210013133081688,2025-01-27T20:01:15.771Z,305.17
3537349596978716,2025-01-27T20:17:24.771Z,-715.84
4726556059561949,2025-01-27T20:47:51.771Z,963.25
3089689896090797,2025-01-27T21:00:30.771Z,131.28
4726556059561949,2025-01-27T22:11:45.771Z,636.10
5091360375658474,2025-01-27T23:34:45.771Z,864.99
4378233413863490,2025-01-28T03:52:56.771Z,-841.60
3089689896090797,2025-01-28T06:23:54.771Z,-711.96
4024012623842318,2025-01-28T06:47:45.771Z,-694.13
6419514998974763,2025-01-28T08:37:10.771Z,-48.48
6575315976430295,2025-01-28T08:54:59.771Z,-855.15
3690769043359511,2025-01-28T08:58:54.771Z,256.97
6575315976430295,2025-01-28T09:53:45.771Z,-503.51
3663297678172224,2025-01-28T09:58:41.771Z,321.72
4726556059561949,2025-01-28T10:22:51.771Z,645.71
4210013133081688,2025-01-28T10:53:02.771Z,57.91
3369832681865051,2025-01-28T11:04:46.771Z,-422.04
6564109388484184,2025-01-28T12:09:41.771Z,-280.49
6288853716425504,2025-01-28T12:32:51.771Z,-460.78
5995696966070264,2025-01-28T12:50:15.771Z,-152.38
6288853716425504,2025-01-28T13:22:37.771Z,-989.62
3690769043359511,2025-01-28T19:31:16.771Z,-272.06
5092446914149764,2025-01-28T20:31:22.771Z,474.13
6472592460352496,2025-01-28T20:51:12.771Z,-982.19
6329931100465627,2025-01-28T21:22:19.771Z,431.49
5581253985313232,2025-01-28T22:32:09.771Z,-639.64
3089689896090797,2025-01-28T23:18:15.771Z,-117.80
4378233413863490,2025-01-28T23:32:54.771Z,566.81
3089689896090797,2025-01-29T00:00:15.771Z,-449.20
5609879353687978,2025-01-29T01:31:36.771Z,-371.48
5609879353687978,2025-01-29T02:53:46.771Z,-94.72
3037393026661280,2025-01-29T03:12:44.771Z,455.08
6833412122497701,2025-01-29T05:44:14.771Z,116.67
5995696966070264,2025-01-29T05:54:30.771Z,-271.65
3690769043359511,2025-01-29T06:09:29.771Z,-859.83
4210013133081688,2025-01-29T06:24:19.771Z,425.16
6734576552114648,2025-01-29T07:56:43.771Z,-696.10
6472592460352496,2025-01-29T07:57:48.771Z,568.88
3690769043359511,2025-01-29T08:03:46.771Z,926.31
6833412122497701,2025-01-29T08:08:09.771Z,-758.29
4024012623842318,2025-01-29T08:20:08.771Z,-495.02
6575315976430295,2025-01-29T09:41:48.771Z,259.56
5581253985313232,2025-01-29T09:42:17.771Z,-147.43
6706534013288847,2025-01-29T09:47:57.771Z,694.90
6218748060041639,2025-01-29T11:28:24.771Z,-997.68
3369832681865051,2025-01-29T12:10:48.771Z,-40.43
6734576552114648,2025-01-29T14:59:12.771Z,301.42
3404349486560448,2025-01-29T16:58:13.771Z,-941.67
3589249568754350,2025-01-29T18:27:48.771Z,-805.66
5618401722389028,2025-01-29T19:13:02.771Z,-598.77
5926759033070471,2025-01-29T19:24:59.771Z,-184.48
6575315976430295,2025-01-29T19:42:45.771Z,-976.42
6006325963724299,2025-01-29T19:45:27.771Z,-588.66
6018480886031697,2025-01-29T19:55:21.771Z,-438.23
5092446914149764,2025-01-29T20:34:07.771Z,-672.35
6006325963724299,2025-01-29T21:40:35.771Z,124.82
3618845513520900,2025-01-29T23:18:54.771Z,99.37
3328090600295181,2025-01-30T00:37:34.771Z,613.42
5581253985313232,2025-01-30T02:32:43.771Z,-898.07
3742992852195954,2025-01-30T02:38:42.771Z,210.64
3537349596978716,2025-01-30T03:06:03.771Z,18.36
6361000177795595,2025-01-30T03:13:25.771Z,-601.00
3328090600295181,2025-01-30T03:25:08.771Z,845.84
6006325963724299,2025-01-30T03:55:05.771Z,-335.02
6018480886031697,2025-01-30T03:59:11.771Z,-641.49
3742992852195954,2025-01-30T05:10:21.771Z,-728.30
6006325963724299,2025-01-30T05:11:16.771Z,161.45
5216484446506263,2025-01-30T06:14:55.771Z,333.58
3745155717279673,2025-01-30T07:17:45.771Z,181.75
6472592460352496,2025-01-30T09:58:07.771Z,939.56
5995696966070264,2025-01-30T12:21:50.771Z,-319.75
4932629994846233,2025-01-30T14:32:51.771Z,603.78
3404349486560448,2025-01-30T15:08:03.771Z,12.75
5581253985313232,2025-01-30T15:32:29.771Z,-523.72
3663297678172224,2025-01-30T16:27:44.771Z,536.20
3578813208959317,2025-01-30T17:05:11.771Z,201.19
6564109388484184,2025-01-30T18:32:26.771Z,-181.34
3589249568754350,2025-01-30T18:42:41.771Z,531.56
3328090600295181,2025-01-30T19:10:26.771Z,370.51
3369832681865051,2025-01-30T20:30:04.771Z,-360.19
4932629994846233,2025-01-30T21:02:47.771Z,-642.27
6564109388484184,2025-01-30T21:02:57.771Z,199.97
4726556059561949,2025-01-30T21:11:00.771Z,-65.02
5618401722389028,2025-01-30T21:23:03.771Z,713.66
3089689896090797,2025-01-30T21:29:42.771Z,-634.98
5816050191711854,2025-01-30T21:49:26.771Z,-213.14
3618845513520900,2025-01-30T21:58:50.771Z,-186.49
6657327299602346,2025-01-30T21:59:49.771Z,215.63
4210013133081688,2025-01-30T22:04:51.771Z,-738.41
5997179980717501,2025-01-30T22:13:55.771Z,670.85
4932629994846233,2025-01-30T22:15:32.771Z,362.99
6218748060041639,2025-01-30T22:27:08.771Z,894.67
6437219155436606,2025-01-30T23:59:45.771Z,880.84
5995696966070264,2025-01-31T01:13:03.771Z,-400.15
6006325963724299,2025-01-31T04:02:24.771Z,985.82
3745155717279673,2025-01-31T04:03:28.771Z,-149.58
3745155717279673,2025-01-31T04:27:43.771Z,205.91
4024012623842318,2025-01-31T04:47:44.771Z,892.53
4726556059561949,2025-01-31T05:16:48.771Z,-561.48
6575315976430295,2025-01-31T06:02:03.771Z,507.47
5618401722389028,2025-01-31T06:05:03.771Z,-477.61
3404349486560448,2025-01-31T09:03:38.771Z,75.85
5997179980717501,2025-01-31T09:58:48.771Z,113.71
3328090600295181,2025-01-31T10:50:27.771Z,953.14
5997179980717501,2025-01-31T11:10:31.771Z,-406.28
3663297678172224,2025-01-31T11:45:24.771Z,-490.61
4024012623842318,2025-01-31T12:15:37.771Z,466.03
6006325963724299,2025-01-31T13:01:47.771Z,-368.88
3745155717279673,2025-01-31T13:32:53.771Z,908.63
6006325963724299,2025-01-31T14:20:55.771Z,-643.89
6437219155436606,2025-01-31T14:30:55.771Z,535.03
3219459079118226,2025-01-31T15:16:59.771Z,480.84
6564109388484184,2025-01-31T15:59:51.771Z,214.84
6706534013288847,2025-01-31T16:17:08.771Z,295.28
5705851002586967,2025-01-31T16:18:41.771Z,-508.11
3742992852195954,2025-01-31T22:19:18.771Z,-808.52
6657327299602346,2025-01-31T22:27:04.771Z,-93.19
6006325963724299,2025-01-31T23:01:29.771Z,810.57
6575315976430295,2025-01-31T23:22:26.771Z,865.95
3663297678172224,2025-01-31T23:49:08.771Z,-761.51
5995696966070264,2025-02-01T00:42:20.771Z,969.55
6329931100465627,2025-02-01T01:11:17.771Z,-595.17
3745155717279673,2025-02-01T01:33:15.771Z,615.19
371111111111234,2025-02-01T03:30:00.000Z,50.25
4726556059561949,2025-02-01T03:45:37.771Z,56.42
6437219155436606,2025-02-01T06:15:29.771Z,922.57
5995696966070264,2025-02-01T06:26:29.771Z,-182.90
3037393026661280,2025-02-01T06:37:57.771Z,-726.64
5618401722389028,2025-02-01T08:00:31.771Z,-350.60
3171948530096903,2025-02-01T09:43:16.771Z,328.91
3404349486560448,2025-02-01T10:10:22.771Z,730.34
6218748060041639,2025-02-01T10:23:52.771Z,-685.91
6437219155436606,2025-02-01T12:12:19.771Z,-475.12
6218748060041639,2025-02-01T12:46:56.771Z,925.11
5618401722389028,2025-02-01T13:21:03.771Z,623.68
5092446914149764,2025-02-01T13:42:20.771Z,635.23
3328090600295181,2025-02-01T14:22:13.771Z,-587.43
3037393026661280,2025-02-01T15:19:01.771Z,-951.93
3339801217806434,2025-02-01T15:59:58.771Z,-512.31
6657327299602346,2025-02-01T17:01:05.771Z,4.03
3037393026661280,2025-02-01T17:03:00.771Z,-127.07
4024012623842318,2025-02-01T17:16:33.771Z,831.29
4210013133081688,2025-02-01T17:50:13.771Z,-994.79
6706534013288847,2025-02-01T20:29:30.771Z,41.34
3820307659851859,2025-02-01T20:37:34.771Z,595.68
6006325963724299,2025-02-01T21:50:07.771Z,407.56
6472592460352496,2025-02-01T22:35:52.771Z,-951.93
6437219155436606,2025-02-01T22:44:32.771Z,429.39
5997179980717501,2025-02-01T23:27:53.771Z,-802.37
6018480886031697,2025-02-01T23:32:06.771Z,334.04
5705851002586967,2025-02-01T23:56:40.771Z,-193.36
6006325963724299,2025-02-02T00:34:35.771Z,-747.61
3690769043359511,2025-02-02T01:26:00.771Z,-430.18
5997179980717501,2025-02-02T02:13:34.771Z,-383.17
6833412122497701,2025-02-02T02:59:03.771Z,458.60
3663297678172224,2025-02-02T05:35:28.771Z,725.53
6218748060041639,2025-02-02T06:07:35.771Z,11.65
4210013133081688,2025-02-02T08:20:22.771Z,580.87
3219459079118226,2025-02-02T08:53:56.771Z,482.40
4726556059561949,2025-02-02T08:58:10.771Z,-230.09
6006325963724299,2025-02-02T09:28:06.771Z,58.38
5995696966070264,2025-02-02T09:46:24.771Z,-411.92
6006325963724299,2025-02-02T11:07:52.771Z,801.16
4210013133081688,2025-02-02T11:22:21.771Z,-928.14
3745155717279673,2025-02-02T15:58:16.771Z,-509.98
3404349486560448,2025-02-02T16:52:57.771Z,-567.20
5926759033070471,2025-02-02T18:48:13.771Z,286.83
5997179980717501,2025-02-02T19:45:09.771Z,-231.70
3404349486560448,2025-02-02T19:58:08.771Z,835.40
5705851002586967,2025-02-02T20:39:35.771Z,-398.21
4024012623842318,2025-02-02T20:40:43.771Z,150.23
4932629994846233,2025-02-02T20:42:16.771Z,-739.14
6833412122497701,2025-02-02T21:40:22.771Z,-746.00
6288853716425504,2025-02-02T22:16:47.771Z,527.43
3369832681865051,2025-02-02T23:06:22.771Z,377.88
3537349596978716,2025-02-03T01:43:37.771Z,-535.58
3618845513520900,2025-02-03T01:51:55.771Z,-659.36
6288853716425504,2025-02-03T02:41:33.771Z,934.81
5995696966070264,2025-02-03T02:53:57.771Z,-607.62
3339801217806434,2025-02-03T03:40:44.771Z,-529.64
6419514998974763,2025-02-03T03:58:42.771Z,115.70
4378233413863490,2025-02-03T04:12:17.771Z,-381.09
3537349596978716,2025-02-03T04:16:03.771Z,173.82
3037393026661280,2025-02-03T05:26:35.771Z,-307.16
6329931100465627,2025-02-03T07:20:40.771Z,-761.78
3663297678172224,2025-02-03T08:12:30.771Z,18.92
4234709814496996,2025-02-03T09:10:40.771Z,521.13
5092446914149764,2025-02-03T09:28:16.771Z,887.67
3219459079118226,2025-02-03T10:54:59.771Z,-108.24
6564109388484184,2025-02-03T11:03:26.771Z,-514.09
5581253985313232,2025-02-03T12:24:30.771Z,-811.10
6564109388484184,2025-02-03T12:56:13.771Z,-581.64
4235973154283559,2025-02-03T13:30:43.771Z,661.78
5995696966070264,2025-02-03T13:30:53.771Z,-203.50
3369832681865051,2025-02-03T13:32:56.771Z,543.62
3742992852195954,2025-02-03T16:10:38.771Z,769.03
5618401722389028,2025-02-03T17:03:52.771Z,628.35
3089689896090797,2025-02-03T17:27:06.771Z,269.99
3339801217806434,2025-02-03T21:17:06.771Z,10.17
3537349596978716,2025-02-03T21:54:54.771Z,-372.49
4378233413863490,2025-02-03T23:06:12.771Z,826.71
5816050191711854,2025-02-03T23:22:56.771Z,16.03
5216484446506263,2025-02-03T23:58:04.771Z,140.38
5581253985313232,2025-02-04T00:39:29.771Z,-792.42
4234709814496996,2025-02-04T01:55:45.771Z,-532.93
6018480886031697,2025-02-04T02:36:08.771Z,354.84
6437219155436606,2025-02-04T03:07:57.771Z,-710.80
5092446914149764,2025-02-04T03:57:44.771Z,-466.79
6575315976430295,2025-02-04T04:19:08.771Z,-854.61
6472592460352496,2025-02-04T04:39:17.771Z,300.94
4267628872390355,2025-02-04T05:15:21.759Z,-102.40
4267628872390355,2025-02-04T05:15:21.759Z,-102.40
4267628872390355,2025-02-04T05:15:21.759Z,-102.40
5995696966070264,2025-02-04T05:37:03.771Z,237.61
6575315976430295,2025-02-04T07:18:52.771Z,81.95
6657327299602346,2025-02-04T08:24:07.771Z,-698.19
3369832681865051,2025-02-04T08:29:03.771Z,-440.37
6575315976430295,2025-02-04T09:16:23.771Z,-10.50
4726556059561949,2025-02-04T09:34:29.771Z,168.04
4726556059561949,2025-02-04T10:50:32.771Z,-458.94
3663297678172224,2025-02-04T11:24:35.771Z,674.20
6706534013288847,2025-02-04T11:35:20.771Z,4.79
3663297678172224,2025-02-04T12:31:38.771Z,-22.28
6288853716425504,2025-02-04T13:18:58.771Z,-924.66
4235973154283559,2025-02-04T13:55:47.771Z,90.69
4234709814496996,2025-02-04T14:42:51.771Z,208.18
3404349486560448,2025-02-04T15:36:59.771Z,208.48
5092446914149764,2025-02-04T16:32:20.771Z,-166.97
3037393026661280,2025-02-04T18:24:50.771Z,-178.69
3690769043359511,2025-02-04T18:57:34.771Z,-174.08
6329931100465627,2025-02-04T19:16:31.771Z,54.66
3537349596978716,2025-02-04T19:30:28.771Z,-839.77
5609879353687978,2025-02-04T21:44:40.771Z,434.10
4378233413863490,2025-02-04T21:44:44.771Z,-451.00
5609879353687978,2025-02-04T23:54:39.771Z,-859.72
5091360375658474,2025-02-05T00:08:51.771Z,823.31
3690769043359511,2025-02-05T00:16:37.771Z,622.13
5092446914149764,2025-02-05T01:09:29.771Z,-17.15
5609879353687978,2025-02-05T01:12:18.771Z,-543.53
6657327299602346,2025-02-05T01:24:16.771Z,-523.86
4210013133081688,2025-02-05T02:04:27.771Z,-837.04
6833412122497701,2025-02-05T02:06:20.771Z,-846.02
4726556059561949,2025-02-05T04:41:57.771Z,557.44
4726556059561949,2025-02-05T05:52:52.771Z,48.10
5926759033070471,2025-02-05T08:12:10.771Z,-329.23
5609879353687978,2025-02-05T08:16:06.771Z,259.71
6218748060041639,2025-02-05T09:53:45.771Z,-401.85
5997179980717501,2025-02-05T10:25:38.771Z,-959.18
5618401722389028,2025-02-05T10:33:25.771Z,-531.56
3742992852195954,2025-02-05T10:33:26.771Z,-91.51
3618845513520900,2025-02-05T12:13:58.771Z,-973.11
6706534013288847,2025-02-05T14:30:24.771Z,-608.45
3089689896090797,2025-02-05T14:36:03.771Z,-55.57
6657327299602346,2025-02-05T16:06:35.771Z,-351.90
3742992852195954,2025-02-05T16:50:18.771Z,142.77
6575315976430295,2025-02-05T18:39:42.771Z,-322.01
3589249568754350,2025-02-05T19:15:05.771Z,-331.65
3742992852195954,2025-02-05T22:47:05.771Z,767.29
3537349596978716,2025-02-05T23:08:15.771Z,-462.64
4726556059561949,2025-02-06T00:54:41.771Z,339.59
5581253985313232,2025-02-06T01:57:29.771Z,-477.37
6018480886031697,2025-02-06T02:54:23.771Z,469.10
6564109388484184,2025-02-06T03:21:56.771Z,-783.91
6706534013288847,2025-02-06T04:45:55.771Z,273.14
6361000177795595,2025-02-06T04:59:27.771Z,839.44
6361000177795595,2025-02-06T05:02:46.771Z,489.52
3328090600295181,2025-02-06T08:02:58.771Z,-801.35
6437219155436606,2025-02-06T08:52:05.771Z,826.74
5997179980717501,2025-02-06T09:43:32.771Z,272.08
3820307659851859,2025-02-06T11:57:33.771Z,-596.00
5995696966070264,2025-02-06T12:04:59.771Z,-597.10
4726556059561949,2025-02-06T13:17:40.771Z,720.48
3089689896090797,2025-02-06T15:17:47.771Z,432.58
3690769043359511,2025-02-06T15:50:36.771Z,18.70
3171948530096903,2025-02-06T16:14:09.771Z,-944.83
6564109388484184,2025-02-06T16:41:49.771Z,-452.57
3089689896090797,2025-02-06T18:33:50.771Z,-53.57
6437219155436606,2025-02-06T18:36:41.771Z,330.96
4378233413863490,2025-02-06T18:39:55.771Z,-727.91
3820307659851859,2025-02-06T19:39:36.771Z,-489.21
6361000177795595,2025-02-06T20:27:53.771Z,-484.36
4234709814496996,2025-02-06T22:59:19.771Z,479.32
4210013133081688,2025-02-06T23:02:26.771Z,992.06
3742992852195954,2025-02-06T23:32:36.771Z,-662.90
4024012623842318,2025-02-06T23:53:57.771Z,-213.54
4024012623842318,2025-02-07T00:04:33.771Z,31.35
3578813208959317,2025-02-07T00:15:53.771Z,183.01
3578813208959317,2025-02-07T00:32:42.771Z,-154.76
3171948530096903,2025-02-07T02:47:20.771Z,919.07
5995696966070264,2025-02-07T03:00:39.771Z,357.98
4378233413863490,2025-02-07T04:08:30.771Z,-352.99
3690769043359511,2025-02-07T04:41:24.771Z,607.30
6575315976430295,2025-02-07T05:42:14.771Z,-343.65
3663297678172224,2025-02-07T06:05:55.771Z,-320.48
6575315976430295,2025-02-07T07:36:54.771Z,-709.50
6018480886031697,2025-02-07T08:25:13.771Z,-378.38
5705851002586967,2025-02-07T08:43:47.771Z,-766.71
6361000177795595,2025-02-07T08:55:55.771Z,-59.58
6329931100465627,2025-02-07T09:07:29.771Z,49.32
6361000177795595,2025-02-07T09:10:09.771Z,750.11
4932629994846233,2025-02-07T09:29:42.771Z,909.42
5705851002586967,2025-02-07T09:33:56.771Z,-480.56
3578813208959317,2025-02-07T09:51:11.771Z,-189.96
4932629994846233,2025-02-07T10:08:36.771Z,-871.52
6564109388484184,2025-02-07T12:31:34.771Z,-423.77
6288853716425504,2025-02-07T12:32:51.771Z,-805.50
6734576552114648,2025-02-07T14:19:51.771Z,-859.56
6361000177795595,2025-02-07T14:53:38.771Z,-378.86
5091360375658474,2025-02-07T15:37:37.771Z,-751.05
6564109388484184,2025-02-07T16:02:35.771Z,-47.37
6833412122497701,2025-02-07T16:15:33.771Z,835.79
4932629994846233,2025-02-07T16:40:09.771Z,-234.88
5618401722389028,2025-02-07T17:37:21.771Z,937.29
3690769043359511,2025-02-07T19:52:24.771Z,-88.03
6419514998974763,2025-02-07T21:52:01.771Z,-428.73
6419514998974763,2025-02-07T22:25:34.771Z,-590.12
6006325963724299,2025-02-07T22:36:17.771Z,-773.33
4726556059561949,2025-02-07T22:48:55.771Z,825.44
6472592460352496,2025-02-08T01:04:23.771Z,-188.02
6575315976430295,2025-02-08T02:27:03.771Z,608.90
5091360375658474,2025-02-08T03:13:31.771Z,-176.40
6361000177795595,2025-02-08T05:06:16.771Z,236.56
4210013133081688,2025-02-08T06:35:45.771Z,616.25
6288853716425504,2025-02-08T08:18:10.771Z,226.96
3339801217806434,2025-02-08T10:44:45.771Z,-996.07
5581253985313232,2025-02-08T10:54:51.771Z,134.23
6734576552114648,2025-02-08T10:55:52.771Z,-952.18
6329931100465627,2025-02-08T11:06:02.771Z,480.11
3690769043359511,2025-02-08T13:09:11.771Z,-200.88
6419514998974763,2025-02-08T13:33:06.771Z,835.05
5995696966070264,2025-02-08T15:25:27.771Z,220.62
6734576552114648,2025-02-08T17:03:11.771Z,-727.91
6288853716425504,2025-02-08T17:10:37.771Z,601.31
5581253985313232,2025-02-08T17:29:57.771Z,-476.17
6706534013288847,2025-02-08T17:38:25.771Z,285.15
6419514998974763,2025-02-08T17:53:43.771Z,42.80
6657327299602346,2025-02-08T18:37:01.771Z,606.29
3339801217806434,2025-02-08T22:37:54.771Z,-409.40
6288853716425504,2025-02-09T00:32:44.771Z,-344.30
3589249568754350,2025-02-09T01:24:28.771Z,-895.66
5816050191711854,2025-02-09T02:21:42.771Z,746.36
6833412122497701,2025-02-09T02:40:48.771Z,276.95
6437219155436606,2025-02-09T04:37:40.771Z,-237.91
5995696966070264,2025-02-09T04:43:20.771Z,901.31
3589249568754350,2025-02-09T05:39:24.771Z,-70.44
6706534013288847,2025-02-09T05:52:09.771Z,700.40
4024012623842318,2025-02-09T06:15:23.771Z,-886.86
3037393026661280,2025-02-09T07:38:01.771Z,-988.41
6361000177795595,2025-02-09T07:49:35.771Z,355.39
4932629994846233,2025-02-09T08:52:21.771Z,574.20
4378233413863490,2025-02-09T11:34:28.771Z,-590.84
5816050191711854,2025-02-09T12:24:30.771Z,-195.28
3404349486560448,2025-02-09T13:34:21.771Z,-74.62
3171948530096903,2025-02-09T14:05:19.771Z,-771.98
3537349596978716,2025-02-09T15:37:51.771Z,-123.59
5091360375658474,2025-02-09T15:49:29.771Z,-571.17
3339801217806434,2025-02-09T16:52:44.771Z,-953.41
6361000177795595,2025-02-09T17:14:16.771Z,-620.36
6564109388484184,2025-02-09T17:39:00.771Z,431.26
3820307659851859,2025-02-09T19:19:40.771Z,729.56
6437219155436606,2025-02-09T21:33:16.771Z,-127.22
3618845513520900,2025-02-09T23:46:18.771Z,230.50
6361000177795595,2025-02-10T00:05:02.771Z,-832.38
5816050191711854,2025-02-10T00:35:20.771Z,150.36
5618401722389028,2025-02-10T00:37:55.771Z,218.84
6329931100465627,2025-02-10T02:25:19.771Z,-188.52
4234709814496996,2025-02-10T03:02:12.771Z,-649.76
4234709814496996,2025-02-10T03:47:45.771Z,95.99
6437219155436606,2025-02-10T04:27:23.771Z,804.41
3690769043359511,2025-02-10T05:32:05.771Z,20.61
3820307659851859,2025-02-10T06:11:48.771Z,-464.13
5581253985313232,2025-02-10T06:12:08.771Z,-350.70
3742992852195954,2025-02-10T09:01:24.771Z,63.53
3663297678172224,2025-02-10T11:42:44.771Z,856.49
4234709814496996,2025-02-10T12:03:17.771Z,-574.83
3369832681865051,2025-02-10T13:05:44.771Z,127.60
6706534013288847,2025-02-10T13:37:40.771Z,-898.83
3537349596978716,2025-02-10T13:45:24.771Z,-822.29
6706534013288847,2025-02-10T14:16:44.771Z,-564.89
6288853716425504,2025-02-10T14:35:10.771Z,-503.56
4024012623842318,2025-02-10T15:48:28.771Z,691.05
5705851002586967,2025-02-10T15:59:05.771Z,83.30
5997179980717501,2025-02-10T16:20:42.771Z,692.72
3219459079118226,2025-02-10T16:20:58.771Z,827.03
3578813208959317,2025-02-10T16:32:15.771Z,-224.27
6218748060041639,2025-02-10T17:24:14.771Z,736.59
6218748060041639,2025-02-10T19:10:38.771Z,918.08
4726556059561949,2025-02-10T19:18:18.771Z,244.99
6419514998974763,2025-02-10T20:01:03.771Z,-79.61
5216484446506263,2025-02-10T20:04:26.771Z,288.13
4234709814496996,2025-02-10T20:27:06.771Z,-821.63
4726556059561949,2025-02-10T22:02:50.771Z,403.33
5995696966070264,2025-02-10T23:53:30.771Z,-638.53
4234709814496996,2025-02-11T00:51:07.771Z,-842.51
6833412122497701,2025-02-11T01:21:12.771Z,495.12
6361000177795595,2025-02-11T03:07:28.771Z,491.13
3037393026661280,2025-02-11T04:12:34.771Z,584.25
3339801217806434,2025-02-11T04:30:13.771Z,589.32
6734576552114648,2025-02-11T05:54:26.771Z,-91.33
3578813208959317,2025-02-11T05:55:33.771Z,739.21
3369832681865051,2025-02-11T06:08:25.771Z,694.52
3339801217806434,2025-02-11T07:38:29.771Z,-968.96
3589249568754350,2025-02-11T08:25:47.771Z,-169.05
5995696966070264,2025-02-11T08:38:48.771Z,-626.80
5609879353687978,2025-02-11T08:43:17.771Z,508.38
5705851002586967,2025-02-11T10:00:32.771Z,-18.59
6564109388484184,2025-02-11T10:29:12.771Z,598.65
6361000177795595,2025-02-11T11:03:00.771Z,-798.99
3537349596978716,2025-02-11T11:54:25.771Z,-447.02
3745155717279673,2025-02-11T11:59:18.771Z,270.25
6218748060041639,2025-02-11T12:16:04.771Z,997.58
3404349486560448,2025-02-11T13:06:11.771Z,236.41
3404349486560448,2025-02-11T13:08:06.771Z,842.79
3089689896090797,2025-02-11T13:32:50.771Z,881.75
6419514998974763,2025-02-11T13:57:36.771Z,-134.48
5995696966070264,2025-02-11T16:08:25.771Z,-182.24
6833412122497701,2025-02-11T16:09:34.771Z,760.19
4234709814496996,2025-02-11T17:35:32.771Z,682.31
4932629994846233,2025-02-11T17:43:05.771Z,12.66
3745155717279673,2025-02-11T19:35:09.771Z,-412.40
3537349596978716,2025-02-11T20:21:15.771Z,241.57
6437219155436606,2025-02-11T20:25:35.771Z,-227.95
5995696966070264,2025-02-12T01:26:25.771Z,-835.15
3745155717279673,2025-02-12T02:52:46.771Z,418.02
6657327299602346,2025-02-12T03:03:36.771Z,316.48
5705851002586967,2025-02-12T03:09:02.771Z,-987.98
3589249568754350,2025-02-12T04:11:08.771Z,-889.78
3618845513520900,2025-02-12T05:01:54.771Z,154.81
6575315976430295,2025-02-12T05:19:22.771Z,943.03
3328090600295181,2025-02-12T08:12:11.771Z,-35.35
3663297678172224,2025-02-12T09:20:30.771Z,252.00
5995696966070264,2025-02-12T11:25:34.771Z,-154.61
5926759033070471,2025-02-12T12:06:06.771Z,-880.02
6329931100465627,2025-02-12T13:52:43.771Z,-663.59
3537349596978716,2025-02-12T15:05:09.771Z,41.13
5216484446506263,2025-02-12T15:21:11.771Z,-279.85
5618401722389028,2025-02-12T16:20:41.771Z,596.39
6329931100465627,2025-02-12T18:06:20.771Z,-103.14
3089689896090797,2025-02-12T19:18:41.771Z,-340.83
3578813208959317,2025-02-12T20:22:56.771Z,-410.60
3404349486560448,2025-02-12T22:43:32.771Z,129.95
6218748060041639,2025-02-12T23:02:06.771Z,-897.14
5581253985313232,2025-02-13T00:20:39.771Z,-761.47
6472592460352496,2025-02-13T00:38:12.771Z,-40.11
3089689896090797,2025-02-13T00:48:31.771Z,335.98
4378233413863490,2025-02-13T01:13:51.771Z,-192.90
3339801217806434,2025-02-13T01:38:35.771Z,-82.80
3328090600295181,2025-02-13T01:47:57.771Z,-605.83
6218748060041639,2025-02-13T04:23:07.771Z,-898.92
3369832681865051,2025-02-13T04:24:21.771Z,763.91
6575315976430295,2025-02-13T05:37:03.771Z,-243.55
5609879353687978,2025-02-13T06:02:32.771Z,-162.87
4024012623842318,2025-02-13T06:16:20.771Z,183.99
5995696966070264,2025-02-13T07:47:14.771Z,-236.82
6006325963724299,2025-02-13T07:48:16.771Z,243.41
5995696966070264,2025-02-13T08:00:40.771Z,-317.97
6018480886031697,2025-02-13T08:55:26.771Z,-1.72
6706534013288847,2025-02-13T09:10:35.771Z,-338.34
6437219155436606,2025-02-13T09:58:54.771Z,109.33
4932629994846233,2025-02-13T10:12:25.771Z,762.50
3404349486560448,2025-02-13T10:33:05.771Z,941.43
6006325963724299,2025-02-13T10:50:29.771Z,254.38
3339801217806434,2025-02-13T12:03:42.771Z,-247.44
3618845513520900,2025-02-13T12:54:29.771Z,-237.82
6329931100465627,2025-02-13T15:36:25.771Z,-31.22
4234709814496996,2025-02-13T16:20:04.771Z,29.54
4932629994846233,2025-02-13T16:24:36.771Z,185.27
6018480886031697,2025-02-13T17:19:05.771Z,-662.05
3219459079118226,2025-02-13T17:19:20.771Z,-310.88
6419514998974763,2025-02-13T17:24:14.771Z,-308.39
3742992852195954,2025-02-13T17:31:16.771Z,589.31
3089689896090797,2025-02-13T18:32:02.771Z,-893.42
3663297678172224,2025-02-13T18:48:16.771Z,-556.54
6734576552114648,2025-02-13T19:57:17.771Z,-543.21
5091360375658474,2025-02-13T20:35:43.771Z,574.58
4210013133081688,2025-02-13T20:37:29.771Z,-392.55
6361000177795595,2025-02-13T21:18:29.771Z,873.51
5926759033070471,2025-02-13T22:18:56.771Z,998.58
3404349486560448,2025-02-13T22:33:06.771Z,-311.76
6734576552114648,2025-02-14T00:25:26.771Z,250.68
4024012623842318,2025-02-14T00:41:50.771Z,-693.82
4234709814496996,2025-02-14T02:01:12.771Z,-379.13
3171948530096903,2025-02-14T02:40:37.771Z,-421.57
6706534013288847,2025-02-14T02:47:06.771Z,-986.23
4235973154283559,2025-02-14T03:34:05.771Z,-589.19
4932629994846233,2025-02-14T05:25:35.771Z,-358.38
6361000177795595,2025-02-14T07:07:57.771Z,836.47
6018480886031697,2025-02-14T07:30:50.771Z,85.37
5997179980717501,2025-02-14T08:23:03.771Z,156.60
5926759033070471,2025-02-14T09:00:25.771Z,850.44
6419514998974763,2025-02-14T09:02:06.771Z,297.97
4234709814496996,2025-02-14T09:09:41.771Z,50.45
3328090600295181,2025-02-14T11:22:27.771Z,496.42
5581253985313232,2025-02-14T11:48:53.771Z,1.56
6288853716425504,2025-02-14T12:04:26.771Z,579.01
4210013133081688,2025-02-14T13:02:05.771Z,25.47
6575315976430295,2025-02-14T13:55:43.771Z,-550.36
6706534013288847,2025-02-14T15:52:31.771Z,-475.22
3589249568754350,2025-02-14T16:08:21.771Z,-524.75
5216484446506263,2025-02-14T16:08:44.771Z,-754.62
3820307659851859,2025-02-14T16:24:45.771Z,-476.91
6329931100465627,2025-02-14T16:53:30.771Z,442.46
6706534013288847,2025-02-14T17:56:22.771Z,599.36
3171948530096903,2025-02-14T18:05:07.771Z,371.72
3369832681865051,2025-02-14T18:26:05.771Z,516.24
6833412122497701,2025-02-14T18:29:09.771Z,197.57
5995696966070264,2025-02-14T18:42:36.771Z,-188.28
4726556059561949,2025-02-14T20:14:40.771Z,-67.55
6833412122497701,2025-02-14T20:43:49.771Z,-516.97
3589249568754350,2025-02-14T21:17:28.771Z,170.81
3690769043359511,2025-02-14T22:07:12.771Z,241.38
6734576552114648,2025-02-14T22:29:56.771Z,-616.69
3089689896090797,2025-02-14T22:55:47.771Z,177.69
3037393026661280,2025-02-14T23:46:03.771Z,194.16
6564109388484184,2025-02-15T00:38:30.771Z,-340.67
5618401722389028,2025-02-15T01:31:36.771Z,597.49
5618401722389028,2025-02-15T01:51:10.771Z,-564.39
5581253985313232,2025-02-15T05:50:17.771Z,-889.36
3578813208959317,2025-02-15T06:36:33.771Z,422.15
6419514998974763,2025-02-15T08:33:16.771Z,910.12
3742992852195954,2025-02-15T08:46:30.771Z,-248.62
5581253985313232,2025-02-15T08:51:40.771Z,540.92
3745155717279673,2025-02-15T09:35:51.771Z,793.15
6419514998974763,2025-02-15T10:50:13.771Z,409.30
4378233413863490,2025-02-15T12:28:08.771Z,-474.66
5705851002586967,2025-02-15T13:35:53.771Z,-718.21
3663297678172224,2025-02-15T14:00:42.771Z,611.34
6419514998974763,2025-02-15T15:05:59.771Z,259.27
3404349486560448,2025-02-15T15:07:03.771Z,-363.02
3690769043359511,2025-02-15T15:29:20.771Z,920.82
3404349486560448,2025-02-15T18:20:22.771Z,-561.81
3618845513520900,2025-02-15T20:40:47.771Z,449.89
6419514998974763,2025-02-15T22:34:08.771Z,-578.95
6437219155436606,2025-02-16T00:44:35.771Z,417.18
6706534013288847,2025-02-16T01:50:00.771Z,221.01
5609879353687978,2025-02-16T02:02:41.771Z,-172.83
4235973154283559,2025-02-16T02:38:36.771Z,-765.49
3404349486560448,2025-02-16T04:39:12.771Z,-727.94
3369832681865051,2025-02-16T06:14:30.771Z,-645.89
3089689896090797,2025-02-16T06:32:39.771Z,301.50
5816050191711854,2025-02-16T06:52:31.771Z,-395.89
4234709814496996,2025-02-16T08:08:43.771Z,-827.73
3404349486560448,2025-02-16T08:54:14.771Z,335.70
3820307659851859,2025-02-16T10:31:47.771Z,-400.13
4235973154283559,2025-02-16T10:54:11.771Z,647.48
3404349486560448,2025-02-16T11:45:39.771Z,33.38
3618845513520900,2025-02-16T11:52:57.771Z,-777.59
5091360375658474,2025-02-16T13:07:16.771Z,171.29
6218748060041639,2025-02-16T13:39:13.771Z,-370.76
3690769043359511,2025-02-16T14:34:13.771Z,-973.62
5609879353687978,2025-02-16T15:10:11.771Z,248.17
5609879353687978,2025-02-16T15:49:36.771Z,-990.12
3690769043359511,2025-02-16T16:06:37.771Z,55.11
3089689896090797,2025-02-16T16:10:54.771Z,-892.39
5581253985313232,2025-02-16T17:34:38.771Z,-253.59
6706534013288847,2025-02-16T17:37:29.771Z,463.44
6657327299602346,2025-02-16T17:46:11.771Z,-706.25
3404349486560448,2025-02-16T18:33:53.771Z,482.23
3742992852195954,2025-02-16T18:35:18.771Z,230.40
5995696966070264,2025-02-16T18:50:53.771Z,249.50
6564109388484184,2025-02-16T19:17:54.771Z,157.84
4932629994846233,2025-02-16T19:20:00.771Z,472.62
3618845513520900,2025-02-16T19:31:56.771Z,698.04
6564109388484184,2025-02-16T21:01:57.771Z,-633.22
3219459079118226,2025-02-16T23:07:14.771Z,270.82
3171948530096903,2025-02-17T00:38:00.771Z,144.81
6361000177795595,2025-02-17T02:11:33.771Z,-225.48
5926759033070471,2025-02-17T05:09:13.771Z,-201.96
5091360375658474,2025-02-17T05:10:21.771Z,893.04
3745155717279673,2025-02-17T05:41:54.771Z,-991.19
3404349486560448,2025-02-17T06:26:22.771Z,-45.61
4378233413863490,2025-02-17T06:44:04.771Z,-952.29
4378233413863490,2025-02-17T09:51:41.771Z,-983.56
3663297678172224,2025-02-17T10:10:08.771Z,242.52
4235973154283559,2025-02-17T10:11:40.771Z,-942.76
3339801217806434,2025-02-17T10:19:49.771Z,-574.39
6706534013288847,2025-02-17T11:09:24.771Z,397.73
3219459079118226,2025-02-17T11:33:20.771Z,339.11
3219459079118226,2025-02-17T12:03:19.771Z,954.76
4234709814496996,2025-02-17T12:26:39.771Z,-706.58
6419514998974763,2025-02-17T13:50:13.771Z,892.13
4378233413863490,2025-02-17T15:55:09.771Z,153.69
6472592460352496,2025-02-17T17:28:46.771Z,122.10
5997179980717501,2025-02-17T17:37:51.771Z,540.91
6833412122497701,2025-02-17T17:40:00.771Z,923.57
6218748060041639,2025-02-17T17:49:05.771Z,-271.21
6329931100465627,2025-02-17T17:54:31.771Z,871.31
4932629994846233,2025-02-17T19:11:51.771Z,-729.67
3171948530096903,2025-02-17T21:28:15.771Z,869.04
5092446914149764,2025-02-17T22:57:11.771Z,81.24
6288853716425504,2025-02-17T23:15:41.771Z,-2.86
5816050191711854,2025-02-17T23:31:30.771Z,832.92
3089689896090797,2025-02-18T02:16:48.771Z,-534.28
6706534013288847,2025-02-18T02:36:55.771Z,565.80
3369832681865051,2025-02-18T03:02:28.771Z,754.90
4932629994846233,2025-02-18T03:06:10.771Z,-493.25
4234709814496996,2025-02-18T03:08:25.771Z,482.90
6361000177795595,2025-02-18T03:29:27.771Z,-158.82
3690769043359511,2025-02-18T03:47:48.771Z,-774.26
5216484446506263,2025-02-18T04:13:41.771Z,101.50
6361000177795595,2025-02-18T05:16:27.771Z,-86.26
3618845513520900,2025-02-18T07:11:15.771Z,-221.62
6657327299602346,2025-02-18T08:17:27.771Z,266.08
5091360375658474,2025-02-18T08:25:05.771Z,-548.69
6833412122497701,2025-02-18T08:35:25.771Z,-637.19
6657327299602346,2025-02-18T08:44:26.771Z,755.42
6006325963724299,2025-02-18T10:49:48.771Z,-392.73
3324679021275326,2025-02-18T11:33:11.759Z,-827.60
3324679021275326,2025-02-18T11:33:11.759Z,-827.60
3324679021275326,2025-02-18T11:33:11.759Z,-827.60
3589249568754350,2025-02-18T12:40:23.771Z,565.87
6288853716425504,2025-02-18T12:46:57.771Z,-555.43
6734576552114648,2025-02-18T13:25:11.771Z,630.93
6437219155436606,2025-02-18T13:27:48.771Z,131.46
4024012623842318,2025-02-18T13:30:33.771Z,818.99
6833412122497701,2025-02-18T14:58:06.771Z,-38.36
6218748060041639,2025-02-18T15:08:47.771Z,962.96
3089689896090797,2025-02-18T15:10:59.771Z,459.32
5995696966070264,2025-02-18T15:15:59.771Z,195.03
6006325963724299,2025-02-18T16:21:37.771Z,-53.03
4932629994846233,2025-02-18T16:35:32.771Z,478.62
3742992852195954,2025-02-18T17:04:24.771Z,-286.62
6714744990978278,2025-02-18T17:53:37.759Z,0.29
6714744990978278,2025-02-18T17:53:37.759Z,0.29
6714744990978278,2025-02-18T17:53:37.759Z,0.29
4235973154283559,2025-02-18T17:54:13.771Z,673.29
6564109388484184,2025-02-18T18:04:15.771Z,-704.44
6218748060041639,2025-02-18T19:42:54.771Z,699.02
4024012623842318,2025-02-18T20:30:41.771Z,7.36
4235973154283559,2025-02-18T20:52:01.771Z,-109.22
6472592460352496,2025-02-18T20:54:39.771Z,-192.47
6437219155436606,2025-02-18T23:03:27.771Z,576.25
6575315976430295,2025-02-18T23:31:00.771Z,-751.85
3089689896090797,2025-02-19T03:49:01.771Z,-700.50
6018480886031697,2025-02-19T05:18:33.771Z,-891.77
6734576552114648,2025-02-19T05:40:40.771Z,57.85
4378233413863490,2025-02-19T06:44:25.771Z,762.96
3404349486560448,2025-02-19T06:50:58.771Z,7.14
6706534013288847,2025-02-19T06:55:48.771Z,401.19
5618401722389028,2025-02-19T07:45:29.771Z,421.72
5705851002586967,2025-02-19T10:48:28.771Z,-825.38
6288853716425504,2025-02-19T11:04:30.771Z,657.42
6419514998974763,2025-02-19T11:50:35.771Z,-834.60
3589249568754350,2025-02-19T14:17:41.771Z,-813.90
4024012623842318,2025-02-19T16:01:31.771Z,61.37
3690769043359511,2025-02-19T16:39:15.771Z,524.33
5618401722389028,2025-02-19T16:48:06.771Z,-904.94
6018480886031697,2025-02-19T18:11:05.771Z,55.03
4235973154283559,2025-02-19T18:49:29.771Z,889.16
6575315976430295,2025-02-19T22:10:21.771Z,322.72
5997179980717501,2025-02-19T22:35:04.771Z,258.85
3578813208959317,2025-02-20T00:28:28.771Z,363.11
6437219155436606,2025-02-20T00:35:11.771Z,-168.45
5609879353687978,2025-02-20T01:02:25.771Z,-536.45
5091360375658474,2025-02-20T01:57:20.771Z,-766.51
5926759033070471,2025-02-20T02:33:50.771Z,70.68
4932629994846233,2025-02-20T03:03:53.771Z,560.49
4210013133081688,2025-02-20T03:48:44.771Z,-635.59
3339801217806434,2025-02-20T04:25:05.771Z,903.74
5926759033070471,2025-02-20T04:29:34.771Z,-200.64
3404349486560448,2025-02-20T04:33:35.771Z,-287.18
3745155717279673,2025-02-20T04:59:30.771Z,-142.27
3745155717279673,2025-02-20T06:08:42.771Z,491.59
5091360375658474,2025-02-20T06:10:11.771Z,307.53
4726556059561949,2025-02-20T08:10:39.771Z,-581.92
4210013133081688,2025-02-20T08:27:10.771Z,265.85
5581253985313232,2025-02-20T09:31:18.771Z,647.58
3589249568754350,2025-02-20T11:02:10.771Z,338.69
4210013133081688,2025-02-20T11:05:13.771Z,606.74
5216484446506263,2025-02-20T11:41:20.771Z,-890.74
3089689896090797,2025-02-20T12:35:17.771Z,-174.90
3037393026661280,2025-02-20T13:56:55.771Z,577.32
3328090600295181,2025-02-20T14:02:36.771Z,-218.20
3690769043359511,2025-02-20T14:51:52.771Z,403.32
3369832681865051,2025-02-20T15:11:20.771Z,361.06
6657327299602346,2025-02-20T15:29:12.771Z,582.92
4378233413863490,2025-02-20T18:22:07.771Z,-225.44
6361000177795595,2025-02-20T19:41:19.771Z,-326.06
3589249568754350,2025-02-20T19:58:22.771Z,-711.76
4210013133081688,2025-02-20T21:50:38.771Z,-427.53
5997179980717501,2025-02-20T21:58:14.771Z,-738.88
3537349596978716,2025-02-21T02:28:15.771Z,936.31
6361000177795595,2025-02-21T03:48:29.771Z,-317.26
3339801217806434,2025-02-21T03:51:20.771Z,-953.78
4235973154283559,2025-02-21T04:03:54.771Z,-701.58
6437219155436606,2025-02-21T05:21:30.771Z,285.27
5216484446506263,2025-02-21T05:36:18.771Z,-506.04
5997179980717501,2025-02-21T06:21:16.771Z,14.81
5216484446506263,2025-02-21T06:30:10.771Z,931.54
6361000177795595,2025-02-21T06:33:17.771Z,-430.99
4210013133081688,2025-02-21T08:41:04.771Z,547.95
3742992852195954,2025-02-21T09:28:00.771Z,664.99
6833412122497701,2025-02-21T09:37:06.771Z,-882.69
6361000177795595,2025-02-21T10:18:01.771Z,488.60
3690769043359511,2025-02-21T10:36:33.771Z,-984.85
5816050191711854,2025-02-21T10:57:51.771Z,630.50
6734576552114648,2025-02-21T12:18:14.771Z,-950.52
3369832681865051,2025-02-21T13:38:39.771Z,470.48
5997179980717501,2025-02-21T13:55:32.771Z,955.23
3404349486560448,2025-02-21T14:15:09.771Z,223.33
5609879353687978,2025-02-21T14:18:22.771Z,-291.63
6218748060041639,2025-02-21T15:06:11.771Z,-515.13
6218748060041639,2025-02-21T15:27:42.771Z,-963.61
3089689896090797,2025-02-21T16:15:31.771Z,964.02
6218748060041639,2025-02-21T16:56:16.771Z,84.61
4726556059561949,2025-02-21T18:34:17.771Z,439.93
4210013133081688,2025-02-21T19:36:40.771Z,456.37
3328090600295181,2025-02-21T19:52:18.771Z,351.75
3745155717279673,2025-02-21T21:01:02.771Z,-340.46
4378233413863490,2025-02-21T21:24:13.771Z,820.00
5705851002586967,2025-02-21T22:23:52.771Z,-928.54
5995696966070264,2025-02-21T22:26:38.771Z,516.94
3742992852195954,2025-02-21T22:31:10.771Z,-213.81
5609879353687978,2025-02-21T23:26:04.771Z,740.64
3339801217806434,2025-02-21T23:50:07.771Z,584.53
5609879353687978,2025-02-22T00:33:19.771Z,-885.51
6564109388484184,2025-02-22T02:00:37.771Z,161.67
4210013133081688,2025-02-22T04:08:11.771Z,-132.31
3171948530096903,2025-02-22T04:18:43.771Z,833.36
4235973154283559,2025-02-22T04:45:16.771Z,348.39
3089689896090797,2025-02-22T04:47:35.771Z,-729.84
6437219155436606,2025-02-22T04:55:30.771Z,19.26
3404349486560448,2025-02-22T05:10:42.771Z,453.27
5092446914149764,2025-02-22T06:09:22.771Z,48.33
3328090600295181,2025-02-22T07:27:50.771Z,-432.74
3578813208959317,2025-02-22T07:37:33.771Z,-533.21
3369832681865051,2025-02-22T08:03:57.771Z,453.72
4932629994846233,2025-02-22T08:56:01.771Z,111.88
5216484446506263,2025-02-22T09:38:36.771Z,672.70
4932629994846233,2025-02-22T09:43:38.771Z,-213.59
3328090600295181,2025-02-22T12:19:47.771Z,-583.34
6288853716425504,2025-02-22T12:34:27.771Z,-875.74
5618401722389028,2025-02-22T13:06:31.771Z,367.79
4024012623842318,2025-02-22T13:45:19.771Z,8.67
3328090600295181,2025-02-22T14:38:02.771Z,-466.48
3171948530096903,2025-02-22T16:21:24.771Z,-75.54
3663297678172224,2025-02-22T17:38:44.771Z,-905.37
4235973154283559,2025-02-22T18:35:13.771Z,-54.94
4234709814496996,2025-02-22T18:51:52.771Z,686.38
6218748060041639,2025-02-22T19:26:48.771Z,26.77
5995696966070264,2025-02-22T19:37:41.771Z,-862.34
5816050191711854,2025-02-22T20:53:36.771Z,636.47
4378233413863490,2025-02-22T21:20:19.771Z,-594.67
4235973154283559,2025-02-22T21:21:37.771Z,271.16
6006325963724299,2025-02-22T22:27:56.771Z,-609.74
3404349486560448,2025-02-22T23:43:32.771Z,-164.03
6218748060041639,2025-02-23T03:17:27.771Z,906.65
3219459079118226,2025-02-23T04:24:44.771Z,-962.23
3328090600295181,2025-02-23T05:03:34.771Z,-320.72
6018480886031697,2025-02-23T06:14:11.771Z,814.84
6218748060041639,2025-02-23T08:10:52.771Z,-22.32
4235973154283559,2025-02-23T08:53:32.771Z,25.09
3328090600295181,2025-02-23T09:13:54.771Z,-917.12
3578813208959317,2025-02-23T09:14:33.771Z,-794.61
6706534013288847,2025-02-23T11:00:19.771Z,-49.27
3589249568754350,2025-02-23T13:10:26.771Z,98.85
3328090600295181,2025-02-23T13:41:39.771Z,-372.19
3219459079118226,2025-02-23T14:07:09.771Z,685.76
3171948530096903,2025-02-23T14:23:09.771Z,-912.21
5816050191711854,2025-02-23T14:29:29.771Z,-767.10
6361000177795595,2025-02-23T15:52:49.771Z,-561.66
6734576552114648,2025-02-23T16:57:33.771Z,24.43
5092446914149764,2025-02-23T18:52:33.771Z,362.54
6361000177795595,2025-02-23T18:52:40.771Z,533.36
3663297678172224,2025-02-23T19:19:25.771Z,-166.45
3537349596978716,2025-02-23T19:34:01.771Z,602.83
3339801217806434,2025-02-23T20:00:35.771Z,935.21
5926759033070471,2025-02-23T21:02:12.771Z,824.94
3219459079118226,2025-02-23T22:03:00.771Z,-54.55
5926759033070471,2025-02-23T22:39:09.771Z,114.80
6734576552114648,2025-02-24T00:58:10.771Z,456.50
5092446914149764,2025-02-24T01:32:34.771Z,195.62
4210013133081688,2025-02-24T04:29:46.771Z,-580.76
3339801217806434,2025-02-24T04:37:49.771Z,-818.03
6472592460352496,2025-02-24T05:13:15.771Z,755.57
3369832681865051,2025-02-24T05:59:03.771Z,-273.00
3618845513520900,2025-02-24T06:07:15.771Z,-102.14
3369832681865051,2025-02-24T07:55:36.771Z,56.39
6564109388484184,2025-02-24T08:06:10.771Z,-209.53
5995696966070264,2025-02-24T08:29:41.771Z,939.64
6575315976430295,2025-02-24T08:37:29.771Z,865.85
6437219155436606,2025-02-24T08:57:44.771Z,349.95
6361000177795595,2025-02-24T09:38:29.771Z,349.21
5092446914149764,2025-02-24T09:45:34.771Z,-854.23
6218748060041639,2025-02-24T10:15:46.771Z,-175.01
6218748060041639,2025-02-24T10:24:02.771Z,293.69
6472592460352496,2025-02-24T10:37:49.771Z,-185.14
3404349486560448,2025-02-24T11:57:46.771Z,394.32
5609879353687978,2025-02-24T14:37:14.771Z,-134.25
6833412122497701,2025-02-24T16:04:27.771Z,-681.93
5997179980717501,2025-02-24T16:27:35.771Z,-904.10
6437219155436606,2025-02-24T17:11:08.771Z,-378.88
4210013133081688,2025-02-24T17:19:49.771Z,926.45
5926759033070471,2025-02-24T18:14:45.771Z,832.42
4235973154283559,2025-02-24T18:35:01.771Z,-347.81
4024012623842318,2025-02-24T18:50:30.771Z,-756.09
3589249568754350,2025-02-24T19:34:30.771Z,-442.51
3742992852195954,2025-02-24T19:40:50.771Z,-755.32
6657327299602346,2025-02-24T20:21:07.771Z,-821.00
5995696966070264,2025-02-24T22:03:14.771Z,807.14
3219459079118226,2025-02-24T22:15:55.771Z,-129.28
6564109388484184,2025-02-24T23:39:16.771Z,509.56
4210013133081688,2025-02-24T23:46:04.771Z,53.67
3339801217806434,2025-02-25T00:36:40.771Z,907.11
6419514998974763,2025-02-25T01:01:22.771Z,-408.78
5581253985313232,2025-02-25T02:11:14.771Z,-317.00
6575315976430295,2025-02-25T03:04:18.771Z,-43.13
4378233413863490,2025-02-25T03:07:12.771Z,-452.57
5092446914149764,2025-02-25T03:33:40.771Z,139.02
3742992852195954,2025-02-25T04:36:11.771Z,-997.94
6419514998974763,2025-02-25T04:48:50.771Z,676.74
6437219155436606,2025-02-25T04:53:48.771Z,540.78
5216484446506263,2025-02-25T05:16:50.771Z,-794.64
3589249568754350,2025-02-25T05:20:56.771Z,-274.04
6006325963724299,2025-02-25T08:44:13.771Z,557.77
6006325963724299,2025-02-25T09:24:57.771Z,-622.45
3589249568754350,2025-02-25T09:40:20.771Z,-329.99
3537349596978716,2025-02-25T11:18:47.771Z,541.88
6361000177795595,2025-02-25T11:31:39.771Z,40.07
3745155717279673,2025-02-25T12:16:25.771Z,273.31
6437219155436606,2025-02-25T12:37:35.771Z,401.16
5092446914149764,2025-02-25T12:37:47.771Z,-552.34
5995696966070264,2025-02-25T12:59:47.771Z,715.63
6564109388484184,2025-02-25T13:42:25.771Z,-673.57
4235973154283559,2025-02-25T14:04:46.771Z,-828.89
3663297678172224,2025-02-25T14:17:42.771Z,742.44
4210013133081688,2025-02-25T15:08:34.771Z,606.31
3328090600295181,2025-02-25T15:25:08.771Z,-332.01
3537349596978716,2025-02-25T15:35:45.771Z,21.77
5995696966070264,2025-02-25T16:55:32.771Z,-430.41
3171948530096903,2025-02-25T17:32:51.771Z,75.73
4235973154283559,2025-02-25T18:24:11.771Z,413.82
3537349596978716,2025-02-25T18:48:58.771Z,-538.91
3089689896090797,2025-02-25T19:53:39.771Z,-920.61
6472592460352496,2025-02-25T22:04:47.771Z,-948.09
6575315976430295,2025-02-25T22:06:32.771Z,765.93
3369832681865051,2025-02-25T22:33:01.771Z,862.34
3742992852195954,2025-02-25T23:26:21.771Z,431.75
6833412122497701,2025-02-26T00:14:33.771Z,581.78
6006325963724299,2025-02-26T00:26:07.771Z,-546.88
6472592460352496,2025-02-26T00:42:23.771Z,734.13
3537349596978716,2025-02-26T01:12:01.771Z,-565.83
6734576552114648,2025-02-26T01:58:56.771Z,799.12
3589249568754350,2025-02-26T04:38:37.771Z,275.29
5609879353687978,2025-02-26T04:39:24.771Z,-388.53
6419514998974763,2025-02-26T05:37:14.771Z,-214.86
4234709814496996,2025-02-26T05:55:17.771Z,-811.82
3663297678172224,2025-02-26T07:03:12.771Z,886.99
3537349596978716,2025-02-26T07:33:05.771Z,-450.94
3089689896090797,2025-02-26T07:47:05.771Z,468.98
5581253985313232,2025-02-26T13:24:05.771Z,416.88
3618845513520900,2025-02-26T14:13:22.771Z,740.75
6833412122497701,2025-02-26T14:34:38.771Z,820.84
6361000177795595,2025-02-26T14:42:32.771Z,530.98
6218748060041639,2025-02-26T15:12:12.771Z,-328.21
5618401722389028,2025-02-26T15:23:02.771Z,546.19
6218748060041639,2025-02-26T15:41:35.771Z,-91.50
5926759033070471,2025-02-26T16:12:48.771Z,489.17
5092446914149764,2025-02-26T17:09:26.771Z,733.96
5092446914149764,2025-02-26T17:52:36.771Z,368.10
3618845513520900,2025-02-26T18:09:34.771Z,133.71
5705851002586967,2025-02-26T18:24:57.771Z,-804.82
3578813208959317,2025-02-26T18:40:45.771Z,-105.55
5581253985313232,2025-02-26T19:04:43.771Z,-265.56
6288853716425504,2025-02-27T00:16:20.771Z,-989.32
5581253985313232,2025-02-27T00:32:29.771Z,889.37
3618845513520900,2025-02-27T00:49:27.771Z,207.47
4234709814496996,2025-02-27T02:27:04.771Z,166.72
6734576552114648,2025-02-27T02:52:02.771Z,73.01
5091360375658474,2025-02-27T03:31:49.771Z,-480.94
3171948530096903,2025-02-27T03:38:45.771Z,-669.31
3404349486560448,2025-02-27T05:52:18.771Z,265.33
3578813208959317,2025-02-27T06:12:13.771Z,-496.25
6472592460352496,2025-02-27T07:02:29.771Z,-129.49
4726556059561949,2025-02-27T09:39:21.771Z,-167.72
6018480886031697,2025-02-27T10:02:56.771Z,626.26
6564109388484184,2025-02-27T10:11:13.771Z,-185.74
3578813208959317,2025-02-27T10:52:25.771Z,772.25
3690769043359511,2025-02-27T10:59:16.771Z,787.85
4932629994846233,2025-02-27T12:32:34.771Z,433.43
6288853716425504,2025-02-27T13:07:23.771Z,-410.41
6472592460352496,2025-02-27T13:28:07.771Z,-649.97
6218748060041639,2025-02-27T14:12:39.771Z,-117.40
5997179980717501,2025-02-27T15:58:58.771Z,816.58
4726556059561949,2025-02-27T16:37:39.771Z,722.74
5091360375658474,2025-02-27T16:57:12.771Z,-208.31
6419514998974763,2025-02-27T17:22:18.771Z,56.32
6288853716425504,2025-02-27T18:26:13.771Z,-204.73
5581253985313232,2025-02-27T21:41:49.771Z,673.87
5581253985313232,2025-02-27T21:49:53.771Z,607.02
6218748060041639,2025-02-27T22:04:00.771Z,728.15
6706534013288847,2025-02-27T23:18:08.771Z,257.47
5926759033070471,2025-02-28T00:32:30.771Z,944.94
6564109388484184,2025-02-28T00:45:16.771Z,-526.09
6218748060041639,2025-02-28T01:49:33.771Z,-928.58
5609879353687978,2025-02-28T02:03:45.771Z,-994.33
6472592460352496,2025-02-28T02:21:20.771Z,961.68
5092446914149764,2025-02-28T02:58:42.771Z,809.61
6329931100465627,2025-02-28T04:03:58.771Z,473.27
5216484446506263,2025-02-28T04:11:29.771Z,-274.76
3589249568754350,2025-02-28T04:25:13.771Z,888.50
6361000177795595,2025-02-28T05:06:24.771Z,728.57
4726556059561949,2025-02-28T09:04:11.771Z,-290.06
6833412122497701,2025-02-28T09:07:55.771Z,30.09
4234709814496996,2025-02-28T09:54:16.771Z,114.87
4235973154283559,2025-02-28T11:04:00.771Z,148.99
6564109388484184,2025-02-28T11:51:21.771Z,-957.15
3369832681865051,2025-02-28T12:26:54.771Z,-827.80
3328090600295181,2025-02-28T12:46:38.771Z,715.18
5618401722389028,2025-02-28T13:50:03.771Z,605.82
3589249568754350,2025-02-28T14:03:12.771Z,208.82
3589249568754350,2025-02-28T15:18:20.771Z,-802.37
3742992852195954,2025-02-28T15:48:29.771Z,-141.73
5581253985313232,2025-02-28T20:03:55.771Z,-221.01
4235973154283559,2025-02-28T20:29:14.771Z,-150.43
3404349486560448,2025-02-28T22:39:58.771Z,-147.47
6657327299602346,2025-03-01T00:29:41.771Z,-590.69
6018480886031697,2025-03-01T00:53:00.771Z,992.88
3037393026661280,2025-03-01T01:15:40.771Z,482.77
3339801217806434,2025-03-01T03:02:25.771Z,348.62
5581253985313232,2025-03-01T03:44:06.771Z,743.47
3219459079118226,2025-03-01T04:22:12.771Z,-939.81
6706534013288847,2025-03-01T06:02:30.771Z,643.03
5091360375658474,2025-03-01T06:34:46.771Z,278.73
5926759033070471,2025-03-01T06:36:57.771Z,-396.50
4234709814496996,2025-03-01T06:37:50.771Z,97.08
5926759033070471,2025-03-01T07:10:08.771Z,-921.23
6006325963724299,2025-03-01T07:44:22.771Z,-294.09
3171948530096903,2025-03-01T08:00:25.771Z,619.51
3820307659851859,2025-03-01T08:58:43.771Z,128.43
5997179980717501,2025-03-01T09:14:50.771Z,-497.33
6018480886031697,2025-03-01T09:29:30.771Z,-754.74
6564109388484184,2025-03-01T09:59:26.771Z,-182.10
3537349596978716,2025-03-01T11:22:49.771Z,-125.69
3578813208959317,2025-03-01T11:55:30.771Z,885.72
5216484446506263,2025-03-01T12:33:41.771Z,725.40
6329931100465627,2025-03-01T12:59:02.771Z,-886.00
6419514998974763,2025-03-01T13:28:00.771Z,797.50
6657327299602346,2025-03-01T14:58:18.771Z,-456.80
3339801217806434,2025-03-01T15:27:03.771Z,500.35
3328090600295181,2025-03-01T15:30:02.771Z,-555.32
6734576552114648,2025-03-01T15:32:52.771Z,-173.56
3328090600295181,2025-03-01T15:45:55.771Z,490.87
3171948530096903,2025-03-01T16:15:14.771Z,-753.33
6564109388484184,2025-03-01T17:17:44.771Z,-1.70
5816050191711854,2025-03-01T19:48:40.771Z,-49.43
3089689896090797,2025-03-01T20:44:13.771Z,316.81
6329931100465627,2025-03-01T21:51:37.771Z,618.16
3328090600295181,2025-03-01T23:41:06.771Z,-967.34
5705851002586967,2025-03-02T00:28:59.771Z,582.79
5816050191711854,2025-03-02T00:53:12.771Z,264.91
5816050191711854,2025-03-02T00:56:43.771Z,-562.72
3369832681865051,2025-03-02T01:26:22.771Z,-846.65
4932629994846233,2025-03-02T01:58:01.771Z,-420.53
4235973154283559,2025-03-02T02:14:50.771Z,214.37
3537349596978716,2025-03-02T03:28:44.771Z,-167.91
3820307659851859,2025-03-02T03:45:11.771Z,912.59
3578813208959317,2025-03-02T06:25:38.771Z,58.68
5997179980717501,2025-03-02T06:53:37.771Z,-485.64
5216484446506263,2025-03-02T07:48:57.771Z,-138.57
3089689896090797,2025-03-02T08:13:20.771Z,311.82
5705851002586967,2025-03-02T08:21:13.771Z,-468.71
6564109388484184,2025-03-02T09:27:35.771Z,-758.29
3404349486560448,2025-03-02T09:59:44.771Z,-220.87
6018480886031697,2025-03-02T12:07:36.771Z,-743.35
5997179980717501,2025-03-02T12:43:51.771Z,164.30
4024012623842318,2025-03-02T13:01:04.771Z,650.26
5816050191711854,2025-03-02T13:33:11.771Z,764.54
6218748060041639,2025-03-02T14:12:57.771Z,10.47
5926759033070471,2025-03-02T14:19:21.771Z,-787.66
4234709814496996,2025-03-02T15:33:40.771Z,-793.76
5581253985313232,2025-03-02T16:57:39.771Z,-66.84
6706534013288847,2025-03-02T17:31:46.771Z,718.28
3742992852195954,2025-03-02T17:43:34.771Z,845.93
3742992852195954,2025-03-02T17:51:20.771Z,-938.63
3690769043359511,2025-03-02T18:51:23.771Z,198.63
3618845513520900,2025-03-02T22:10:36.771Z,899.10
5997179980717501,2025-03-03T00:13:25.771Z,-404.14
5581253985313232,2025-03-03T00:20:08.771Z,-550.97
5609879353687978,2025-03-03T02:19:24.771Z,786.69
3089689896090797,2025-03-03T04:03:19.771Z,867.54
3745155717279673,2025-03-03T04:09:30.771Z,-690.94
3219459079118226,2025-03-03T04:21:42.771Z,-496.79
4378233413863490,2025-03-03T04:35:12.771Z,41.16
4932629994846233,2025-03-03T04:43:55.771Z,390.18
3171948530096903,2025-03-03T06:06:22.771Z,-331.03
4235973154283559,2025-03-03T07:07:13.771Z,-198.39
5609879353687978,2025-03-03T08:07:32.771Z,-291.12
4234709814496996,2025-03-03T08:16:52.771Z,-1.66
4378233413863490,2025-03-03T09:33:25.771Z,847.20
4234709814496996,2025-03-03T10:44:11.771Z,911.44
5092446914149764,2025-03-03T10:46:38.771Z,547.74
3089689896090797,2025-03-03T11:02:03.771Z,-175.57
5553959204036891,2025-03-03T11:08:37.759Z,649.48
5553959204036891,2025-03-03T11:08:37.759Z,649.48
5553959204036891,2025-03-03T11:08:37.759Z,649.48
3589249568754350,2025-03-03T12:46:41.771Z,-519.42
6361000177795595,2025-03-03T14:24:58.771Z,709.19
3618845513520900,2025-03-03T15:46:47.771Z,-507.20
6734576552114648,2025-03-03T18:58:46.771Z,-404.21
3745155717279673,2025-03-03T20:04:33.771Z,204.83
6018480886031697,2025-03-03T21:15:44.771Z,160.00
3037393026661280,2025-03-03T21:23:39.771Z,-51.64
5705851002586967,2025-03-03T21:32:10.771Z,413.42
3820307659851859,2025-03-03T22:46:58.771Z,269.26
6706534013288847,2025-03-03T23:57:49.771Z,225.55
3328090600295181,2025-03-04T01:35:45.771Z,-371.12
4726556059561949,2025-03-04T02:53:35.771Z,447.65
5816050191711854,2025-03-04T04:05:11.771Z,-765.79
6472592460352496,2025-03-04T05:06:53.771Z,-538.67
3037393026661280,2025-03-04T06:45:19.771Z,900.47
3404349486560448,2025-03-04T09:26:58.771Z,-663.06
6833412122497701,2025-03-04T09:32:08.771Z,206.02
3369832681865051,2025-03-04T10:18:40.771Z,218.08
4210013133081688,2025-03-04T11:26:29.771Z,-995.02
5618401722389028,2025-03-04T13:02:04.771Z,-602.30
5618401722389028,2025-03-04T14:44:21.771Z,-514.75
3089689896090797,2025-03-04T15:18:25.771Z,-28.12
4932629994846233,2025-03-04T15:32:45.771Z,-861.24
6734576552114648,2025-03-04T15:44:29.771Z,-963.03
6329931100465627,2025-03-04T16:14:35.771Z,-754.80
5997179980717501,2025-03-04T17:08:46.771Z,-301.16
6006325963724299,2025-03-04T17:22:36.771Z,773.13
5618401722389028,2025-03-04T18:32:53.771Z,64.36
5091360375658474,2025-03-04T19:34:48.771Z,-850.39
6575315976430295,2025-03-04T19:54:49.771Z,-428.02
3742992852195954,2025-03-04T21:08:34.771Z,37.64
3404349486560448,2025-03-04T21:27:07.771Z,-178.34
3820307659851859,2025-03-04T22:19:57.771Z,-566.86
3742992852195954,2025-03-04T22:56:12.771Z,684.64
3219459079118226,2025-03-05T00:19:54.771Z,-381.44
3663297678172224,2025-03-05T00:40:12.771Z,813.71
4726556059561949,2025-03-05T01:42:47.771Z,-120.17
5997179980717501,2025-03-05T02:09:57.771Z,730.55
3663297678172224,2025-03-05T03:39:27.771Z,911.48
6419514998974763,2025-03-05T04:32:40.771Z,291.81
3369832681865051,2025-03-05T04:59:26.771Z,-541.67
3328090600295181,2025-03-05T06:04:50.771Z,-846.79
3537349596978716,2025-03-05T06:11:38.771Z,79.21
5997179980717501,2025-03-05T07:11:19.771Z,-627.96
5995696966070264,2025-03-05T07:24:21.771Z,-880.28
3578813208959317,2025-03-05T07:43:58.771Z,-337.76
3618845513520900,2025-03-05T08:08:33.771Z,-755.77
3171948530096903,2025-03-05T08:26:33.771Z,-64.71
3089689896090797,2025-03-05T08:27:00.771Z,-627.75
3537349596978716,2025-03-05T08:54:46.771Z,19.07
6564109388484184,2025-03-05T09:04:23.771Z,-717.59
3089689896090797,2025-03-05T10:43:27.771Z,-755.50
4234709814496996,2025-03-05T11:31:57.771Z,900.77
5618401722389028,2025-03-05T12:09:58.771Z,339.10
4235973154283559,2025-03-05T12:16:52.771Z,582.55
3578813208959317,2025-03-05T14:43:25.771Z,-97.26
5092446914149764,2025-03-05T16:22:35.771Z,-168.13
3369832681865051,2025-03-05T16:33:31.771Z,-777.92
6329931100465627,2025-03-05T17:17:31.771Z,-889.35
3742992852195954,2025-03-05T17:30:36.771Z,331.74
4932629994846233,2025-03-05T19:09:51.771Z,-624.34
3742992852195954,2025-03-05T20:02:13.771Z,351.38
5092446914149764,2025-03-05T20:38:13.771Z,-150.25
3745155717279673,2025-03-05T20:45:54.771Z,-235.79
3589249568754350,2025-03-05T23:06:22.771Z,-326.73
3336208249795480,2025-03-05T23:41:08.759Z,-362.26
3336208249795480,2025-03-05T23:41:08.759Z,-362.26
3336208249795480,2025-03-05T23:41:08.759Z,-362.26
3219459079118226,2025-03-05T23:43:12.771Z,813.41
4024012623842318,2025-03-06T00:09:15.771Z,-778.55
5705851002586967,2025-03-06T00:48:44.771Z,252.07
3219459079118226,2025-03-06T03:05:53.771Z,-122.24
4235973154283559,2025-03-06T03:19:28.771Z,-728.32
4235973154283559,2025-03-06T03:46:29.771Z,-977.34
6564109388484184,2025-03-06T03:56:29.771Z,160.57
3589249568754350,2025-03-06T05:44:35.771Z,232.37
4235973154283559,2025-03-06T05:56:41.771Z,701.16
6437219155436606,2025-03-06T07:18:21.771Z,321.67
6575315976430295,2025-03-06T07:23:09.771Z,-168.54
3742992852195954,2025-03-06T07:48:03.771Z,349.97
3171948530096903,2025-03-06T08:42:15.771Z,565.47
3537349596978716,2025-03-06T09:03:18.771Z,-689.79
3578813208959317,2025-03-06T10:03:17.771Z,-379.16
4726556059561949,2025-03-06T11:38:04.771Z,-927.25
5216484446506263,2025-03-06T11:38:31.771Z,111.52
4726556059561949,2025-03-06T13:28:47.771Z,254.05
6218748060041639,2025-03-06T14:07:21.771Z,133.82
3037393026661280,2025-03-06T15:13:18.771Z,103.84
6419514998974763,2025-03-06T15:14:28.771Z,22.08
6361000177795595,2025-03-06T15:26:03.771Z,-793.50
5091360375658474,2025-03-06T15:34:25.771Z,-139.59
3742992852195954,2025-03-06T16:53:45.771Z,352.10
5091360375658474,2025-03-06T16:57:48.771Z,-104.36
5609879353687978,2025-03-06T17:10:55.771Z,-816.75
3663297678172224,2025-03-06T19:23:15.771Z,-64.08
3618845513520900,2025-03-06T19:24:15.771Z,-664.81
6706534013288847,2025-03-06T19:38:57.771Z,-269.38
4726556059561949,2025-03-06T21:04:09.771Z,249.11
4234709814496996,2025-03-06T22:40:28.771Z,540.33
3037393026661280,2025-03-06T22:40:49.771Z,545.31
3404349486560448,2025-03-07T00:04:18.771Z,-674.52
6218748060041639,2025-03-07T00:10:55.771Z,601.23
6018480886031697,2025-03-07T01:14:54.771Z,25.60
3742992852195954,2025-03-07T02:14:23.771Z,-720.38
5618401722389028,2025-03-07T02:30:26.771Z,-639.91
3219459079118226,2025-03-07T03:15:23.771Z,195.32
3404349486560448,2025-03-07T03:20:18.771Z,-373.46
3745155717279673,2025-03-07T03:25:39.771Z,-708.85
6472592460352496,2025-03-07T06:34:29.771Z,794.85
5091360375658474,2025-03-07T09:37:33.771Z,-765.27
4234709814496996,2025-03-07T11:36:24.771Z,319.66
3745155717279673,2025-03-07T11:59:41.771Z,836.35
6361000177795595,2025-03-07T12:04:36.771Z,-628.07
5705851002586967,2025-03-07T13:43:22.771Z,-464.27
3171948530096903,2025-03-07T14:17:07.771Z,373.04
3745155717279673,2025-03-07T14:26:29.771Z,-65.67
4378233413863490,2025-03-07T14:58:20.771Z,648.56
6706534013288847,2025-03-07T15:55:16.771Z,88.37
5618401722389028,2025-03-07T15:57:33.771Z,-507.75
3328090600295181,2025-03-07T16:03:44.771Z,-18.95
5926759033070471,2025-03-07T16:25:45.771Z,265.56
3578813208959317,2025-03-07T16:46:31.771Z,108.15
3089689896090797,2025-03-07T16:49:28.771Z,-708.74
5092446914149764,2025-03-07T16:57:55.771Z,-659.83
3618845513520900,2025-03-07T17:27:26.771Z,75.07
6006325963724299,2025-03-07T18:14:54.771Z,-104.20
5926759033070471,2025-03-07T19:23:53.771Z,-359.30
5609879353687978,2025-03-07T19:47:10.771Z,800.62
4024012623842318,2025-03-07T20:24:41.771Z,531.95
4024a12623842318,2025-03-07T20:24:41.771Z,532.95
3578813208959317,2025-03-07T21:49:31.771Z,-656.17
5609879353687978,2025-03-07T23:07:14.771Z,413.65
5091360375658474,2025-03-08T00:13:36.771Z,496.15
6564109388484184,2025-03-08T00:58:56.771Z,-657.08
5216484446506263,2025-03-08T02:07:59.771Z,-61.71
6706534013288847,2025-03-08T02:17:39.771Z,-737.44
5092446914149764,2025-03-08T02:21:18.771Z,-655.68
6734576552114648,2025-03-08T04:36:33.771Z,850.37
6472592460352496,2025-03-08T07:31:14.771Z,344.33
6218748060041639,2025-03-08T07:52:58.771Z,-102.93
6006325963724299,2025-03-08T09:29:50.771Z,734.00
3369832681865051,2025-03-08T09:48:55.771Z,764.30
3745155717279673,2025-03-08T09:55:15.771Z,43.36
3618845513520900,2025-03-08T11:14:45.771Z,-594.91
6833412122497701,2025-03-08T11:50:27.771Z,191.55
5216484446506263,2025-03-08T12:31:50.771Z,-240.72
6329931100465627,2025-03-08T13:01:09.771Z,630.16
4234709814496996,2025-03-08T13:08:39.771Z,512.11
3663297678172224,2025-03-08T13:49:26.771Z,921.15
6833412122497701,2025-03-08T15:20:48.771Z,560.03
6734576552114648,2025-03-08T15:49:42.771Z,288.76
3589249568754350,2025-03-08T17:09:45.771Z,-127.90
3339801217806434,2025-03-08T17:35:04.771Z,-233.71
6419514998974763,2025-03-08T17:49:29.771Z,35.79
6575315976430295,2025-03-08T18:23:19.771Z,817.01
5609879353687978,2025-03-08T18:55:39.771Z,-345.09
6419514998974763,2025-03-08T22:01:15.771Z,4.85
5092446914149764,2025-03-08T22:32:11.771Z,-215.00
5092446914149764,2025-03-09T00:42:05.771Z,276.87
3589249568754350,2025-03-09T01:15:43.771Z,-758.81
6218748060041639,2025-03-09T01:18:38.771Z,-474.22
4235973154283559,2025-03-09T01:23:28.771Z,-500.79
3089689896090797,2025-03-09T02:27:29.771Z,338.40
6833412122497701,2025-03-09T05:27:46.771Z,678.79
5618401722389028,2025-03-09T05:42:22.771Z,129.05
4932629994846233,2025-03-09T06:09:44.771Z,709.46
5705851002586967,2025-03-09T06:42:14.771Z,-58.03
3742992852195954,2025-03-09T07:48:44.771Z,-242.45
6361000177795595,2025-03-09T08:24:50.771Z,826.86
6288853716425504,2025-03-09T08:47:32.771Z,240.38
3690769043359511,2025-03-09T09:31:25.771Z,-735.70
3089689896090797,2025-03-09T11:14:04.771Z,276.37
4378233413863490,2025-03-09T11:41:50.771Z,-237.61
6018480886031697,2025-03-09T11:56:41.771Z,700.57
5091360375658474,2025-03-09T12:51:28.771Z,-476.30
3219459079118226,2025-03-09T13:01:20.771Z,-688.54
6706534013288847,2025-03-09T14:14:26.771Z,500.54
5995696966070264,2025-03-09T14:43:04.771Z,83.59
3820307659851859,2025-03-09T14:56:59.771Z,-955.24
3328090600295181,2025-03-09T15:39:15.771Z,-416.15
4210013133081688,2025-03-09T15:45:03.771Z,-24.22
6564109388484184,2025-03-09T17:37:37.771Z,770.42
3171948530096903,2025-03-09T19:31:45.771Z,-998.40
4235973154283559,2025-03-09T22:07:57.771Z,97.95
6329931100465627,2025-03-09T22:13:47.771Z,-480.64
3578813208959317,2025-03-09T22:19:23.771Z,-394.00
4210013133081688,2025-03-09T23:11:16.771Z,170.16
5618401722389028,2025-03-09T23:22:29.771Z,686.78
4235973154283559,2025-03-10T01:06:35.771Z,-649.82
6018480886031697,2025-03-10T01:07:46.771Z,-662.49
4210013133081688,2025-03-10T01:52:48.771Z,259.62
6329931100465627,2025-03-10T02:08:02.771Z,50.84
4024012623842318,2025-03-10T02:39:42.771Z,504.74
5609879353687978,2025-03-10T03:55:50.771Z,924.66
6006325963724299,2025-03-10T06:12:06.771Z,-62.66
5705851002586967,2025-03-10T06:21:42.771Z,-814.41
5609879353687978,2025-03-10T07:16:46.771Z,-331.39
3369832681865051,2025-03-10T08:15:59.771Z,998.84
5092446914149764,2025-03-10T08:53:13.771Z,-785.30
3589249568754350,2025-03-10T09:16:00.771Z,-108.28
6734576552114648,2025-03-10T09:25:55.771Z,-752.42
6018480886031697,2025-03-10T10:59:58.771Z,-11.02
4378233413863490,2025-03-10T12:27:12.771Z,618.27
5705851002586967,2025-03-10T14:06:25.771Z,-748.16
4210013133081688,2025-03-10T14:18:40.771Z,327.25
3578813208959317,2025-03-10T14:59:09.771Z,-721.70
4234709814496996,2025-03-10T16:35:39.771Z,-632.67
3690769043359511,2025-03-10T17:57:31.771Z,857.31
4024012623842318,2025-03-10T18:02:56.771Z,816.27
4235973154283559,2025-03-10T19:05:18.771Z,-226.21
3037393026661280,2025-03-10T19:49:17.771Z,129.49
6564109388484184,2025-03-10T20:09:01.771Z,-238.61
5926759033070471,2025-03-10T21:32:03.771Z,-181.60
3171948530096903,2025-03-10T21:51:06.771Z,-155.29
4235973154283559,2025-03-10T22:19:35.771Z,563.87
6218748060041639,2025-03-10T23:22:34.771Z,346.38
3742992852195954,2025-03-11T00:18:35.771Z,-655.89
4234709814496996,2025-03-11T00:48:25.771Z,402.98
3037393026661280,2025-03-11T01:32:39.771Z,-862.67
4726556059561949,2025-03-11T02:59:18.771Z,-113.13
6734576552114648,2025-03-11T04:11:36.771Z,-448.49
6657327299602346,2025-03-11T04:22:59.771Z,-626.92
5216484446506263,2025-03-11T04:30:50.771Z,-421.02
6218748060041639,2025-03-11T05:23:09.771Z,-856.46
5997179980717501,2025-03-11T05:27:23.771Z,-553.72
3663297678172224,2025-03-11T05:49:16.771Z,-894.35
5609879353687978,2025-03-11T06:15:14.771Z,138.78
3663297678172224,2025-03-11T06:33:39.771Z,853.38
4726556059561949,2025-03-11T06:45:14.771Z,-114.59
5705851002586967,2025-03-11T07:39:54.771Z,951.72
6706534013288847,2025-03-11T07:54:24.771Z,495.85
6657327299602346,2025-03-11T08:31:01.771Z,-905.27
4210013133081688,2025-03-11T08:52:13.771Z,361.47
3537349596978716,2025-03-11T09:28:42.771Z,863.17
4210013133081688,2025-03-11T10:43:51.771Z,-691.38
5926759033070471,2025-03-11T12:31:35.771Z,614.72
6833412122497701,2025-03-11T12:49:06.771Z,-483.68
5618401722389028,2025-03-11T13:55:39.771Z,-5.53
5618401722389028,2025-03-11T14:34:14.771Z,-315.12
4378233413863490,2025-03-11T14:41:08.771Z,265.09
5618401722389028,2025-03-11T15:45:58.771Z,-573.42
5091360375658474,2025-03-11T16:00:03.771Z,-556.99
5926759033070471,2025-03-11T16:31:17.771Z,214.53
4378233413863490,2025-03-11T16:36:34.771Z,406.82
5091360375658474,2025-03-11T17:05:42.771Z,-341.72
3589249568754350,2025-03-11T18:40:13.771Z,-267.55
6575315976430295,2025-03-11T20:09:20.771Z,387.63
6564109388484184,2025-03-11T22:29:44.771Z,603.93
6329931100465627,2025-03-12T00:16:07.771Z,567.27
6833412122497701,2025-03-12T01:16:28.771Z,524.36
3742992852195954,2025-03-12T02:24:02.771Z,-899.36
6006325963724299,2025-03-12T02:33:05.771Z,957.16
5816050191711854,2025-03-12T05:37:21.771Z,755.72
5618401722389028,2025-03-12T07:05:27.771Z,176.24
3742992852195954,2025-03-12T08:42:46.771Z,497.00
6329931100465627,2025-03-12T09:14:44.771Z,343.50
6657327299602346,2025-03-12T09:45:53.771Z,-334.29
5216484446506263,2025-03-12T11:49:22.771Z,5.65
6218748060041639,2025-03-12T12:46:52.771Z,-602.67
4235973154283559,2025-03-12T13:03:41.771Z,-839.76
3089689896090797,2025-03-12T13:47:42.771Z,646.49
5581253985313232,2025-03-12T14:00:32.771Z,-900.52
6734576552114648,2025-03-12T15:35:12.771Z,470.96
4234709814496996,2025-03-12T16:57:53.771Z,604.48
4024012623842318,2025-03-12T17:47:49.771Z,385.33
3537349596978716,2025-03-12T18:24:43.771Z,470.46
5216484446506263,2025-03-12T18:32:34.771Z,840.77
3578813208959317,2025-03-12T19:02:56.771Z,-427.09
3339801217806434,2025-03-12T19:22:09.771Z,570.05
6218748060041639,2025-03-12T21:07:26.771Z,-382.73
4726556059561949,2025-03-12T22:17:03.771Z,-667.84
3404349486560448,2025-03-12T23:14:36.771Z,21.52
3537349596978716,2025-03-12T23:55:22.771Z,620.53
6419514998974763,2025-03-13T00:21:45.771Z,-504.07
3171948530096903,2025-03-13T00:34:53.771Z,-819.32
3820307659851859,2025-03-13T00:55:38.771Z,200.40
6833412122497701,2025-03-13T01:10:42.771Z,514.17
3328090600295181,2025-03-13T01:29:08.771Z,129.96
5216484446506263,2025-03-13T02:08:16.771Z,16.67
3339801217806434,2025-03-13T02:23:35.771Z,-920.72
4932629994846233,2025-03-13T03:24:23.771Z,-286.58
6564109388484184,2025-03-13T03:40:22.771Z,277.35
5581253985313232,2025-03-13T03:46:35.771Z,-170.10
6437219155436606,2025-03-13T04:32:12.771Z,-762.43
3578813208959317,2025-03-13T04:54:45.771Z,-420.63
3171948530096903,2025-03-13T05:03:55.771Z,278.51
3745155717279673,2025-03-13T08:17:40.771Z,160.20
6472592460352496,2025-03-13T09:19:15.771Z,319.81
5997179980717501,2025-03-13T12:58:02.771Z,-392.97
3663297678172224,2025-03-13T13:33:13.771Z,-175.21
3578813208959317,2025-03-13T14:12:55.771Z,325.46
3328090600295181,2025-03-13T14:19:25.771Z,-363.59
3537349596978716,2025-03-13T14:38:16.771Z,-467.91
5995696966070264,2025-03-13T15:05:40.771Z,10.74
5092446914149764,2025-03-13T15:57:17.771Z,414.71
4024012623842318,2025-03-13T16:22:14.771Z,554.43
5091360375658474,2025-03-13T16:52:27.771Z,540.60
5216484446506263,2025-03-13T19:36:39.771Z,502.48
5705851002586967,2025-03-13T20:10:33.771Z,387.53
5091360375658474,2025-03-13T20:26:15.771Z,-413.06
3328090600295181,2025-03-13T20:55:54.771Z,639.24
3404349486560448,2025-03-13T21:13:01.771Z,-252.98
3578813208959317,2025-03-13T23:23:56.771Z,185.20
5705851002586967,2025-03-13T23:55:25.771Z,-378.14
6419514998974763,2025-03-14T00:43:55.771Z,47.98
6419514998974763,2025-03-14T03:08:41.771Z,-259.16
3618845513520900,2025-03-14T03:57:03.771Z,787.09
5091360375658474,2025-03-14T04:51:35.771Z,766.42
3339801217806434,2025-03-14T06:25:15.771Z,767.12
3037393026661280,2025-03-14T06:31:17.771Z,-348.24
6006325963724299,2025-03-14T06:37:33.771Z,-863.47
5997179980717501,2025-03-14T10:50:46.771Z,-861.75
3219459079118226,2025-03-14T11:27:27.771Z,-471.21
5553959204036891,2025-03-14T12:13:20.759Z,-470.37
5553959204036891,2025-03-14T12:13:20.759Z,-470.37
5553959204036891,2025-03-14T12:13:20.759Z,-470.37
3328090600295181,2025-03-14T12:44:46.771Z,-869.02
6734576552114648,2025-03-14T13:54:33.771Z,-549.03
6018480886031697,2025-03-14T16:29:49.771Z,803.41
5091360375658474,2025-03-14T16:45:19.771Z,-764.74
4210013133081688,2025-03-14T17:17:35.771Z,-406.48
4024012623842318,2025-03-14T17:58:28.771Z,-572.88
5609879353687978,2025-03-14T18:51:06.771Z,-364.56
3037393026661280,2025-03-14T18:52:33.771Z,224.44
4726556059561949,2025-03-14T18:55:46.771Z,-238.80
6472592460352496,2025-03-14T19:18:41.771Z,488.80
5926759033070471,2025-03-14T19:43:55.771Z,602.57
3328090600295181,2025-03-14T20:00:16.771Z,-425.65
6833412122497701,2025-03-14T21:01:52.771Z,-834.16
5816050191711854,2025-03-14T23:07:49.771Z,-592.69
5609879353687978,2025-03-14T23:49:47.771Z,634.20
6833412122497701,2025-03-14T23:50:03.771Z,-301.08
4024012623842318,2025-03-14T23:59:08.771Z,531.31
6288853716425504,2025-03-15T04:05:28.771Z,153.80
4726556059561949,2025-03-15T05:30:40.771Z,-642.73
4024012623842318,2025-03-15T06:27:35.771Z,842.96
3589249568754350,2025-03-15T06:43:20.771Z,107.20
5705851002586967,2025-03-15T07:01:02.771Z,-727.00
